Word,Frequency
想,12011
没,9673
没有,9336
爱,7254
里,6461
走,6369
不会,5998
现在,5346
兄弟,5213
想要,4839
知道,4638
听,4591
太,4140
世界,3909
说唱,3824
真的,3789
老子,3654
不想,3603
时间,3560
音乐,3509
需要,3490
一起,3412
生活,3259
不要,3207
不能,3069
一直,2975
感觉,2958
带,2957
可能,2884
已经,2881
喜欢,2881
钱,2778
像是,2717
吃,2525
看到,2433
不用,2404
永远,2378
找,2376
能够,2278
变成,2269
继续,2248
站,2240
新,2225
耍,2203
懂,2202
ى,2179
最后,2160
快,2130
每天,2099
觉得,2090
有人,2026
不再,2021
每个,2020
梦,1974
到底,1946
不到,1946
总是,1928
我会,1920
希望,1920
唱,1903
朋友,1902
问,1898
写,1896
身边,1885
笑,1875
心,1863
离开,1860
陪,1834
心里,1808
曾经,1783
路,1761
变得,1750
无法,1718
成为,1697
选择,1691
告诉,1679
相信,1669
里面,1666
未来,1639
全都,1637
保持,1635
只能,1631
一次,1619
看着,1610
穿,1607
ا,1581
喝,1565
起来,1552
不停,1540
玩,1501
哥们,1489
必须,1462
我要,1442
几个,1426
特别,1414
人生,1414
根本,1395
记得,1384
帮,1380
有点,1376
今天,1373
回到,1368
一点,1366
变,1365
过去,1356
是否,1352
一天,1344
很多,1330
眼睛,1317
跑,1300
开,1300
出现,1293
总,1290
准备,1276
留下,1270
买,1261
东西,1259
地方,1248
城市,1241
搞,1240
赚,1237
头,1236
其实,1227
也许,1223
喊,1222
故事,1221
一定,1217
努力,1215
ە,1208
慢慢,1207
歌词,1203
手,1186
住,1182
经历,1170
梦想,1170
真,1158
得到,1146
现实,1140
应该,1136
讲,1134
歌,1133
以前,1133
出,1132
晓得,1131
先,1115
发现,1113
习惯,1110
北京,1109
中国,1101
忘记,1100
早就,1099
怕,1098
声音,1097
代表,1094
身上,1092
明白,1086
面对,1084
孩子,1083
随便,1078
就让,1077
从来,1075
问题,1073
飞,1072
从来不,1066
话,1062
回忆,1055
不断,1045
灵魂,1040
快乐,1038
完,1033
生命,1031
游戏,1028
忘,1028
成功,1027
感受,1026
害怕,1019
老,1017
家,1011
肯定,1005
从不,1004
妈妈,1001
回家,1001
错,995
学会,994
掉,991
好像,991
跟着,966
不同,963
自由,958
事,955
花,949
放,949
ن,946
出品,944
睡,943
事情,940
早,938
这是,938
干,936
死,921
以后,920
送,916
م,912
名字,905
改变,900
眼泪,900
见,896
一路,896
看看,896
脸,887
身体,883
天空,881
看见,880
成都,876
孤独,874
跳,872
前,872
ل,870
换,867
找到,864
失去,863
等待,862
不在乎,850
回头,850
明天,849
机会,846
高,843
天,843
这种,841
内心,840
啥子,840
坐,839
讨厌,838
期待,838
唯一,835
再次,835
踩,831
恨,831
存在,830
越,830
装,828
绝对,824
街上,823
街头,823
进,821
打开,819
不敢,818
成,815
两个,811
逼,808
假,803
哭,802
不够,801
直接,799
听到,798
早已,797
太多,788
吹,782
最好,782
属于,781
一场,780
没得,775
只会,775
越来越,773
不止,773
反正,771
黑,767
丢,764
办法,764
怪,763
开心,761
不了,761
没人,759
躲,758
之前,757
过来,754
挂,750
遇到,749
方式,745
依然,743
痛苦,739
风,739
好多,736
太阳,733
节奏,733
总监,732
背后,729
放弃,727
说话,723
面前,719
所有人,718
感谢,718
倒,714
没法,711
手机,711
之后,708
路上,705
拥有,704
回,702
ت,702
女孩,701
电话,700
长大,696
猜,694
对手,693
享受,686
文化,685
情绪,679
ر,678
心中,677
担心,673
更加,667
整个,666
美丽,666
晚上,665
手里,657
今晚,653
再见,649
真实,648
监制,646
麦克风,646
眼神,641
伴奏,641
记住,638
爱情,638
感情,632
房间,632
演出,632
嘴,631
周围,631
د,626
酒,625
感到,624
每次,620
坏,617
双手,616
靠近,616
非常,616
眼里,616
理解,614
寻找,611
呼吸,606
愿意,606
清楚,605
爬,603
舞台,602
一步,602
勒,600
首歌,599
年轻,599
躺,599
藏,599
依旧,598
男人,598
黑暗,597
家里,596
原来,595
ۇ,595
简单,595
想起,595
烦恼,594
命运,594
雨,592
时代,591
火,591
垃圾,590
关系,589
接受,589
阳光,589
哥,587
咯,586
少,585
背,577
突然,576
脑壳,575
追,574
幸福,574
幻想,572
地下,572
ق,572
ས,572
我来,571
一句,570
终于,569
脸上,567
在乎,566
咋个,564
疯狂,563
宝贝,560
抱,559
算,559
狗,556
老板,556
危险,554
电影,554
放下,552
水,552
活,552
痛,551
赢,551
拍,551
真正,551
注定,550
是不是,550
社会,549
ئ,549
黑夜,548
上面,548
敢,547
嘴巴,546
英雄,544
小心,542
混,542
叫做,541
统筹,541
工作,541
我能,538
正在,537
实力,536
欲望,535
来到,534
哥们儿,534
决定,532
了解,531
后悔,531
力量,530
圈子,530
如今,529
无所谓,527
快点,527
风格,526
态度,526
宇宙,524
回来,524
在意,523
麻烦,523
一边,523
之间,522
再也,520
样子,519
顶,519
记忆,519
ག,518
方向,517
夜晚,515
梦里,512
夏天,512
够,510
怀疑,510
是因为,510
有时候,509
坚持,509
精神,508
命,508
道,506
此刻,506
理由,506
日子,505
拥抱,505
比赛,504
充满,504
ད,502
骄傲,500
骗,500
衣服,499
消失,499
外面,497
状态,496
娃儿,495
穿过,493
س,493
拼命,492
抱歉,492
封面,492
证明,491
敌人,490
开口,489
假装,489
画面,488
做到,488
青春,486
那种,486
确实,485
燃烧,481
注意,480
所谓,478
天上,477
歌手,477
欢迎,476
想法,476
结束,475
烂,475
夜,475
旁边,474
帅,474
味道,469
弄,469
剩,468
女人,468
ك,468
留在,467
赚钱,467
拉,467
剩下,466
ي,466
中文,465
红,464
或许,462
压力,461
熟悉,460
姑娘,459
只想,459
想象,458
带走,458
规则,457
钞票,457
爸爸,457
嫉妒,455
计划,455
经常,454
骂,453
满,452
轻松,452
网易,451
专辑,450
戴,450
沉默,449
江湖,448
学,447
太过,447
诶,447
微笑,447
容易,446
个人,446
放在,446
打破,445
马上,444
难,444
目标,443
浪费,442
上帝,442
尊重,441
空气,440
完美,440
失败,440
坐在,437
时光,436
远,436
看不到,436
难过,436
创造,436
生意,434
一片,434
到处,434
卖,434
付出,432
秘密,431
活着,430
转,430
硬,429
差,427
ང,427
悲伤,426
总会,425
点儿,424
一首,424
一半,424
一颗,423
全是,421
疯,421
美好,421
距离,421
一遍,421
公司,420
遗憾,420
重庆,420
星星,419
快要,419
冠军,419
从没,419
同样,417
灵感,417
夜里,416
车,416
冷,415
བ,415
清醒,414
一年,414
自我,413
答案,413
忙,413
傻,412
明星,412
胜利,411
偶尔,411
遇见,411
教,411
门,410
妈,408
冬天,408
没什么,407
难道,407
这场,407
过程,406
认识,406
杀,406
碰,406
从小,405
伤害,405
发生,405
风景,404
心情,403
比较,402
一段,402
间,402
一生,402
保护,402
家人,401
留,401
绝不,401
嘴里,400
押韵,400
出发,400
长沙,400
从前,399
发,398
消息,398
包括,398
目的,398
独自,397
凌晨,397
一条,397
瞬间,397
脖子,397
时刻,397
心脏,396
全世界,395
窗外,393
第一次,393
温柔,392
飞机,392
眼前,392
头发,392
承认,391
烟,391
做个,390
见到,389
张,388
听见,388
广东,388
企划,388
思念,388
穿着,387
勇敢,387
黑色,387
实现,386
累,385
耳朵,385
喝酒,384
牛,383
键盘,383
拒绝,383
伤口,382
岁,381
ᠠ,381
不愿,381
遭,381
学校,381
陷阱,381
重要,381
地球,381
使用,381
昨天,381
看不见,380
出门,380
天赋,379
一张,376
哥哥,376
潇洒,375
ب,375
任何人,373
醒来,373
不知,372
抢,372
地上,371
浪漫,371
美,371
满足,371
呆,370
加,369
钻石,369
对不起,369
想到,369
轻易,367
那天,367
低头,366
历史,365
脑海,365
摆,365
斗地主,365
天生,363
走过,363
当成,363
伤,362
双眼,360
远方,360
懒得,360
粉丝,359
当作,358
མ,358
表达,358
少年,358
脚,358
脚步,358
月亮,358
不好,358
吐,356
血,356
男孩,356
重新,355
小老虎,354
抬头,354
子弹,354
仿佛,354
一杯,353
出品人,353
最近,353
一把,353
劝,352
停,352
旋律,351
偷偷,351
撒,351
位置,351
战斗,350
正,350
多久,349
老师,349
表情,349
角落,349
意义,348
差不多,348
上海,347
思想,346
输,346
渴望,346
刚,346
画,346
理想,346
我用,346
人群,346
可惜,345
醉,345
成长,343
一辈子,343
羡慕,342
娃,342
有太多,341
抽,340
般,340
看清,340
心跳,340
一下,339
点燃,339
长,339
举起,338
ར,338
出去,338
挺,338
带上,337
道理,337
走进,337
配合,335
原谅,335
拼,335
抱怨,335
翻唱,335
照片,335
结局,335
脾气,334
翻,334
口袋,334
有没有,334
关心,334
抓住,333
沙漠,333
事儿,332
抓,332
破,332
重复,332
圈,331
天天,331
控制,331
逐渐,331
今年,331
不必,331
互相,331
一只,330
值得,330
黄金,330
岁月,329
妹儿,329
滴,328
作品,328
前进,327
终点,327
搭配,326
功夫,326
活在,326
耳机,325
ན,325
陪伴,324
停留,324
泪,324
月光,324
盯,324
پ,324
回答,324
足够,323
度过,320
脑袋,320
配,320
干嘛,319
想着,318
你好,318
莫,318
伤心,318
镜子,318
词,317
玩儿,317
身后,316
白,316
文字,316
字,315
拽,315
真心,315
进入,315
技术,314
随意,314
赶紧,314
平凡,314
红色,314
发誓,313
耳边,313
流浪,313
速度,312
白天,312
未经,312
旧,311
前方,311
鬼,311
表演,311
笑容,311
意外,310
上天,310
握,310
大脑,310
头顶,310
午夜,309
寂寞,308
刚刚,308
从未,307
陌生,307
显得,307
十年,307
最大,307
音频编辑,306
有个,306
街,306
台上,305
放心,304
几年,304
第一,304
嘞,304
原地,304
有限公司,304
歌曲,303
气氛,303
没错,303
跳舞,302
落,302
流,302
能力,302
舔,302
见面,302
这片,302
温暖,301
甩,301
坚定,300
自信,300
小时候,300
气,300
用力,299
冷漠,298
烧,298
现场,297
病,297
当初,296
و,296
许可,296
办,296
何必,296
至少,296
送给,296
惹,296
做梦,296
漂亮,295
接,295
睡觉,295
彻底,295
全,295
情歌,295
彩虹,294
网络,294
摇,294
总有,293
穿梭,293
一身,293
ز,293
面,292
翻录,292
ۈ,291
安静,291
听说,291
困难,289
出生,289
意思,289
འ,289
无奈,288
思考,288
版权,288
节目,288
男,287
ڭ,287
没人能,287
传奇,286
艺术,286
爆,286
愿,286
大哥,285
下个,285
颜色,285
带来,285
_,285
这条,285
无数,284
谎言,284
复杂,284
演,283
冰冷,283
停止,283
臭,283
停下,282
闯,282
口,282
播放,282
种,282
酒精,282
周士爵,282
答应,281
心碎,280
微信,280
后退,279
头上,279
我家,279
珍惜,279
菜,279
打个,279
乱,279
追求,278
伙,278
一口,278
刀,277
制造,277
错过,277
这帮,277
手上,277
眼,277
山,276
号,276
飘,276
大声,276
肩膀,276
走出,275
干净,275
想念,275
尝试,275
承受,275
起飞,275
拯救,274
好好,274
迷失,274
合,274
左右,273
奋斗,273
肉,272
模样,272
尽头,272
电视,271
弟弟,271
项链,271
玫瑰,271
冰,271
王,271
天使,270
向前,269
融化,269
选,269
不见,269
金,269
完成,269
质疑,269
祈祷,269
没想,268
天下,268
照亮,268
ᠡ,268
山顶,267
虚伪,267
必要,267
跪,267
勇气,267
唔,266
礼物,266
晃,266
废话,266
不该,266
低调,265
逃避,265
普通,265
经典,265
爸妈,264
信,264
天气,264
嘅,264
提醒,263
周,263
无聊,263
原因,263
逃离,263
承诺,263
汗水,262
流量,262
奇怪,262
金钱,261
太古,261
巅峰,261
牵,260
感动,259
黑白,259
着急,259
怀里,259
体会,259
挑战,259
不信,258
表现,258
伴随,258
始终,258
血液,258
街道,258
前面,258
围绕,258
可爱,258
我爱你,257
环境,257
刺激,257
留给,257
奔跑,256
偷,256
淘汰,254
饭,254
天亮,254
深夜,253
认真,253
滴答,253
海,253
散,253
有天,253
脆弱,252
不算,252
一首歌,252
嗨,252
埋,252
行走,252
疲惫,252
差距,252
无人,252
懂得,251
屌,251
隐藏,251
上班,251
锤子,251
之中,251
爸,250
神,250
遗忘,249
夕阳,249
韵脚,249
坚强,249
回去,249
孤单,248
书面,248
不让,248
钻,248
范儿,248
法老,247
怀念,247
远离,246
耀眼,246
烫,246
表面,246
一群,246
声,246
干掉,246
天才,246
信仰,245
搭,245
实在,245
脚下,245
切,245
条,245
摸,245
记录,244
本来,244
妄想,243
当时,243
下去,243
翅膀,243
挣,243
蛋糕,243
酷,243
不行,243
装进,243
三个,242
热,242
外,242
这座,242
谢谢,241
技巧,241
父母,241
小时,241
里头,241
星空,241
循环,241
苦,240
后面,240
行动,239
摇摆,238
你别,238
自然,238
甜,238
找个,238
派,238
麦克,238
不来,237
光芒,237
包,237
火焰,237
低,237
妥协,237
愿望,237
派对,236
狠,236
擦,236
放进,236
拿到,236
丛林,236
哈哈哈,236
散发,236
久,236
还好,235
瞎,235
武器,235
变化,235
笔,235
获得,235
强大,235
听众,235
面具,234
漫步,234
玻璃,234
家乡,234
永不,233
告别,233
一块,233
亲爱,233
往前,233
交给,233
温度,232
抹,232
ᠢ,232
偶像,232
和平,232
轻轻,232
工作室,232
约,232
天堂,232
我心,232
香槟,232
看起来,232
后来,232
ش,231
不配,231
写下,231
太久,231
借口,231
谈,231
评论,230
ᠨ,230
一秒,230
团队,229
早上,229
落下,229
传播,228
ᠭ,228
你家,227
不住,227
一根,227
同行,227
写歌,227
撞,226
焦虑,226
愤怒,226
手中,226
陷入,226
左,225
扒皮,225
明明,225
哭泣,225
贴,225
做好,225
道路,225
强,225
不屑,224
分开,224
语言,224
厂牌,224
有钱,224
闪电,224
影响,223
高兴,223
炸,223
空,222
目光,222
渐渐,222
链子,222
茅台,222
全部都是,221
反复,221
更好,221
传递,220
路过,220
甜蜜,220
尽情,220
拿走,220
家伙,220
对抗,220
观众,220
一堆,219
太快,219
动作,219
角色,218
最终,218
当年,218
代替,218
中间,217
超,217
到达,217
拜托,217
年代,217
俩,216
生,216
紧张,216
大海,216
货,216
喔,216
空间,216
不在意,216
吃饭,216
雾,215
面子,215
武汉,215
分享,215
空中,215
拳头,215
脏,214
天地,214
碎,214
热爱,214
权利,214
人类,214
镜头,214
受,214
毕竟,214
性格,214
保证,214
下来,213
新鲜,213
绽放,213
挣扎,213
华丽,213
不服,212
加入,212
剑,212
婆娘,212
艺术家,212
闪,212
产生,212
闹,211
人间,211
打电话,211
喝醉,211
身旁,211
沙发,211
能量,211
阻挡,211
解决,210
下雨,210
一眼,210
骑,210
划过,210
风吹,210
看不惯,209
学习,209
庆幸,209
没关系,209
土地,209
设计,209
联系,209
不曾,209
想过,209
忘掉,208
人会,208
照顾,208
坨,208
项目,208
带你去,207
挡,207
瓷,207
著作权人,207
当做,207
放松,206
失望,206
敲,206
清晨,205
演唱,205
牛班,205
幸运,205
灯光,205
闪耀,205
装满,204
差点,204
子,204
跌倒,204
社区,204
嫌,203
负责,203
录音棚,203
不像,203
欺骗,203
模糊,203
最美,203
还会,203
先生,203
废物,203
背影,203
起床,203
主角,202
亮,202
半,202
拿下,202
冒险,202
话题,202
消费,202
倒下,202
一帮,202
算是,202
当个,201
情话,201
心头,201
闪烁,201
踢,201
一面,201
酒吧,201
水平,200
多年,200
燥,200
成绩,200
穿越,200
唱歌,200
森林,199
相遇,199
胖,199
刷,199
财富,199
笑脸,199
无限,198
出手,198
背景,198
梦境,198
季节,198
迷人,198
غ,198
单纯,197
悄悄,197
视线,197
无尽,197
说出,197
千万别,197
锋利,196
依赖,196
拍子,196
寒冷,196
哒,196
碰到,196
就别,196
模仿,195
马,195
段,195
资格,195
银河,195
懒惰,195
扯,195
求,194
一脚,194
蝴蝶,194
看过,194
价值,194
讨论,194
故意,194
热血,194
千万,194
精彩,194
深渊,194
狂,193
恐惧,193
犯,193
走路,193
慢,193
公平,193
厉害,193
醒,193
门口,191
ལ,191
莫得,191
一声,191
市场,191
盛开,191
欣赏,191
房子,190
胸口,190
欠,190
辛苦,190
照样,190
抬起,189
چ,189
全场,189
流星,189
冲动,189
冷静,189
伟大,189
断,189
那年,189
猫,189
肚子,189
魔鬼,189
暴雨,188
定义,188
神秘,188
翻译,188
分不清,188
屁股,187
狼,187
收,187
这段,187
灰,187
达到,187
三年,187
战士,187
来不及,187
别来,187
成就,187
突破,187
装作,187
一点点,187
海边,186
恁,186
发光,186
下面,186
聊,186
绝望,186
向往,186
嘲笑,186
包包,186
云,185
心动,185
东北,185
饥饿,185
恋爱,185
过得,185
歌里,185
野,185
喷,185
小弟,185
曲,185
枪,185
妞,185
掀起,185
不得不,185
伪装,185
卡,184
外套,184
热情,184
砸,184
信念,184
兑现,184
规矩,184
贪婪,184
乌云,184
吸引,184
不爱,184
收获,183
旋转,183
不太,183
啤酒,183
گ,183
眼中,183
盼,183
失落,183
登上,183
锁,183
火力,183
脑子,183
一人,183
炫耀,183
致敬,182
迷茫,182
套路,182
痕迹,182
吻,182
行,182
云上,182
安排,182
情况,181
没想到,181
小孩,181
礼貌,181
固执,181
考虑,181
善良,180
世间,180
整理,180
石头,180
究竟,180
太多人,180
地狱,180
腿,180
灰色,180
多余,180
聪明,180
声明,180
爷爷,179
评价,179
这首,179
女,179
爆炸,179
胃口,179
野心,179
遥远,179
超级,178
最初,178
守护,178
早点,178
雪,178
油门,178
台下,178
丢掉,178
同学,178
落地,178
追逐,178
超过,178
催,177
往前走,177
步伐,177
关注,177
捧,177
崽儿,177
秀,177
看透,177
收到,177
伤疤,177
味,176
身影,176
次,176
在家,176
手心,176
巴黎,176
真是,176
向上,176
饿,176
队伍,175
黎明,175
刻意,175
综艺,175
一夜,175
楼下,175
别跟我,175
疼,175
分手,175
蓝色,175
偷走,174
香味,174
珍贵,174
挑,174
小丑,174
憋,173
戏,173
日夜,173
绝不会,173
闭上,173
艾热,173
ᠤ,173
鱼,172
城,172
达,172
解释,172
队,172
背上,172
思绪,171
做出,171
紧,171
出口,171
瞳孔,171
开着,171
迷雾,171
四个,171
一刻,171
麦,171
背着,171
冲破,171
对面,171
后期,171
做人,170
熄灭,170
憧憬,170
漫长,170
练,170
咖啡,170
杀死,170
提,170
皆,170
用心,170
飞行,170
烦,169
网上,169
手指,169
点亮,169
相互,169
迎接,169
形容,168
响起,168
人民,168
音响,168
策划,168
热狗,168
吼,168
纯粹,168
唱片,168
安慰,168
短暂,168
恭喜,168
惨,167
儿子,167
影子,167
独特,167
糟糕,167
重,167
全国,167
废,167
世上,167
皮,167
提高,167
碎片,166
西,166
点头,166
营销,166
奢侈品,166
代价,166
屁,166
收起,166
信号,166
没空,166
坠落,166
现金,165
晚安,165
升起,165
灯,165
不靠,165
一圈,165
优雅,165
浪,165
泪水,165
裤子,164
要求,164
心底,164
麻木,164
漂移,164
生存,164
叛逆,164
瞄准,164
黑怕,164
欺负,164
卷,164
不可,164
今夜,164
加上,164
利益,164
吹牛,164
确定,164
亲手,164
握紧,164
当下,163
火车,163
采样,163
盖,163
不错,163
未知,163
超越,163
前行,163
适合,163
责任,163
名,163
迟早,162
夜空,162
成熟,162
下次,162
皮肤,162
鼓励,162
高度,162
受够了,162
休息,162
提起,162
急,162
一次次,162
执着,162
啷,161
风雨,161
轨迹,161
爽,161
魔,161
导演,161
听不懂,161
帅哥,161
日落,161
抄,161
场,161
昨晚,161
转身,161
夸,161
来临,161
有种,160
酒杯,160
没用,160
睡不着,160
流淌,160
失眠,160
狼狈,160
做事,160
流泪,159
对白,159
总在,159
倔强,159
接近,159
亲吻,159
搞定,159
放肆,159
依靠,159
场景,159
上演,159
徘徊,159
滚,158
ۆ,158
剧情,158
犹豫,158
未,158
刮,158
诱惑,158
真相,158
钱包,158
朋友圈,158
意见,158
龙,158
神经,158
全身,158
人能,158
拜拜,158
纠结,157
算了,157
年纪,157
说好,157
插,157
印象,157
底线,157
扔,157
钥匙,157
思维,157
攻击,157
体验,157
难受,156
扎,156
信任,156
妹妹,156
奇迹,156
才华,156
扒,156
丑,155
星球,155
换来,155
周延,155
说真的,155
毕业,155
母亲,155
跟风,155
教会,155
为啥,155
床上,155
平静,155
好看,155
娱乐,155
一道,155
一座,154
尊严,154
坠入,154
人心,154
新疆,154
完全,154
底层,154
风暴,154
贵,154
摆脱,154
前辈,153
大地,153
入睡,153
妹子,153
讲话,153
球,153
歪,153
颠倒,153
传说,153
运气,153
没见,153
参加,153
缺,153
日出,152
难以,152
正义,152
走向,152
动物,152
娃娃,152
驾,152
这辈子,152
听听,152
自私,152
烟雾,152
吊,152
嘴角,152
塞满,151
兜里,151
黄旭,151
争吵,151
压抑,151
堆,151
数字,151
搓,151
委屈,151
枷锁,151
碗,151
年少,151
浮现,150
治愈,150
阻止,150
线,150
救,150
淹没,150
走到,150
生气,150
版,150
换成,150
飞到,150
凶,150
一个个,149
摔,149
踏上,149
悬崖,149
白色,149
敬,149
保佑,149
以太,149
加油,149
鼓点,149
蹭,149
父亲,149
换个,149
考验,149
资本,149
无助,149
抛弃,149
收拾,149
看不起,149
右,148
米,148
厌倦,148
长得,148
根,148
牌,148
慌,148
堕落,148
戴上,148
眼光,148
无情,148
大部分,148
占,147
雾都,147
过后,147
绕,147
姿态,147
提前,147
嗦,147
块,147
高级,147
大多数,147
劳资,147
道歉,147
创作,147
滚烫,147
帮助,147
见证,147
加速,147
极限,146
飞过,146
尖叫,146
暴力,146
杯,146
深,146
背叛,146
问问,146
이,146
舞蹈,146
桌上,146
三分,146
只不过,146
持续,146
左手,146
叼,146
万,146
挣脱,146
清,146
允许,146
制作,146
安全,145
落叶,145
拖,145
即将,145
受伤,145
团结,145
宝藏,145
等于,144
心思,144
刚好,144
布满,144
感叹,144
泡,144
赌,144
誓言,144
束缚,144
我别,144
其他人,144
早晚,144
漂泊,144
舒服,143
滋味,143
惊喜,143
生来,143
透过,143
家庭,143
征服,143
恶魔,143
魅力,143
野兽,143
看不清,143
到位,143
闭嘴,143
渣,143
捏,142
辣,142
可怜,142
专注,142
身份,142
ھ,142
毁灭,142
释放,142
掌握,142
穷,142
海里,142
荣耀,142
扛,141
处理,141
工程,141
副,141
祝福,141
辜负,141
行李,141
底,141
驾驭,141
别怕,141
星辰,141
黄昏,141
情感,141
目的地,141
行业,141
脱,141
地面,141
一无所有,141
廉价,141
棒,141
清澈,141
破碎,141
狂欢,141
挤,140
无知,140
解开,140
起点,140
乐队,140
饶舌,140
死亡,140
不准,140
别忘了,140
过往,140
上升,140
开启,140
两年,140
蹦,140
搭理,140
降落,140
不少,140
该死,139
忍受,139
ᠳ,139
化作,139
屋头,139
背包,139
逛,139
胃,139
搬,139
卖力,139
豁,139
清晰,139
定,139
格局,139
优秀,139
出人头地,139
力气,139
笑话,139
有着,138
ᠦ,138
挫折,138
一份,138
打击,138
引起,138
包装,138
本事,137
呦,137
调整,137
点缀,137
推广,137
全新,137
歌唱,137
买个,137
时常,137
外表,137
放手,137
无数次,137
想想,137
山上,136
塞进,136
一瞬间,136
拿出,136
吵架,136
药,136
却是,136
树,136
挥霍,136
覆盖,136
顺便,136
统治,136
整,136
进步,135
我們,135
相同,135
随风,135
童年,135
撑,135
把手,135
姐姐,135
海洋,135
占领,135
残酷,135
爱人,134
言语,134
干杯,134
喉咙,134
不好意思,134
比起,134
几次,134
便宜,134
牵挂,134
开个,134
系,134
怂,134
谢帝,134
搂,134
地图,134
吾,134
ᠬ,133
山河,133
跨,133
皇冠,133
归来,133
地盘,133
不安,133
祝,133
一切都是,133
夜店,133
抱紧,133
动,133
美国,133
懦弱,133
副歌,133
别想,133
封闭,132
不吃,132
离别,132
抽烟,132
意识,132
鲜花,132
相,132
看似,132
上学,132
音,132
摘下,132
回应,132
光线,132
不去,132
认为,132
忠诚,132
不知不觉,131
哗啦啦,131
张开,131
屏幕,131
富有,131
打败,131
书,131
劲,131
行为,131
反应,131
辉煌,131
推,131
克特,131
金子,131
导致,131
错误,131
自卑,131
楼,130
便,130
抵抗,130
相爱,130
忘不掉,130
香,130
押,130
回合,130
主动,130
周末,130
腔调,130
说实话,130
往事,130
筹码,130
耐心,130
探索,129
虚假,129
嚼,129
直,129
小朋友,129
那一刻,129
挨,129
兴奋,129
妳,129
低谷,129
度,129
睡醒,129
花钱,129
爱上,129
介绍,129
焦点,129
中心,129
右手,129
一路上,129
跨过,129
默默,129
视频,129
守,128
出场,128
ᠷ,128
过客,128
偏执,128
纯正,128
隔壁,128
人声,128
颗,128
我活,128
边缘,128
威胁,128
不出,128
杀手,128
大雨,128
最高,128
旅行,128
动力,128
睡着,128
音符,127
东方,127
猜不透,127
这份,127
平时,127
湘江,127
乌鸦,127
带劲,127
下午,127
流行,127
真话,127
捡,127
巡演,127
佬,127
指尖,127
兴趣,127
内容,127
沙滩,127
基本,127
十个,127
不起,127
头衔,126
པ,126
나,126
撒子,126
秋天,126
来看,126
把握,126
不爽,126
杨,126
尴尬,126
车子,126
漫天,126
骨头,126
土,126
听懂,126
一部,126
带给,126
战胜,126
第一个,126
浑身,126
没到,126
上头,126
墨镜,125
漆黑,125
身处,125
攥,125
春天,125
原唱,125
杨和苏,125
暂时,125
爱过,125
啰嗦,125
离去,125
心灵,125
咬,125
荆棘,125
障碍,125
打扮,124
谎话,124
舞步,124
缠绕,124
路口,124
仰望,124
一位,124
剧本,124
是非,124
帽子,124
几天,124
永恒,124
拉开,124
晚,124
骗子,124
注视,124
走开,124
纸,124
听不见,123
摇晃,123
误会,123
遍,123
拼了命,123
围着,123
好奇,123
折磨,123
关掉,123
视野,123
外头,123
庆祝,123
喜剧,123
花朵,123
耶,123
舞团,122
斗,122
响,122
词曲,122
似乎,122
祖国,122
四处,122
那片,122
微博,122
谢,122
霓虹,122
电,122
退后,122
眼看,122
擅长,122
大不了,122
乖乖,122
阻碍,122
软弱,122
复制,122
倒影,122
后背,122
宜家,121
跳进,121
一块儿,121
只在乎,121
鸟,121
灭,121
逗,121
玩具,121
标准,121
咩,121
顶级,121
朦胧,121
真诚,121
被迫,121
别个,121
路子,121
雨水,121
顶端,121
弯,121
交流,121
人物,121
人性,121
编辑,121
隔,120
拿来,120
刘聪,120
呐,120
越过,120
回不去,120
去年,120
脉搏,120
太空,120
戳,120
交易,120
靠着,120
难免,120
冷酷,120
平庸,120
降临,120
没事,120
台,120
到来,119
千里,119
肆意,119
等候,119
事业,119
不经意,119
沉睡,119
不变,119
塞,119
念,119
没人会,119
将来,119
铁,119
总有一天,119
建议,119
心态,119
开玩笑,119
无数个,119
真理,119
期盼,119
洗,119
战争,119
抢走,119
座,119
氛围,119
瓜,119
同一个,118
男子汉,118
洒,118
叫醒,118
开车,118
中指,118
看好,118
翻过,118
种子,118
抄袭,118
共同,118
全力,118
偏偏,118
计较,118
路边,118
ې,117
披上,117
近,117
玩笑,117
盘旋,117
枯萎,117
万里,117
口气,117
看得见,117
打着,117
一束,117
一轮,117
边上,117
加点,117
爱好,117
单身,117
跑车,117
痛快,117
倒退,117
合作,117
奔,117
万物,117
音量,117
拜,117
屎,117
口味,117
师,116
别问,116
充斥,116
牛肉,116
底下,116
好运,116
进行,116
人才,116
战场,116
那条,116
猎物,116
最佳,116
可笑,116
逍遥,115
ཁ,115
门外,115
默契,115
卸下,115
整天,115
无力,115
年轻人,115
放大,115
顾虑,115
句,115
出卖,115
一口气,115
排,115
名利,115
无处,114
只为,114
地铁,114
填满,114
集团,114
重生,114
颤抖,114
通往,114
背靠背,114
好久,114
闭上眼睛,114
渺小,114
离不开,114
刺,114
对错,114
赢得,114
街边,114
无需,114
三点,114
走走,114
灿烂,114
富贵,114
大街,114
肩上,114
广州,114
竟然,114
沾,114
冲出,113
汗,113
物质,113
挖,113
飞天,113
似,113
未曾,113
烟火,113
社交,113
韬,113
老天,113
标签,113
窒息,113
解脱,113
打算,113
初心,113
热度,113
操作,113
亿,113
最强,113
品味,113
统统,113
退,113
活得,113
位,113
口中,113
帅气,113
光明,113
发展,113
双脚,113
记,113
挂满,113
双,112
跳动,112
口水,112
收集,112
律动,112
刘佳,112
陈令,112
包围,112
抛开,112
忧伤,112
酸,112
邂逅,112
西装,112
噢,112
小人,112
排队,112
我该,112
发出,112
美女,112
身价,112
放开,112
东南西北,112
只用,112
游,112
爱意,111
可乐,111
说起,111
失控,111
蚂蚁,111
迷路,111
味儿,111
放慢,111
安全感,111
坑,111
愁,111
摩托,111
终将,111
接下来,111
抛,111
暴风雨,111
噩梦,111
研究,111
脱离,111
走来,111
鞋,111
没能,110
芳草地,110
新闻,110
被窝,110
哪来,110
书写,110
只好,110
调,110
生日,110
抓紧,110
稳,110
摧毁,110
遍地,110
通通,110
墙,110
一代,110
东风,109
惆怅,109
大人,109
传来,109
偏见,109
帅到,109
树叶,109
ᠯ,109
支持,109
加班,109
找回,109
打扰,109
洞,109
說,109
麻痹,109
轮到,109
赶快,109
老虎,109
高楼,109
天真,109
手段,109
审判,109
堵,109
遍布,109
角度,109
宝石,108
花园,108
手表,108
偏,108
击败,108
几句,108
尘埃,108
耍耍,108
ü,108
ۋ,108
玩家,108
伙计,108
旅途,108
魂,108
毁,108
理,108
平淡,108
来回,108
王者,108
压,108
掩盖,108
品尝,108
仔细,108
勾勒,108
太大,108
两,108
八个,108
好听,108
年龄,108
一双,107
枕头,107
西部,107
伙伴,107
露出,107
江山,107
可怕,107
旅程,107
绑架,107
星,107
毒药,107
散落,107
大多,107
哈尔滨,107
要说,107
密码,107
掩饰,107
居然,107
天黑,107
病毒,107
展现,107
尼,107
杯酒,107
议论,107
中华,107
环绕,107
过于,107
上瘾,107
造型,107
色彩,107
西安,107
拆,107
行囊,106
不肯,106
窗户,106
旗帜,106
滴滴,106
一瓶,106
炙热,106
我点,106
镶,106
拥挤,106
猛,106
透,106
晕,106
鸡,106
主宰,106
数不清,106
掌控,106
装备,106
健康,106
风浪,106
发呆,106
抗拒,105
戒指,105
舍得,105
迟到,105
闭眼,105
卑微,105
光亮,105
美梦,105
虔诚,105
睁,105
再也不会,105
天津,105
浦西,105
限制,105
身,105
散步,105
忍不住,105
教育,105
仔,105
关,105
赛道,105
尽全力,105
星河,105
幺,105
邻居,105
看哈,105
美妙,105
列车,105
长江,105
如果说,104
茶,104
保险,104
读,104
难得,104
天涯,104
改编,104
ᠪ,104
幼稚,104
著,104
主流,104
五年,104
仇恨,104
信命,104
一丝,104
透明,104
几遍,104
繁华,104
数,104
罪,104
组合,104
学着,103
诉说,103
兄弟姐妹,103
坚硬,103
占据,103
飓风,103
唤醒,103
电脑,103
草,103
一套,103
左边,103
即兴,103
油,103
通宵,103
套,103
通,103
很少,103
干脆,103
理会,103
荒唐,103
闪躲,103
合同,103
融入,103
板,103
去过,103
遭遇,103
夹,102
音轨,102
呐喊,102
蜕变,102
指导,102
布瑞吉,102
一站,102
终究,102
红尘,102
试图,102
重来,102
肮脏,102
蠕动,102
时而,102
吵,102
世俗,102
进化,102
厕所,102
满意,102
精力,102
意志,102
致命,102
回归,102
牌子,102
练习,102
空虚,102
气味,102
纪念,102
处,102
命中注定,102
样,102
大概,102
一碗,102
奔波,102
酒店,102
恼火,101
北,101
北方,101
毛病,101
陈,101
吃饱,101
商业,101
逃,101
糖果,101
榜样,101
贫穷,101
数据,101
作业,101
法拉利,101
扮演,101
诋毁,101
世纪,101
没理由,101
想来,101
封面设计,101
心事,101
混蛋,101
眼眸,101
全开,100
独立,100
比比,100
故乡,100
魔力,100
拼凑,100
奶奶,100
一分钟,100
呛,100
立正,100
心上,100
把戏,100
消遣,100
爆发,100
悲剧,100
罪恶,100
明显,100
发抖,100
伤痛,100
香水,100
想不到,100
坚信,100
从无到有,100
难题,100
录,100
展示,100
赞,100
放到,100
一副,100
投降,99
拨开,99
跟随,99
挑衅,99
地点,99
杭州,99
美酒,99
嘴边,99
残忍,99
完整,99
어,99
지,99
金色,99
匹配,99
方法,99
包袱,99
火箭,99
咗,99
入,99
不当,99
头脑,99
起舞,99
暂停,99
判断,99
光阴,99
五个,99
地位,99
歌迷,99
早安,99
节拍,99
舞,98
聊天,98
东,98
包容,98
霸占,98
钢铁,98
猜测,98
碰撞,98
蓝天,98
沉淀,98
伤感,98
依偎,98
苦难,98
晴天,98
绿色,98
牵着,98
怀抱,98
刺眼,98
南京,98
倒数,98
抬,98
难度,98
张嘴,98
践踏,98
说谎,98
人人,98
指引,98
认,98
浪费时间,98
云层,98
敷衍,98
条路,98
加快,98
上路,98
胆怯,98
毫无,98
很大,97
才高八斗,97
云彩,97
麻,97
美的,97
草原,97
盛宇,97
这杯,97
雪花,97
繁星,97
妹,97
公主,97
青年,97
煮,97
一件,97
这点,97
祸,97
版图,97
矛盾,97
定格,97
钢琴,97
司机,97
安心,97
桌子,97
腰,97
解药,96
交替,96
一支,96
读书,96
路灯,96
艺人,96
船,96
烈火,96
负,96
好生,96
道德,96
徐培霖,96
懂事,96
劈,96
登顶,96
炫,96
之外,96
坎坷,96
拍手,96
银行,96
名气,96
媒体,96
昂贵,96
抖音,96
擦干,96
专属,96
赛跑,96
走上,96
推开,96
请别,95
认输,95
警告,95
忍耐,95
招数,95
浮躁,95
河流,95
法则,95
非要,95
关上,95
勇往直前,95
转转,95
往后,95
脸颊,95
放不下,95
紧紧,95
伴,95
屋里,95
大胆,95
深陷,95
糖,95
倾听,95
划破,95
细节,95
燃起,95
球鞋,95
令,95
无关,95
弹,95
争夺,95
闹钟,94
抽屉,94
几点,94
不理,94
妒忌,94
快递,94
忏悔,94
阴霾,94
迎着,94
谈论,94
爱是,94
匆匆,94
忽然,94
不满,94
鼓,94
加大,94
触碰,94
用尽,94
忽略,94
上台,94
瞅,94
外卖,94
闻到,94
攀比,94
荣誉,94
气息,94
发疯,94
有趣,94
胸膛,94
黄皮肤,94
看不懂,94
扎根,93
无畏,93
憨,93
过年,93
一拳,93
免费,93
小子,93
卡地亚,93
多想,93
问候,93
困惑,93
海底,93
半夜,93
飞翔,93
抓不住,93
明月,93
一笔,93
亲,93
北上,93
扫,93
新人,93
坏人,93
胡闹,93
犯错,93
指望,93
泥土,93
救赎,93
笨,93
不留,93
进去,93
弟,93
手腕,93
只管,93
漩涡,93
熬,93
干着急,93
脸庞,92
蜡烛,92
帮派,92
无敌,92
洒脱,92
跟上,92
灰尘,92
争议,92
反抗,92
舞池,92
国家,92
任务,92
躲避,92
说不出,92
铺,92
信息,92
远处,92
赋予,92
飞快,92
放纵,92
西北,92
云朵,92
伸出,92
星座,92
北门,92
落泪,92
丢失,91
智慧,91
路途,91
血脉,91
分离,91
造成,91
暧昧,91
下手,91
知己,91
趴,91
心甘情愿,91
眼角,91
早餐,91
牵手,91
一百,91
绑,91
潮流,91
游荡,91
约定,91
凋零,91
看清楚,91
体面,91
之上,91
向前走,91
童话,91
当面,91
撕碎,91
缘分,91
蹲,91
那吾克热,90
区别,90
吉他,90
对话,90
软,90
混乱,90
废墟,90
片段,90
害羞,90
出息,90
原本,90
黄色,90
带刺,90
迷恋,90
往往,90
放着,90
好久不见,90
ཕ,90
拐子,90
四季,90
给予,90
少数,90
分钟,90
忘不了,90
埋葬,90
窗,90
时空,90
记号,90
计算,90
趟,90
简直,90
低着头,90
沉重,90
畏惧,90
剪,90
录歌,90
终结,90
演戏,90
好似,90
话语,90
打碎,89
炒,89
当中,89
墙上,89
喜怒哀乐,89
几爷子,89
老汉,89
杯子,89
颠覆,89
防备,89
天边,89
黄,89
诗人,89
傲慢,89
未必,89
号码,89
出名,89
付出代价,89
装着,89
个性,89
疯子,89
说明,89
外婆,89
接触,89
深处,89
写给,89
喧嚣,88
诞生,88
爷,88
翻开,88
足迹,88
暴躁,88
掐,88
想像,88
私信,88
举杯,88
四海,88
楼顶,88
宝剑,88
反,88
觉,88
把酒,88
片刻,88
轮回,88
光环,88
丑陋,88
飞得,88
清理,88
滑稽,88
总能,88
方言,88
流下,88
少爷,88
纹,88
出路,88
虚,88
退路,88
良心,88
聆听,87
苏,87
糊涂,87
改,87
开头,87
球场,87
野火,87
疑问,87
一会儿,87
留住,87
人世间,87
集结,87
烈酒,87
蔓延,87
劲儿,87
太少,87
复明,87
掏出,87
唯,87
崩溃,87
淡定,87
见识,87
歌声,87
肉体,87
比个,87
满嘴,87
星光,87
懵,87
一顿,87
王子,87
试着,87
撕,87
知,87
个头,87
平安,87
奴隶,87
骨气,87
国王,87
认可,86
手势,86
月球,86
圈套,86
亏,86
沼泽,86
票子,86
闭上眼,86
颓废,86
无比,86
深刻,86
捅,86
忙碌,86
克,86
心疼,86
阿妹,86
房,86
感,86
轨道,86
再来,86
泡沫,86
伤痕,86
挣钱,86
同个,86
搞不懂,86
神仙,86
莲花,86
理智,86
战役,86
建立,86
级,86
没变,86
老鼠,86
海浪,86
宝宝,85
参与,85
日月,85
赶走,85
扭曲,85
升级,85
举,85
风筝,85
陌生人,85
日记,85
老婆,85
摇曳,85
香烟,85
民族,85
踏,85
转动,85
传,85
白云,85
董,85
宝贵,85
光光,85
宿命,85
气质,85
敏感,85
接力,85
发现自己,85
掏,85
口罩,85
很快,85
懒,85
辗转反侧,85
鼻子,85
留恋,84
期望,84
红旗,84
养,84
晚餐,84
正好,84
爱上你,84
摩擦,84
贱,84
啃,84
姐妹,84
带到,84
ཡ,84
好人,84
出没,84
揣,84
來,84
猴,84
咔,84
流眼泪,84
弱者,84
手臂,84
疆要,84
做点,84
霾,84
喘,84
魔法,84
纽约,84
傀儡,84
瘦,84
膨胀,84
模式,84
嚣张,84
汤,84
领域,84
本领,84
个个,84
女友,84
弥漫,84
惩罚,84
人民币,84
避免,84
使命,84
伸手,84
肺,84
别怪,84
革命,84
对号入座,84
轮,84
录音,84
往上走,84
刻,83
轻,83
跟我走,83
小伙子,83
视觉,83
白手起家,83
藏不住,83
南方,83
笨蛋,83
每晚,83
孙,83
毛,83
一层,83
赞美,83
赚点,83
颠簸,83
凋谢,83
账户,83
余生,83
台湾,83
纠缠,83
分清,83
合肥,83
揭开,83
缓慢,83
编写,83
客,83
烦人,83
纹身,83
莫名,83
没钱,83
记载,83
后头,83
义气,83
鲜血,83
性感,83
扬起,83
机场,83
咽下,83
舌头,83
得意,83
熟,83
频道,83
我怕,83
解放,83
花儿,83
高空,83
不下,83
哄,83
马力,82
谱写,82
放过,82
小人物,82
不说,82
逮到,82
紧握,82
妆,82
招,82
营养,82
安,82
烟花,82
苦涩,82
掩埋,82
今后,82
签,82
浮夸,82
稍,82
疯癫,82
走起,82
梦见,82
利用,82
脚底,82
逃跑,82
回想,82
世人,82
小娃儿,82
比喻,82
维持,82
巨大,82
冲刷,82
看法,82
猪,82
地板,82
作对,82
嫌弃,81
吃掉,81
几张,81
傍晚,81
混迹,81
讲道理,81
安逸,81
怪物,81
雨滴,81
许下,81
疑惑,81
雨天,81
钱生,81
伤悲,81
催促,81
包裹,81
贵阳,81
女朋友,81
这才,81
种梦,81
诗,81
讽刺,81
老爸,81
家门口,81
收入,81
部队,81
洗礼,81
缠绵,81
大事,81
半天,81
甘心,81
消极,81
雷,81
统一,81
好比,81
窝,81
结婚,81
停歇,81
叻,81
吞噬,81
都还没,80
坐上,80
面孔,80
稍息,80
彩色,80
ᠰ,80
抚平,80
捍卫,80
好坏,80
不通,80
情,80
极端,80
鲨鱼,80
常常,80
河南,80
因果,80
形式,80
满分,80
煎熬,80
脚印,80
沉浸,80
走心,80
力,80
字典,80
前程,80
逮,80
聚光灯,80
忧愁,80
蓝图,80
中央,80
换上,80
圆,80
遮住,80
披,80
八卦,80
深夜里,79
底牌,79
打听,79
创意,79
肆无忌惮,79
晚风,79
铺满,79
把头,79
舞动,79
誓,79
慢慢来,79
一会,79
一滴,79
一不小心,79
褪,79
身材,79
肌肉,79
亲人,79
拍照,79
明,79
同意,79
江边,79
编排,79
坐下,79
兜,79
演奏,79
他会,79
龙头,79
敌,79
实话,79
波浪,79
它会,79
战队,79
混音,79
不甘,79
泛滥,79
活该,79
相片,78
杨天,78
恰恰,78
睁开眼,78
扫光,78
自由自在,78
大道,78
瓶,78
着迷,78
说完,78
流过,78
迷宫,78
仍然,78
艰难,78
转眼,78
义无反顾,78
徐帅,78
寄托,78
书包,78
修炼,78
背负,78
掰,78
土壤,78
大众,78
西边,78
起伏,78
经验,78
昂,78
老人,78
凑,78
集体,78
裹,78
咆哮,78
奔驰,78
宿醉,78
特,78
白日梦,78
指,78
之下,78
四面八方,78
一席之地,78
太小,78
店,78
前路,78
富,78
无视,78
斩,78
今朝,77
舍不得,77
永远都是,77
喝彩,77
睁开,77
买不起,77
情不自禁,77
禁锢,77
队友,77
精心,77
超人,77
跨越,77
算不算,77
心爱,77
眷顾,77
输赢,77
伴着,77
飞蛾,77
脏话,77
归宿,77
에,77
钻进,77
嚯,77
化成,77
晚霞,77
相对,77
疲倦,77
亏欠,77
冲击,77
发力,77
蛮,77
得不到,77
组成,77
桥,77
拼搏,77
嘴脸,77
愈合,77
回报,77
腐烂,77
斟酌,77
瓶颈,77
航班,77
接到,77
快速,77
仙,77
交,77
疫情,76
打包,76
金项链,76
尝,76
甘愿,76
范思雨,76
赵,76
收敛,76
贵州,76
触摸,76
一头,76
将军,76
大风,76
摇摇,76
健将,76
正常,76
被子,76
哦哦哦,76
斑驳,76
说些,76
四川,76
做成,76
亲戚,76
跳出,76
增加,76
第二,76
关键,76
眉头,76
轰炸,76
铭记,76
全球,76
庇护,76
受不了,76
作,76
夺走,76
抖,76
崩塌,76
否定,76
福克斯,76
投入,76
成名,76
褪色,76
不服气,75
李,75
还给,75
澎湃,75
卡斯,75
公园,75
惊讶,75
疤,75
满身,75
高处,75
掌声,75
法,75
城堡,75
磨平,75
沸腾,75
脸红,75
ཚ,75
广顺,75
配置,75
放屁,75
疼痛,75
赤裸,75
摔倒,75
穿透,75
很难,75
群,75
造就,75
泥泞,75
只配,75
困境,75
无能为力,75
联盟,75
尿,75
揽,75
五指山,75
强烈,75
嘻哈,75
夏日,75
贰,75
收回,75
学生,75
怒,75
皮囊,74
需,74
扣,74
色,74
合唱,74
打架,74
超哥,74
图,74
儿时,74
巧克力,74
活死人,74
大学,74
暗号,74
捷径,74
上场,74
抚摸,74
尾巴,74
追赶,74
我见,74
水面,74
生长,74
男友,74
忍住,74
心痛,74
相比,74
步,74
通道,74
飞驰,74
写出,74
海面,74
每条,74
盲目,74
雨点,74
想得到,74
听过,74
林,74
火锅,74
闺蜜,74
冬季,74
带领,74
男朋友,74
阴影,74
老天爷,73
心愿,73
马思,73
品牌,73
微醺,73
攀登,73
死去,73
索尼,73
退缩,73
从南到北,73
无声,73
相聚,73
恩怨,73
一盘,73
沟通,73
本性,73
河边,73
塌,73
情人,73
窗帘,73
白痴,73
立场,73
金币,73
天花板,73
顺利,73
反派,73
概括,73
印,73
说声,73
十分,73
投,73
旁,73
第二天,73
小娃,73
闪亮,73
对决,73
右边,73
贼,73
扔掉,73
特殊,73
槟榔,73
竖起,73
都市,73
飘扬,72
尽力,72
表哥,72
情节,72
胜过,72
天际,72
纯,72
历练,72
膝盖,72
积极,72
优,72
周遭,72
杭,72
形状,72
一幕,72
造,72
慌张,72
追寻,72
微微,72
骨子里,72
电台,72
不带,72
删除,72
被困,72
空白,72
高速,72
沿途,72
弱,72
挽留,72
天命,72
火把,72
敞开,72
烙印,72
误解,72
见过,72
高中,72
绷,72
抑郁,72
谷底,72
打拼,72
相机,72
地带,72
肩,72
篮球,72
破坏,72
清除,71
招呼,71
得体,71
擦亮,71
火热,71
阿姨,71
一地,71
跌跌撞撞,71
油腻,71
空洞,71
界,71
精灵,71
座位,71
一台,71
对岸,71
怪兽,71
睁眼,71
祷告,71
鸽子,71
画个,71
浪子,71
看穿,71
脚踏实地,71
别太,71
别离,71
撒谎,71
岳来,71
胖子,71
过瘾,71
脱掉,71
明年,71
打断,71
彷徨,71
一趟,71
做生意,71
脸色,71
坚守,71
嘴唇,71
怎能,71
一幅,71
陆地,71
带动,71
精英,71
平常,71
一大,71
卑鄙,71
蓝,71
扩散,71
赢家,71
亚洲,71
宣传,71
客气,71
诅咒,71
直播,71
火星,71
任意,71
末日,71
亲自,71
争,71
账单,70
松开,70
落日,70
曲折,70
事实,70
一朵,70
激情,70
ᠴ,70
回味,70
面包,70
胡乱,70
璀璨,70
寒冬,70
阴暗,70
墙壁,70
方,70
珍珠,70
海龙,70
李雨,70
走遍,70
师傅,70
方便,70
幻觉,70
刘柄鑫,70
邦,70
愚蠢,70
西瓜,70
缝隙,70
女生,70
游走,70
泪滴,70
挡住,70
回避,70
延续,70
击溃,70
有空,70
同情,70
夸张,70
任性,70
机器,70
彼岸,70
肤浅,70
暴露,70
瞧,70
反击,70
衬托,70
乖,70
操控,70
火烧,70
牺牲,70
噶,70
饮料,70
迈步,70
谦虚,70
红包,70
每秒,70
传到,70
要命,69
长安,69
傻瓜,69
缺少,69
无论是,69
车里,69
鲜艳,69
取,69
强壮,69
台北,69
巷子,69
秃子,69
女神,69
算了吧,69
适应,69
為,69
爱恨,69
鼓掌,69
前途,69
稳定,69
流氓,69
岳狗,69
坠,69
交代,69
胆量,69
定位,69
云端,69
上去,69
公里,69
此生,69
高调,69
流言蜚语,69
医生,69
一整夜,69
惧怕,69
相处,69
相似,69
号角,69
喝完,69
在外,69
表白,69
立,69
必,69
得分,69
喝点,69
开起,69
耍起,69
聚集,69
激励,69
逻辑,69
菜鸟,69
办到,69
胆,69
连接,68
五星,68
部分,68
外挂,68
盘,68
受过,68
这句,68
看来,68
晒,68
塔,68
谱,68
这块,68
外地,68
留下来,68
地平线,68
江城,68
深不见底,68
微风,68
奇妙,68
床,68
蛋,68
胆子,68
褪去,68
证据,68
残留,68
艳阳天,68
发着,68
一家,68
侥幸,68
来个,68
放学,68
欲,68
执行,68
井底之蛙,68
发觉,68
毒,68
平行,68
可不可以,68
亲密,68
高贵,68
负面,68
匆忙,68
顶峰,68
一回,68
不敢相信,68
支配,68
主场,68
惊,68
老大,68
漫漫,68
虎,68
行踪,68
聚,68
冇,68
使劲,68
东京,68
场面,68
开出,68
放个,68
陶醉,67
追着,67
礼拜,67
多次,67
一如既往,67
奔赴,67
演员,67
灰烬,67
买卖,67
约会,67
保留,67
票,67
趁早,67
空调,67
扛起,67
春风,67
昏暗,67
到头来,67
打湿,67
别忘记,67
奋力,67
发烫,67
登场,67
挥手,67
维伴,67
远点,67
驾驶,67
较劲,67
白酒,67
将要,67
职业,67
欢呼,67
丘比特,67
大喊,67
赞助,67
迈,67
远走,67
小小的,67
宾利,67
锋芒,67
花开,67
审美,67
威力,67
景色,67
别墅,67
尸体,67
係,67
浓,67
每首歌,67
国外,67
巨人,67
试探,67
麻雀,67
牙齿,67
发个,67
小伙,66
大炮,66
心血,66
并肩,66
千年,66
停下来,66
四周,66
坦克,66
超得,66
永力,66
紫色,66
分辨,66
无所畏惧,66
游泳,66
果断,66
人海,66
向下,66
每分,66
架,66
对视,66
除夕,66
너,66
一邊,66
唱給,66
狂风暴雨,66
出头,66
别着急,66
不分,66
职业生涯,66
瀑布,66
迈着,66
雪茄,66
进度,66
翱翔,66
好吃,66
蛇,66
街区,66
百万,66
一哈,66
注入,66
眼镜,66
转发,66
一手,66
侠,66
混沌,66
立刻,66
就够,66
睇,66
倒霉,66
揍,66
被动,66
徐,66
检查,66
花花世界,65
但愿,65
خ,65
云雾,65
正确,65
对得起,65
差别,65
反驳,65
红酒,65
五点,65
鞋子,65
骑着,65
一世,65
样儿,65
准时,65
清风,65
一点儿,65
成败,65
在我心中,65
引爆,65
枪口,65
人潮,65
粗,65
好了吗,65
善恶,65
选中,65
相逢,65
奢侈,65
落魄,65
张震岳,65
噪音,65
份,65
提升,65
江南,65
桐梓,65
酒瓶,65
讲究,65
踏入,65
苏醒,65
进攻,65
邪恶,65
两句,65
吹过,65
以外,65
栽,65
轮廓,65
厌恶,65
葡萄,65
爹,65
扩大,65
黄河,65
炮,65
倾诉,65
但别,65
买单,65
梗,65
逆境,65
歇,65
卧室,65
迎来,65
玻璃心,65
困住,65
流水,65
巨星,65
场合,65
几分,64
迷幻,64
邓思楚,64
印记,64
合理,64
陶斯东,64
尽量,64
打磨,64
回荡,64
饼,64
风中,64
发愁,64
到手,64
振作,64
与众不同,64
找寻,64
流言,64
医院,64
教室,64
热烈,64
四点,64
国,64
隼,64
有法,64
数着,64
面对面,64
嘀嗒,64
看不透,64
碟,64
沉醉,64
眼红,64
加个,64
宽,64
老外,64
狂风,64
感性,64
四方,64
一曲,64
谩骂,64
回过,64
分贝,64
倒计时,64
啪啪,64
寂静,64
发了,64
拎,64
纯白,64
口音,64
引擎,64
球衣,64
厨房,64
摘,64
鼓捣,64
领悟,63
手套,63
綦江,63
大步,63
那颗,63
变更,63
帆,63
风流,63
这张,63
微弱,63
下坠,63
角落里,63
奢求,63
南路,63
站上,63
困,63
发挥,63
风沙,63
囚禁,63
行程,63
填,63
苦海,63
兔子,63
钟,63
报,63
淅沥沥,63
ج,63
事物,63
笼罩,63
文明,63
幽默,63
翘,63
翻倍,63
回首,63
好戏,63
撤退,63
伞,63
衣柜,63
掏空,63
科技,63
惊醒,63
自负,63
花瓣,63
八百,63
勇士,63
自称,63
相当,63
隧道,63
李尔新,63
合适,63
输出,63
不介意,63
傻子,63
注意力,63
勾,63
铺垫,63
梦魇,62
ö,62
熊猫,62
ᠮ,62
效果,62
前提,62
不醉,62
出色,62
牛皮,62
卡里,62
每句,62
凤凰,62
发泄,62
下落,62
垃圾桶,62
勾拳,62
友情,62
搁,62
仗,62
奢望,62
夜色,62
雪球,62
道义,62
新年,62
炽热,62
后视镜,62
活下去,62
满舒克,62
观察,62
一线,62
联合,62
挺直,62
顶点,62
撑起,62
奖杯,62
抉择,62
那句,62
勾兑,62
轻狂,62
奖励,62
在手,62
银行卡,62
气势,62
只能靠,62
可不,62
乐观,62
老妈,62
开辟,62
不动,62
人情,62
附近,62
俱乐部,62
海风,62
善意,62
方向盘,62
新衣,62
地震,62
泥,62
考试,62
真心话,62
包头,62
厚,62
票儿,62
堡垒,61
我妈,61
快快,61
困在,61
八月,61
工资,61
挂念,61
街角,61
灯红酒绿,61
看不上,61
二代,61
规律,61
格外,61
一抹,61
挥洒,61
年底,61
遨游,61
音乐风格,61
化,61
ཞ,61
有力,61
搬进,61
演唱会,61
老们,61
大姐,61
雾气,61
敢不敢,61
撕裂,61
诚实,61
虚拟,61
屁话,61
沦陷,61
车上,61
车窗,61
忐忑,61
地道,61
熬夜,61
一页,61
青睐,61
自大,61
珠宝,61
韵,61
展开,61
老家,61
小钱,61
解,61
相拥,61
本质,61
黑人,61
才刚,61
签名,61
专门,61
播,61
是从,61
装饰,61
撕掉,61
形象,61
相见,61
承担,61
工具,61
牙,61
主意,61
不如意,61
脑子里,61
乞丐,61
我愿,61
迫不及待,61
春夏秋冬,61
摇滚,61
门票,61
广场,61
满地,61
崇拜,61
苹果,61
乱世,61
假货,61
呈现,61
知识,61
叔叔,61
利刃,60
锅,60
却说,60
ᠲ,60
窗台,60
折,60
晚点,60
丝毫,60
来得及,60
叉,60
拍拍,60
苦痛,60
云南,60
抱住,60
许愿,60
王齐铭,60
小区,60
声乐,60
毛衍,60
忧郁,60
困扰,60
描绘,60
我管,60
治疗,60
龙泽宇,60
硝烟,60
服务,60
真挚,60
写成,60
勤奋,60
难怪,60
口号,60
喝多,60
太重,60
填饱,60
防守,60
磕,60
戳破,60
框架,60
路程,60
湿,60
一阵,60
赛季,60
方舟,60
涨,60
流逝,60
凝固,60
配上,60
冰箱,60
东边,60
绝杀,60
扑,60
山路,60
挡不住,60
阴,60
贝塔,59
受罪,59
跪下,59
捡起,59
衣裳,59
退出,59
粉碎,59
冲锋,59
文化传媒,59
课,59
起笔,59
新世界,59
几乎,59
坟墓,59
买点,59
脑筋,59
绿,59
冰块,59
张昊,59
冰封,59
达芬奇,59
金鹿,59
ꃅ,59
合声,59
가,59
本该,59
远去,59
落寞,59
我学,59
释怀,59
刘炫廷,59
阳台,59
线索,59
山坡,59
本能,59
名牌,59
解锁,59
交错,59
变换,59
气球,59
刀脚,59
堆积,59
翻山越岭,59
演技,59
旅游,59
追随,59
绚烂,59
沮丧,59
躁,59
发动,59
圈里,59
屏蔽,59
赖,59
冬眠,59
觉醒,59
凯里,59
早晨,59
连麻,59
打倒,59
电波,59
警报,59
程度,59
步子,59
酸甜苦辣,59
刺痛,59
初衷,59
港湾,59
走远,59
额头,59
下场,59
霸道,59
黑桃,59
盛世,59
吞,59
捞,59
捕捉,59
汹涌,58
夜楠,58
集合,58
港,58
风雪,58
选手,58
吹散,58
这趟,58
诺言,58
百分百,58
败,58
提供,58
点点,58
将会,58
感冒,58
有点儿,58
扎堆,58
真假,58
情愿,58
别哭,58
小号,58
平衡,58
黑洞,58
高山,58
关机,58
什麼,58
老表,58
反对,58
그,58
爸爸妈妈,58
老头,58
占有,58
休想,58
言,58
执念,58
黄俊,58
别装,58
男女,58
裂缝,58
另一半,58
交换,58
冰冻,58
功成名就,58
有事,58
发起,58
喝到,58
炒作,58
假象,58
音频,58
一扇,58
广告,58
传承,58
这群,58
刺客,58
种下,58
水手,58
处境,58
教训,58
念头,58
自以为是,58
打出,58
面目,58
太高,58
埋没,58
小心翼翼,58
撕开,58
富裕,58
脊椎,58
包里,58
叹息,58
猜忌,58
共鸣,58
高楼大厦,58
无赖,58
马路,58
机票,58
低级,58
喵,58
高手,58
昼夜,58
涂鸦,58
想不通,58
屋顶,58
每一秒,58
赌注,58
精气神,58
山川,58
消化,58
喘息,58
好几倍,57
照耀,57
等级,57
深情,57
忽近,57
城里,57
汽车,57
老实,57
泼,57
叮嘱,57
邓典果,57
十五,57
风水,57
段落,57
地址,57
时钟,57
重量,57
一周,57
苍穹,57
辫,57
蒜,57
孔,57
逃脱,57
捆起,57
辛巴,57
灾难,57
一闪,57
偏要,57
滚蛋,57
上课,57
此时此刻,57
带回,57
小小,57
有过,57
只求,57
够不够,57
爬起来,57
队长,57
回复,57
伤人,57
暗淡,57
信心,57
对立,57
扬帆,57
地基,57
野蛮,57
吹响,57
动听,57
发布,57
无形,57
编,57
投资,57
时期,57
卡座,57
两点,57
饱,57
直火,57
抽象,57
士兵,57
猴子,57
一辆,57
故作,57
混圈,57
操场,57
叉烧,57
人要,57
那份,57
领带,57
最爱,57
传统,57
短,57
灯火,56
击碎,56
轰鸣,56
不许,56
精准,56
雾里,56
泥潭,56
脱下,56
独自一人,56
升空,56
火光,56
按下,56
飞奔,56
情怀,56
一家人,56
一旁,56
期限,56
拨,56
渝,56
雄起,56
鹿奇,56
太慢,56
嫩,56
认同,56
斑比,56
带点,56
要来,56
斗斗,56
世道,56
孤矢,56
西奥,56
收藏,56
吃不饱,56
万岁,56
留不住,56
美味,56
载,56
从小到大,56
记忆里,56
匕首,56
累不累,56
好汉,56
总想,56
看破,56
音乐节,56
欢喜,56
圈子里,56
叹,56
多点,56
琐碎,56
头像,56
专业,56
评判,56
翻身,56
扭,56
教练,56
平台,56
屋,56
餐厅,56
虾,56
挥,56
背心,56
不得了,56
多人,56
级别,56
眼眶,56
鹦鹉,56
一时,56
九个,56
备忘录,55
臂膀,55
狐狸,55
纯洁,55
可别,55
ᠥ,55
英里,55
弟兄,55
海水,55
灰心,55
迷,55
蠢货,55
写首,55
一同,55
小把戏,55
醒醒,55
飘落,55
棱角,55
爆破,55
床边,55
皮鞋,55
原始,55
李佳隆,55
乏味,55
哪有,55
整晚,55
婚礼,55
取代,55
华纳,55
小镇,55
武侯区,55
霓虹灯,55
估计,55
不用说,55
一本,55
整点,55
我开,55
班,55
喂喂,55
丫,55
一笑,55
骑士,55
风险,55
励志,55
海报,55
价格,55
修,55
主题,55
西湖,55
批,55
沐浴,55
沉迷,55
扛着,55
带我去,55
尖,55
戒,55
沙,55
过期,55
半个,55
填补,55
立马,55
胡同,55
贴着,55
阴阳,55
皇帝,55
自豪,55
符合,54
饮,54
没戏,54
嘈杂,54
翡翠,54
没来,54
逛街,54
成天,54
ᠣ,54
可不是,54
丧,54
天上飞,54
消除,54
吴亦凡,54
安全带,54
汇聚,54
高低,54
他妈,54
变身,54
青涩,54
试试,54
胡彦斌,54
爱爱爱,54
另个,54
无非,54
狂野,54
买醉,54
协力,54
财神,54
溜走,54
고,54
歇斯底里,54
珠宝商,54
地儿,54
宅,54
不是故意,54
作祟,54
吞下,54
丢下,54
抗争,54
说句,54
滑,54
我爸,54
基因,54
豪宅,54
人来,54
无底洞,54
懂哥,54
几百万,54
看出,54
终,54
经济,54
状况,54
前头,54
生涯,54
避开,54
蒙蔽,54
卷起,54
发声,54
门前,54
校长,54
锁定,54
几杯,54
热闹,54
粉色,54
震撼,54
型,54
商人,54
崽,54
唱起,54
局,54
化身,54
豆腐,54
初,54
行李箱,54
实际,54
斗志,54
按摩,54
啰,53
客厅,53
磨,53
讓,53
主人,53
刀子,53
山东,53
家门,53
冻结,53
绝,53
不看,53
解不开,53
调皮,53
下班,53
崭新,53
拥抱着,53
凡人,53
目睹,53
勿,53
火花,53
尹冲,53
看淡,53
一棵,53
招牌,53
麽,53
虚荣心,53
巴掌,53
李大奔,53
小雨,53
非得,53
人气,53
沦为,53
麻醉,53
动手,53
致谢,53
潮水,53
配方,53
短信,53
芬芳,53
整夜,53
交汇,53
南部,53
饶舌歌,53
对象,53
肆虐,53
亮晶晶,53
宝,53
窥探,53
更新,53
就此,53
俯瞰,53
端,53
迎合,53
躁动,53
战斗力,53
邀请,53
活动,53
切换,53
代号,53
尽兴,53
费力,53
扶,53
狂奔,53
烧掉,53
光鲜,53
消散,53
流动,53
金刚,53
诧异,53
罢休,53
兜风,53
遇,53
接管,53
条件,53
血肉,53
一宿,53
垮,53
弹药,53
积累,53
大旗,53
城墙,53
专家,53
熬过,53
鸡汤,53
秋,53
挥舞,53
重力,52
背面,52
神圣,52
梦醒,52
世界末日,52
接起,52
但行好事,52
拉扯,52
那段,52
上次,52
屹立,52
来电,52
跌,52
怪我太,52
当心,52
惭愧,52
绅士,52
ᠶ,52
趁现在,52
涟漪,52
心酸,52
妖,52
深深,52
相伴,52
我帅,52
天性,52
苍茫,52
辉子,52
爽子,52
脑海中,52
给我发,52
佛,52
恋歌,52
내,52
孤寂,52
乐,52
飞鸟,52
天平,52
那头,52
竟,52
归零,52
较量,52
坦荡,52
大力,52
说服,52
炎热,52
人来人往,52
德,52
闻,52
逃走,52
做过,52
外国,52
愛,52
争气,52
真真,52
搞笑,52
做歌,52
帝国,52
发财,52
孤立,52
狐朋狗友,52
粉,52
反省,52
一个月,52
清空,52
应得,52
录音室,52
般配,52
坨子,52
看一看,52
一万,52
苍蝇,52
不顾一切,52
红牛,52
告白,52
生死,52
呼唤,52
搅拌,52
豁哟,52
差异,52
陷进,52
拖鞋,52
记到,52
脑中,52
一哈儿,52
名号,52
批判,52
搜,52
机,52
消灭,52
新一代,52
合十,52
靠边,52
平,52
不知所措,52
总爱,52
揪,51
别急,51
嘉陵江,51
收手,51
懈怠,51
狠货,51
一脸,51
击退,51
品,51
姓,51
爱河,51
田,51
键,51
三千,51
布兰,51
忽远,51
那奇,51
大道理,51
錢,51
蜷缩,51
咿呀,51
心扉,51
哥兒,51
姆儿,51
夜夜,51
辽阔,51
算个,51
穷人,51
董音,51
偏爱,51
小偷,51
相反,51
精神抖擞,51
哔,51
半年,51
心像,51
乾,51
低落,51
胜负,51
是我太,51
打招呼,51
别去,51
自动,51
吵醒,51
顶满,51
启动,51
自觉,51
严肃,51
南,51
拿个,51
值,51
最难,51
拨通,51
保安,51
认清,51
磨练,51
福,51
抵触,51
一一,51
从容,51
这歌,51
筷子,51
片,51
吹嘘,51
茧,51
必定,51
爱不爱,51
想见,51
长河,51
南北,51
专心,51
往上,51
想带,51
冲突,51
费,51
全家,51
踹,51
质量,51
咪,51
凉,51
随波逐流,51
坤,50
谦卑,50
懵懂,50
帮忙,50
逼迫,50
老娘,50
跟不上,50
山里,50
飞跃,50
表,50
过错,50
会儿,50
浪花,50
暖,50
饥渴,50
搭建,50
总监制,50
踏过,50
飙升,50
侬,50
跟头,50
青山,50
逆,50
钢筋水泥,50
怎会,50
波动,50
舞拳,50
忍,50
张口,50
é,50
擦肩而过,50
有话,50
千,50
해,50
는,50
放空,50
复活,50
装扮,50
警察,50
垄断,50
干什么,50
沒,50
几度,50
圣诞节,50
缓缓,50
值钱,50
坦白,50
犯下,50
蝼蚁,50
混缩,50
老是,50
贡献,50
佢,50
财宝,50
唇,50
算计,50
墙头草,50
时尚,50
日复一日,50
淋湿,50
危机,50
编织,50
讨好,50
战,50
踪迹,50
记不清,50
过滤,50
羞愧,50
半路,50
氧气,50
半吊子,50
香港,50
脑,50
乔丹,50
说不出口,50
发芽,50
新专辑,50
债,50
多个,50
尝尝,50
叹气,50
狮子,50
摆在,50
陪你走,50
饭碗,50
辣椒,50
白昼,50
发型,50
女儿,50
品质,50
飞碟,50
他妈的,50
盼望,50
功力,50
逃出,50
搞砸,49
两杯,49
悲哀,49
流血,49
过分,49
刘洲,49
绊倒,49
谜底,49
王冠,49
双腿,49
老弟,49
纯真,49
主,49
私人,49
好友,49
奥秘,49
长发,49
楼梯,49
进来,49
几把,49
太远,49
慵懒,49
食物,49
甩掉,49
抗议,49
小说,49
气温,49
国际,49
山丘,49
慢点,49
祈求,49
不堪,49
气泡,49
情侣,49
段时间,49
压迫,49
荒漠,49
满天,49
荷尔蒙,49
热干面,49
蜜,49
联络,49
太帅,49
一股,49
同步,49
班子,49
惦记,49
关卡,49
狡辩,49
越来越少,49
喧闹,49
黑马,49
难看,49
爱奇艺,49
面临,49
屏住,49
河,49
人为,49
独一无二,49
气场,49
撇,49
待命,49
各地,49
扇,49
句号,49
海上,49
梵高,49
漂流,49
发明,49
真金,49
家族,49
精致,49
输给,49
挑剔,49
预料,49
岁数,49
怼,49
蹉跎,49
办事,49
奖项,49
舆论,49
漂浮,49
小女孩,49
喺,49
牛仔,49
和谐,49
打折,49
农村,49
起个,49
個,49
少林,49
堵住,49
毕加索,49
三十,49
容颜,49
单挑,49
式,49
公众,49
记着,49
烈日,49
寻求,49
打工,49
玩弄,49
琢磨,49
蹦迪,49
虚荣,48
莫来,48
兜兜,48
一招,48
码头,48
友谊,48
保存,48
蒸发,48
妖魔鬼怪,48
风气,48
骗人,48
删,48
雄鹰,48
撕心裂肺,48
入侵,48
艾福杰,48
听话,48
合影,48
例子,48
血统,48
飞舞,48
蚊子,48
酱,48
寻,48
钻研,48
還在,48
一步一个脚印,48
荒芜,48
到头,48
耍掉,48
阿童木,48
多雷,48
上山,48
争取,48
戒掉,48
结尾,48
一粒,48
好不好,48
触动,48
可否,48
快活,48
我命,48
阶段,48
引发,48
一波,48
烟头,48
那点,48
精,48
划,48
粑,48
年华,48
早起,48
华夏,48
威士忌,48
版本,48
无能,48
来得,48
呼喊,48
啊啊啊,48
变态,48
腾空,48
憋着,48
狗屁,48
花瓶,48
弥补,48
活成,48
吵闹,48
领先,48
爱看,48
与生俱来,48
校服,48
肤色,48
侵蚀,48
档次,48
大小,48
几位,48
说走就走,48
轮不到,48
点心,48
大爷,48
风光,48
自尊心,48
一派,48
救命,48
面儿,48
听歌,48
原地踏步,48
洗脚,48
霸,48
鸡蛋,48
小精灵,48
三脚猫,48
锻炼,48
一排,48
敲打,48
动人,48
龟壳,48
今日,48
变老,48
比划,48
炸药,48
兵,48
教父,48
头痛,48
决心,48
拔,48
克制,48
枯燥,47
围墙,47
棍,47
发动机,47
快来,47
乐在其中,47
寒风,47
强者,47
屋檐,47
狗狗,47
尘土,47
人情世故,47
别以为,47
读懂,47
乌云密布,47
看不出,47
防线,47
观念,47
下雨天,47
不羁,47
天晴,47
弹奏,47
量,47
塑造,47
结构,47
公交,47
长满,47
低下头,47
ʟ,47
时分,47
玩点,47
着手,47
ʏ,47
挑选,47
劈叉,47
深入,47
失重,47
吃老本,47
撑伞,47
浩瀚,47
明日,47
何飚,47
ཤ,47
아,47
大街小巷,47
手牵手,47
汉子,47
报应,47
潘玮柏,47
狡猾,47
扑火,47
选项,47
崔恩京,47
深呼吸,47
风云,47
男生,47
扳机,47
侃迪,47
巨龙,47
树立,47
哋,47
闯祸,47
吸,47
奖,47
支撑,47
新歌,47
件,47
一对,47
担子,47
缺点,47
反转,47
丰富,47
潮汕,47
心理,47
小船,47
任由,47
远远,47
欢笑,47
冷淡,47
体内,47
双倍,47
出鞘,47
市中心,47
合照,47
背靠,47
一天天,47
舒适,47
买不到,47
挥动,47
手脚,47
笔下,47
年初,47
腹肌,47
一方,47
掉入,47
太晚,47
心门,47
说了算,47
对付,47
具备,47
谣言,47
跳跃,47
晴,47
抱团,47
力度,47
手法,47
随手,47
每年,47
团,47
蒙住,47
起步,47
接过,47
遭受,47
批评,47
商品,47
两岸,46
一沓,46
现状,46
哽咽,46
肩并肩,46
辈子,46
走廊,46
莫問,46
能比,46
张颜齐,46
战利品,46
午后,46
闭,46
五千年,46
壮志,46
熟练,46
孙子,46
描述,46
我过,46
概念,46
全身上下,46
嗓子,46
管好,46
动机,46
望远镜,46
回眸,46
行云流水,46
下山,46
歌颂,46
冷却,46
呆宝静,46
指针,46
分析,46
丹镇,46
跌落,46
ᴛ,46
大方,46
想不出,46
先要,46
咚咚,46
犹如,46
半点,46
趴在,46
서,46
리,46
供,46
幸好,46
恶,46
奈何,46
无止境,46
支离破碎,46
搁浅,46
猎人,46
不开,46
哪位,46
漂,46
迪厅,46
叮叮,46
挫败,46
呜呜,46
一百万,46
共舞,46
单位,46
猎豹,46
堆满,46
后座,46
业绩,46
点火,46
不回,46
强调,46
逝去,46
洗牌,46
深邃,46
一局,46
挺起,46
冰凉,46
来过,46
别碰,46
中原,46
安稳,46
名堂,46
总让,46
宁静,46
摆布,46
王位,46
包厢,46
逞强,46
恶意,46
菩萨,46
诚意,46
吸收,46
房门,46
脚杆,46
理性,46
假话,46
会为,46
注射,46
美杜莎,46
便利店,46
守候,46
无效,46
玫瑰花,46
给你个,46
戴着,46
健身房,46
料,46
经纪,46
行人,46
感触,46
存款,46
产品,46
下跪,46
招式,46
提笔,46
体,46
凶狠,46
卖弄,46
这件,46
不可抗力,46
人有,46
导师,46
宫殿,46
噼里啪啦,46
卡卡,45
只活,45
一阵风,45
多长,45
理念,45
多情,45
负担,45
份儿,45
光荣,45
勒个,45
不怪,45
那双,45
拼图,45
高铁,45
哆,45
人格,45
花香,45
迎风,45
战火,45
玉,45
北极,45
不服输,45
嘲讽,45
欢乐,45
恩,45
嘴硬,45
和尚,45
太好了,45
没出息,45
每句话,45
破五,45
洋泾浜,45
ꇬ,45
镇定,45
夜深人静,45
以往,45
난,45
虎豹,45
上船,45
共享,45
精光,45
别提,45
弦,45
對,45
每日,45
枕边,45
不接,45
心意,45
大雪,45
路线,45
最狠,45
烧烤,45
滴水,45
三千里,45
水泥,45
少女,45
精确,45
破晓,45
得罪,45
拦不住,45
笔墨,45
岛,45
电视剧,45
下起,45
压轴,45
后台,45
不脱,45
救世主,45
摸摸,45
开花,45
风口浪尖,45
灌醉,45
留着,45
心里话,45
三天,45
岸,45
理睬,45
草包,45
真情,45
弹壳,45
金银财宝,45
烈,45
当真,45
欸,45
请问,45
呼,45
崩,45
炸弹,45
上位,45
咋子,45
燎原,45
大笑,45
平等,45
二十,45
房租,45
台风,45
天会,45
交织,45
看上去,45
导弹,45
狂妄,45
武功,45
美食,45
山峰,45
生锈,45
一步步,45
制定,45
秩序,45
深圳,45
娶,45
浪潮,45
很酷,45
演讲,45
泡面,44
删掉,44
珍重,44
加冕,44
逆风,44
爱里,44
踏实,44
裤儿,44
聚在一起,44
拆开,44
飞向,44
建筑,44
落后,44
滇,44
演绎,44
一点一点,44
谟,44
散播,44
战友,44
过太多,44
外衣,44
饺子,44
哪种,44
锁链,44
光影,44
例外,44
六月,44
女孩儿,44
一晃,44
紫,44
的哥,44
最帅,44
很久很久,44
威龙,44
明亮,44
互联网,44
折断,44
一二,44
赐予,44
山外,44
裙摆,44
消磨,44
博物馆,44
勉强,44
空荡,44
泰,44
惊艳,44
环游,44
繁荣,44
太冷,44
爱情故事,44
三册,44
便是,44
荷包,44
不朽,44
柔软,44
洛杉矶,44
披荆斩棘,44
马子,44
头等舱,44
资源,44
认得,44
登,44
坎,44
蒙娜丽莎,44
长城,44
拿捏,44
这话,44
烹饪,44
魄力,44
钵,44
激动,44
几回,44
吃点,44
擂台,44
忠告,44
多大,44
小兄弟,44
动不动,44
八点,44
刚才,44
每场,44
套房,44
意大利,44
区分,44
发大财,44
领导,44
挣到,44
得来,44
冲刺,44
食,44
没收,44
渗透,44
自尊,44
硬币,44
遵守,44
一秒钟,44
竞技,44
止步,44
旗,44
网吧,44
漫游,44
手铐,44
毁掉,44
看戏,44
原则,44
谈恋爱,44
屁事,44
复仇,44
集中,44
宣布,43
不顾,43
多一点,43
体温,43
这本,43
势必,43
表示,43
阿里巴巴,43
磨难,43
心房,43
板凳,43
喝个,43
画笔,43
握住,43
衣锦还乡,43
莫法,43
兼顾,43
反射,43
耙,43
点个,43
游戏规则,43
坏蛋,43
歌名,43
送到,43
诗句,43
指着,43
交集,43
小黄瓜,43
难听,43
听错,43
脏脏,43
两只,43
预兆,43
深爱,43
棒球,43
弧线,43
首,43
驻足,43
可真,43
折腾,43
一桌,43
情人节,43
海市蜃楼,43
太假,43
害,43
发射,43
一晚,43
发达,43
实验,43
坐标,43
婆婆,43
底气,43
撒娇,43
戏份,43
高傲,43
马俊,43
神奇,43
香气,43
监狱,43
大摇大摆,43
主演,43
没日没夜,43
王朝,43
账,43
三分钟,43
航线,43
转机,43
留言,43
有限,43
耗尽,43
场子,43
人想,43
体现,43
进账,43
激发,43
倒闭,43
风生水,43
一败涂地,43
胡说八道,43
软蛋,43
哑巴,43
装得,43
晓,43
自带,43
起航,43
天台,43
实锤,43
身在,43
商务,43
探险,43
闭上嘴,43
僵硬,43
铅笔,43
怎样才能,43
假想敌,43
神经病,43
喜,43
永久,43
榜,43
蒙,43
拍个,43
英文,43
写个,43
单车,43
外号,43
剥夺,43
讯号,43
编曲,43
装不下,43
我长,43
唾弃,43
缝,42
乘着,42
诗篇,42
篝火,42
说不完,42
初恋,42
不明,42
名声,42
水滴,42
花开花落,42
鞭炮,42
山水,42
临时,42
天地间,42
名叫,42
硬骨头,42
台词,42
恐怖,42
江水,42
静悄悄,42
提到,42
女王,42
听从,42
伟伦,42
我哩,42
捉弄,42
最新,42
闪过,42
我俩,42
刷新,42
着眼,42
食物链,42
闷,42
泛黄,42
柏,42
仪式,42
擦擦,42
之巅,42
许,42
顶多,42
一切都在,42
真想,42
累积,42
着火,42
拍摄,42
赚够,42
口红,42
格西,42
没谱,42
托窍,42
도,42
国度,42
松手,42
动摇,42
大雁,42
刮起,42
起头,42
揉,42
丢进,42
喜悦,42
人比,42
顽强,42
不仅仅,42
乡愁,42
大象,42
某种,42
动心,42
五块,42
砍,42
ᠵ,42
一米,42
虚构,42
静静,42
埋头,42
过气,42
我变,42
牌坊,42
喂饱,42
点着头,42
翻越,42
几何,42
省,42
倍,42
江南西,42
类似,42
躯体,42
星际,42
铲,42
弯道,42
独白,42
牢笼,42
墓碑,42
捉,42
联名,42
零下,42
喝一杯,42
迷离,42
爱着,42
新生代,42
满是,42
空荡荡,42
坠毁,42
局面,42
字句,42
保险柜,42
赔,42
起码,42
规划,42
大理,42
并非,42
羊,42
凶猛,42
红灯,42
对准,42
一票,42
风度,42
放假,42
重点,42
布,42
味蕾,42
罩,42
灯塔,42
自成,42
哈哈哈哈,42
顽固,42
要钱,42
极致,42
无脑,42
失恋,42
该不该,42
亲切,42
抠,42
喝喝,42
八里,42
暗,42
打爆,42
能耐,42
常态,41
十几年,41
大大,41
鞋带,41
破事,41
激荡,41
变幻,41
一度,41
点上,41
潮起潮落,41
果实,41
钟声,41
星火,41
睡眠,41
广播,41
贝壳,41
宝马,41
牛仔裤,41
汽水,41
地牢,41
朝阳,41
祝愿,41
超能力,41
试,41
跑道,41
胸前,41
扶持,41
播种,41
猛烈,41
逆转,41
忘却,41
韩啸,41
十八,41
遥望,41
闲,41
输掉,41
堂客,41
温馨,41
死神,41
ᴇ,41
风铃,41
生病,41
感悟,41
陆,41
草莓,41
微妙,41
看不清楚,41
凯旋,41
做些,41
无法自拔,41
八一,41
傲傲,41
ཅ,41
木秦,41
沸,41
阿哥,41
之神,41
土人,41
泛起,41
笔记,41
한,41
揣着,41
病态,41
一刹那,41
可悲,41
细胞,41
春秋,41
期,41
不灭,41
皎洁,41
迈出,41
恢复,41
头疼,41
梦中,41
撒野,41
夜幕,41
菜单,41
谁又能,41
无忧无虑,41
归属,41
上来,41
道光,41
闯进,41
冲向,41
水晶,41
银河系,41
响彻,41
首都,41
开瓶,41
门槛,41
不谈,41
考,41
哲学,41
喷子,41
金字塔,41
抑制,41
君子,41
逆流,41
挨个,41
起身,41
猜疑,41
高跟鞋,41
千金,41
如愿,41
地步,41
难忘,41
连续,41
成年人,41
难免会,41
迷惑,41
太难,41
某天,41
不要脸,41
收买,41
木偶,41
崛起,41
作伴,41
警惕,41
撩,41
儿女,41
看得,41
常,41
测试,41
裤裆,41
捆,41
兰博基尼,41
配角,41
关闭,41
挡路,41
羽毛,41
出个,41
侧,41
开门,41
磁带,41
别动,41
点子,41
太早,41
打火机,41
虚情假意,41
打字,41
漫无目的,41
乌托邦,41
太累,41
部,41
党,41
激烈,41
上车,41
干扰,41
拳,41
斩断,41
国内,41
割,41
琵琶,41
口里,41
承载,41
捶,41
冒充,41
下雪,41
通知,41
恭喜发财,41
低下,40
摩托车,40
几道,40
弯腰,40
沉,40
码,40
戏子,40
空空,40
玩玩,40
丢人,40
苦恼,40
火种,40
解救,40
鸣谢,40
过节,40
灯光设计,40
不远处,40
架势,40
超速,40
编剧,40
躯壳,40
冷落,40
形成,40
蜿蜒,40
无辜,40
作废,40
不幸,40
落入,40
告诫,40
丧失,40
尤其,40
全员,40
牵起,40
往上爬,40
螺丝,40
牡丹,40
ᴏ,40
金足,40
梁维嘉,40
呼风唤雨,40
坐以待毙,40
肾上腺素,40
放飞,40
半截,40
缺陷,40
用钱,40
加剧,40
缭绕,40
高歌,40
佩服,40
拨动,40
光鲜亮丽,40
处处,40
讲述,40
调子,40
好不容易,40
叶,40
涂抹,40
入眠,40
照进,40
沉沦,40
孩儿,40
汉堡,40
合唱团,40
弹幕,40
扰乱,40
奶茶,40
拉响,40
人设,40
心声,40
透露,40
老去,40
征途,40
雨季,40
领袖,40
产业,40
会变,40
跳个,40
软肋,40
好几个,40
歧视,40
得过且过,40
行驶,40
闯荡,40
鼓起勇气,40
摸爬滚打,40
荒废,40
悠哉,40
飞走,40
谎,40
弯路,40
花天酒地,40
配色,40
脸蛋,40
扣动,40
几岁,40
小学,40
敲门,40
解散,40
绝境,40
敬礼,40
反锁,40
业务,40
心结,40
老铁,40
沃夫,40
太平洋,40
迎面,40
六点,40
象征,40
杨云翔,40
加倍,40
稳当,40
忘我,40
打过,40
烛光,40
打烂,40
贫民窟,40
单曲,40
破防,40
开到,40
炮弹,40
原曲,40
昏,40
打造,40
选秀,40
前卫,40
我切,40
颈,39
追到,39
韭菜,39
阴谋,39
欢迎光临,39
一笔带过,39
膜拜,39
摸索,39
曙光,39
不多,39
大厦,39
灯火阑珊,39
敲响,39
装点,39
花光,39
垃圾堆,39
管它,39
启程,39
耳膜,39
服从,39
代理,39
酒后,39
尼古丁,39
阻力,39
韩振,39
赶上,39
电梯,39
烤,39
塑料,39
攀爬,39
免得,39
眉毛,39
白纸,39
台前,39
竞争,39
衡量,39
正面,39
回家吧,39
贩卖,39
魔王,39
心间,39
逃不出,39
炼狱,39
争论,39
分不开,39
冲进,39
呼叫,39
买定离手,39
憋屈,39
触,39
辰龙,39
阿斯巴,39
ꆏ,39
乡音,39
三娃,39
氧,39
耑,39
化为,39
躲开,39
培养,39
冷血,39
前往,39
塑料袋,39
玩游戏,39
尼玛,39
抖手,39
落幕,39
升温,39
谁家,39
收尾,39
北郊,39
万家灯火,39
方面,39
家园,39
风口,39
指点,39
会员,39
继续前进,39
吐出,39
右脚,39
顾客,39
高考,39
这颗,39
库里,39
阴天,39
严重,39
感恩,39
智商,39
大话,39
一望无际,39
几首,39
大师,39
小孩子,39
推着,39
长路,39
动脉,39
一大堆,39
叽叽喳喳,39
淤泥,39
众人,39
种种,39
惊慌,39
筋,39
学到,39
练就,39
技能,39
同一,39
招手,39
堪比,39
分不清楚,39
开拓,39
花哨,39
大树,39
出征,39
股东,39
静止,39
小爷,39
乡,39
鬼话,39
后果,39
火炬,39
笼子,39
称呼,39
红了眼,39
新生,39
推进,39
稀有,39
减少,39
请客,39
闹剧,39
馅饼,39
了不起,39
第一步,39
老练,39
长辈,39
转个,39
范雷,39
有无,39
T恤,39
独家,39
车水马龙,39
备胎,39
脑细胞,39
中意,39
吃亏,39
撤,39
跪倒,39
虫,39
鱼烂虾,39
度假,39
融合,39
憔悴,39
惨痛,39
骨骼,39
罗马,39
对策,39
宰,39
盐,39
住进,38
一篇,38
四年,38
照射,38
操,38
冷暖,38
古老,38
玩意,38
丢弃,38
田野,38
失态,38
信件,38
受够,38
戈壁,38
树上,38
偷看,38
做作,38
刮风,38
王嗣尧,38
感慨,38
去往,38
笑声,38
说点,38
纷纷,38
炎黄,38
低端,38
冬夜,38
操心,38
千亿,38
成果,38
消耗,38
玩偶,38
眨,38
本色,38
世代,38
于洋,38
锦鲤,38
保,38
掀翻,38
话筒,38
ä,38
大口,38
苍白,38
无趣,38
龙井,38
纸醉金迷,38
食言,38
带个,38
吸引力,38
台阶,38
杨柳,38
飘着,38
没富,38
但帅,38
七八,38
受累,38
ꌠ,38
ﾞ,38
ꀕ,38
失败者,38
动情,38
两人,38
早饭,38
面罩,38
发过,38
六个,38
金跳造,38
重逢,38
樱花,38
镶满,38
伤痕累累,38
劣质,38
大腿,38
不易,38
谜语,38
带回家,38
几条,38
不归路,38
仅仅,38
星期,38
再见面,38
下沉,38
涅槃,38
幻影,38
几百,38
镶金,38
附和,38
找点,38
哪点,38
看客,38
我教,38
拢,38
长相,38
不耍,38
掌舵,38
门外汉,38
扬,38
小姐,38
快点儿,38
驾到,38
座椅,38
半山腰,38
逢场作戏,38
七里,38
经纪人,38
最棒,38
追上,38
币,38
压低,38
荣华富贵,38
终止,38
金主,38
皱起,38
溜,38
席卷,38
流着,38
风里,38
豪,38
土狗,38
讨,38
大门,38
物种,38
水果,38
境界,38
银子,38
着数,38
打翻,38
小事,38
聊着,38
乌鲁木齐,38
杵,38
善变,38
买来,38
搞懂,38
糜烂,38
昨夜,38
钩子,38
奋不顾身,38
放鞭炮,38
电视机,38
权力,38
倒塌,38
火海,38
痴迷,38
凝聚,38
牛奶,38
召唤,38
腰杆,38
感激,38
名人堂,38
性,38
无意,38
大城市,38
行事,38
捣乱,38
三环,38
帽,38
暴走,38
恨不得,38
燃,38
前奏,38
封印,38
包间,38
果,37
雨下,37
禁区,37
咋办,37
无常,37
一打,37
凌乱,37
骚,37
戏剧,37
绳索,37
引力,37
庐山,37
赶路,37
安息,37
嘉宾,37
雪山,37
誰,37
迹象,37
路易,37
累赘,37
要害,37
深海,37
李小龙,37
更大,37
在场,37
这一,37
木,37
存活,37
陨落,37
农民,37
唯独,37
酒醉,37
郊外,37
刨,37
姿势,37
怎麼,37
高头,37
猫咪,37
无时无刻,37
无心,37
自我介绍,37
刀剑,37
句子,37
科学,37
顶尖,37
海滩,37
莫名其妙,37
五环,37
随时随地,37
比作,37
不舍,37
倾斜,37
吹风,37
抽筋,37
ཐ,37
深蓝,37
基本功,37
悠扬,37
我勒,37
羞涩,37
重演,37
悲观,37
射,37
肝,37
狼烟,37
洒满,37
湖边,37
加州,37
保持沉默,37
悄悄的,37
更替,37
盛夏,37
诠释,37
迷惘,37
差一点,37
仨,37
贫困,37
一分,37
从头到脚,37
安徽,37
地下室,37
海啸,37
画出,37
淘金,37
嘴上,37
瘦恒,37
朵,37
忘词,37
殆尽,37
业,37
明确,37
方位,37
文艺,37
眼球,37
雷鸣,37
链,37
湖面,37
建,37
防,37
流出,37
挥之不去,37
盔甲,37
走掉,37
吴,37
脑后,37
零花钱,37
坐进,37
战术,37
相连,37
昨日,37
绿洲,37
只顾,37
可退,37
纯净,37
碾碎,37
最顶,37
吃个,37
一看,37
进退,37
称赞,37
击中,37
后备箱,37
口碑,37
全靠,37
不起眼,37
咸,37
星期五,37
摇头,37
弱肉强食,37
年轻有为,37
沾满,37
败笔,37
够呛,37
盒子,37
青云,37
往下坠,37
同伴,37
寄,37
扔进,37
三点钟,37
创意设计,37
快餐,37
神情,37
厦门,37
录制,37
花样,37
年前,37
收好,37
插队,37
壳,37
点睛之笔,37
吹灭,37
泥巴,37
阔,37
唱得,37
范,37
自行车,37
二两,36
抵赖,36
七年,36
希介,36
顶天立地,36
刀锋,36
算不上,36
老公,36
股票,36
知音,36
打球,36
穿金戴银,36
巧合,36
建设,36
牌匾,36
拆穿,36
龙道,36
罪犯,36
别过来,36
学费,36
没得法,36
边儿,36
问号,36
赐,36
别样,36
张愚,36
挨打,36
洗白,36
所说,36
机械,36
地区,36
无私,36
手术,36
不及,36
内在,36
腐朽,36
离合,36
沿海,36
上空,36
降落伞,36
一发,36
睁大眼睛,36
归途,36
沧海,36
吉丁,36
摇椅,36
组,36
在我看来,36
节日,36
粉红色,36
爱护,36
晚饭,36
声气,36
没人敢,36
献上,36
冰冰,36
报废,36
浇,36
藏进,36
不會,36
残缺,36
自闭,36
正二,36
ғ,36
晓不嘛,36
飞足,36
早要,36
一哟,36
拉近,36
抵挡,36
天明,36
水泊梁山,36
异样,36
第一天,36
公路,36
指挥,36
赏金,36
抽离,36
驾照,36
洗个,36
频繁,36
胭脂,36
摘掉,36
镇,36
을,36
ཀ,36
我本,36
何方,36
剪辑,36
光辉,36
刘,36
八口,36
老道,36
留个,36
蜂蜜,36
赏,36
二个,36
机遇,36
一百个,36
一心,36
皮带,36
伴侣,36
迟早会,36
关公,36
装个,36
气流,36
词句,36
坚固,36
备注,36
教科书,36
一批,36
墨水,36
潮,36
阐述,36
概率,36
百年,36
照镜子,36
钉子,36
挽回,36
快嘴,36
货币,36
倔,36
刷卡,36
办公室,36
默念,36
毫无保留,36
胶卷,36
欧洲,36
大于,36
波澜,36
外人,36
冷风吹,36
摇摇晃晃,36
随心所欲,36
四目,36
握紧拳头,36
甜言蜜语,36
促使,36
我想,36
争斗,36
追不上,36
习惯性,36
银,36
湖,36
抱抱,36
动静,36
唠叨,36
甜头,36
聊到,36
彻夜难眠,36
晃动,36
房顶,36
童声,36
汽油,36
上扬,36
睁开眼睛,36
离谱,36
巴适,36
歌声嘹亮,36
细,36
愚昧,36
画画,36
些许,36
铸成,36
干到,36
鱼头,36
背时,36
剥开,36
一带,36
吃药,36
醋,36
金盆洗手,36
翻滚,36
散场,36
总说,36
缠,36
没辙,36
椅子,36
看够,36
租,36
周杰伦,36
孙悟空,36
一到,36
媳妇,36
标杆,36
相识,35
多些,35
金蛇,35
艰难险阻,35
人太多,35
知晓,35
凝结,35
撅,35
声响,35
不由,35
一盏,35
绿皮,35
不离,35
接手,35
无休止,35
外界,35
传记,35
江,35
懂吗,35
顾忌,35
擦掉,35
陪你去,35
替补,35
狠狠,35
坚毅,35
人品,35
担忧,35
躲进,35
搜索,35
排练,35
万妮,35
令人,35
金牌,35
枪林弹雨,35
触发,35
不倒,35
黄沙,35
在座,35
业务联系,35
呷,35
로,35
矫情,35
들,35
聚会,35
推翻,35
脚尖,35
活力,35
抽泣,35
咻,35
淋,35
沉入,35
包扎,35
多远,35
和弦,35
买买,35
窟窿,35
哥老关,35
弄潮儿,35
辽宁,35
中有,35
ཟ,35
王政典,35
不灵,35
魔术,35
公式,35
用不着,35
店里,35
梁笑生,35
兰桂坊,35
蹬,35
把柄,35
赌徒,35
语音,35
下定决心,35
伪善,35
旭,35
现象,35
遍体鳞伤,35
挤破,35
后知后觉,35
惬意,35
乘风破浪,35
编舞,35
调调,35
创造力,35
两天,35
预言,35
确保,35
封杀,35
婊子,35
回切,35
让步,35
神话,35
每一刻,35
荒野,35
命令,35
好大,35
浅,35
超车,35
健身,35
阻拦,35
聽,35
踩死,35
不定,35
商店,35
自愿,35
海平面,35
苍天,35
不累,35
洗脑,35
愉快,35
赴汤蹈火,35
澳门,35
网,35
很长,35
千锤百炼,35
完蛋,35
隔离,35
标记,35
牵动,35
异类,35
匹敌,35
认定,35
海鸥,35
神明,35
高喊,35
巴西,35
片面,35
遇上,35
多多,35
不止一次,35
汤匙,35
光年,35
翻来覆去,35
范围,35
轮胎,35
火苗,35
犟,35
好处,35
酒量,35
爬开,35
透彻,35
寻觅,35
混合,35
长出,35
出身,35
外壳,35
金属,35
天山,35
咁,35
杂志,35
办不到,35
取悦,35
买下,35
变质,35
意,35
过会,35
艺术品,35
犯贱,35
就位,35
链接,35
部落,35
不太好,35
冷风,35
修行,35
复刻,35
无惧,34
茫茫,34
好多年,34
分心,34
飘向,34
相随,34
月儿,34
破灭,34
鹰,34
不熟,34
属,34
打烊,34
牵强,34
遮,34
甜美,34
钢筋,34
恶心,34
难堪,34
埋藏,34
以下,34
念旧,34
凡事,34
怒吼,34
喂狗,34
小可爱,34
见外,34
蔷薇,34
举手,34
加满,34
鼓起,34
微光,34
爱喝,34
听够,34
一举一动,34
冰山,34
受了伤,34
想不起,34
呼啸,34
皱纹,34
每天晚上,34
配饰,34
歇息,34
爷们,34
壮,34
小安迪,34
献给,34
同类,34
扎得,34
饕餮,34
听闻,34
乐堡,34
前任,34
楼房,34
마,34
勋章,34
铲除,34
造句,34
屋子,34
攻占,34
争执,34
梦到,34
有所,34
传给,34
属实,34
十足,34
半小时,34
秒杀,34
普普通通,34
纳闷,34
小马,34
元宝,34
姽,34
婳,34
著麥,34
ꆹ,34
浯,34
侵入,34
太得,34
喝茶,34
有样,34
鞋盒,34
平房,34
变卦,34
淘气,34
灵,34
本是,34
近况,34
蒙着,34
用光,34
清新,34
收下,34
赌博,34
深藏,34
余光,34
候鸟,34
阳光明媚,34
装模作样,34
配不上,34
砸碎,34
阴暗面,34
掉队,34
内个,34
女同学,34
冰雪,34
放任,34
指指点点,34
打了个,34
千疮百孔,34
瓜皮,34
老鹰,34
义务,34
早该,34
款,34
嘶吼,34
下笔,34
劳力士,34
粤语,34
珠江,34
边度,34
开过,34
质问,34
老套,34
霹雳,34
差劲,34
决斗,34
这么久,34
猫腻,34
深度,34
年头,34
太强,34
寒,34
高雅,34
淡忘,34
装傻,34
靠边站,34
排挤,34
学不来,34
多金,34
好莱坞,34
无味,34
语气,34
不差,34
开炮,34
行尸走肉,34
戴起,34
前人,34
沙漏,34
团体,34
继承,34
越来越近,34
霸气,34
命中,34
封存,34
人去,34
不择手段,34
蜻蜓,34
快去,34
紧箍咒,34
弄虚作假,34
骗过,34
配得,34
棺材,34
两种,34
太多太多,34
经济舱,34
游离,34
蹦蹦,34
弱小,34
阵容,34
当代,34
问心无愧,34
化解,34
责怪,34
穷孩子,34
十字路口,34
不要命,34
过家家,34
框,34
纯度,34
生计,34
定制,34
不久,34
抵达,34
玩起来,34
冲着,34
通告,34
词语,34
奇葩,34
美金,34
出入,34
心想,34
报复,34
布置,34
使出,34
身高,34
无言,34
我望,34
挨着,34
衣领,34
捂,34
终点线,34
多谢,34
暗处,34
精通,34
工厂,34
金曲,34
购物,34
让开,34
青龙,33
吃火锅,33
黑子,33
一名,33
行星,33
手头,33
崑,33
求得,33
唷,33
碾压,33
梦寐以求,33
乾坤,33
无表情,33
揣测,33
更换,33
化妆,33
龙舌兰,33
发脾气,33
下楼,33
争抢,33
傻笑,33
成人,33
动物园,33
如戏,33
梁靖,33
傲骨,33
太极,33
安放,33
圈儿,33
摊牌,33
琴键,33
露,33
大丈夫,33
张雪飞,33
谈吐,33
帽檐,33
揭穿,33
明知,33
交杯,33
卖命,33
剪掉,33
机位,33
二楼,33
风声,33
阿拉,33
江浙沪,33
借钱,33
尾,33
大人物,33
疯狗,33
泪珠,33
窗前,33
无边,33
各人,33
今生,33
热泪盈眶,33
情仇,33
背负着,33
染成,33
小老弟,33
两边,33
姜云升,33
应对,33
年度,33
放声,33
神魂颠倒,33
恰点,33
老舅,33
降温,33
射雕,33
名誉,33
专场,33
翻脸,33
ཆ,33
情谊,33
浇灌,33
先飞,33
河北,33
施鑫文,33
标注,33
水道,33
点点滴滴,33
만,33
小黑,33
险恶,33
荒谬,33
羁绊,33
浪里,33
唐,33
转过,33
杰克,33
总结,33
悼念,33
乞求,33
賺,33
宝贝儿,33
稀,33
尘世,33
仅,33
爱恋,33
求求,33
纯金,33
谦逊,33
人前,33
弹指,33
打游戏,33
跌宕,33
悲欢离合,33
封,33
飞船,33
不清,33
左脚,33
荒诞,33
周润发,33
打进,33
层次,33
待见,33
通向,33
罪过,33
做错,33
眼界,33
围,33
步骤,33
贪,33
跑得快,33
包庇,33
大火,33
打到,33
同事,33
惋惜,33
横,33
多数,33
幕后,33
飘过,33
阿里,33
瞪,33
落地窗,33
对外,33
摆满,33
局势,33
假期,33
奶油,33
瞧不起,33
数量,33
作弊,33
最怕,33
血管,33
平米,33
孤注一掷,33
战车,33
感伤,33
善于,33
怜悯,33
存,33
如初,33
类型,33
败给,33
湿透,33
白费,33
几十万,33
做主,33
喃,33
高端,33
思路,33
悲,33
通天,33
西南,33
惯,33
棋子,33
酝酿,33
乒乓,33
低估,33
移动,33
大到,33
要点,33
敌对,33
几口,33
抹杀,33
标志,33
谜,33
青春期,33
勾当,33
记下,33
艰辛,33
耽误,33
玩得,33
二十岁,33
奖金,33
坚韧,33
拉满,33
江河,33
福气,33
往右,33
感染,33
编程,33
侮辱,33
侵略,33
泪痕,33
风儿,33
荡漾,33
规定,33
笔尖,33
地心引力,33
把门,33
起跑线,33
坏话,33
第二个,33
收割,33
煎,33
截拳道,33
关照,33
爵士,33
殿堂,33
高速公路,33
高潮,33
大佬,33
分类,33
功利,33
村,33
变现,33
指责,33
夜景,33
溢出,33
来之不易,33
两口,32
看遍,32
写满,32
不快,32
后人,32
突如其来,32
情书,32
湖南,32
屏,32
迷途,32
嗒,32
禁止,32
拦,32
收听,32
视而不见,32
回不来,32
啵,32
金牛,32
芭比,32
打卡,32
飘进,32
窗边,32
天马行空,32
每夜,32
倒流,32
不禁,32
井底,32
發財煙,32
无止尽,32
时针,32
浇灭,32
皱,32
百,32
床头,32
锤,32
吞没,32
建造,32
转角,32
洗手,32
湖水,32
准,32
乘风,32
几根,32
伤透,32
放电,32
道别,32
写进,32
矮,32
九十九,32
刹车,32
瓶子,32
逛逛,32
雨夜,32
一战,32
保时捷,32
想活,32
手握,32
黄土地,32
鸟儿,32
鲜红,32
太多话,32
飙,32
胡天,32
陪伴着,32
马王,32
和解,32
真的假,32
潘多拉,32
生怕,32
白手,32
伢,32
偏离,32
不负,32
黑麦,32
有要,32
张晗,32
阮小七,32
這雙手,32
緊握,32
摔碎,32
다,32
不远,32
埋进,32
穿鞋,32
凛冽,32
流畅,32
落差,32
解决问题,32
三月,32
抡,32
悬,32
无处不在,32
冷眼,32
扎进,32
甩开,32
同胞,32
主要,32
게,32
은,32
美美,32
七分,32
停不下来,32
杂念,32
有的是,32
滴落,32
雨伞,32
洁白,32
断了线,32
亮相,32
燃料,32
日常,32
动态,32
十万,32
碰瓷,32
高尚,32
对立面,32
感同身受,32
飘逸,32
松,32
出行,32
出切,32
止不住,32
罗,32
数钱,32
及格,32
昙花一现,32
万人,32
通常,32
基础,32
伙些,32
霜,32
閪,32
口渴,32
很棒,32
龙卷风,32
目不转睛,32
需求,32
下巴,32
有罪,32
上膛,32
终点站,32
о,32
成立,32
暴风,32
两条,32
打不开,32
分歧,32
笃定,32
缘由,32
癫狂,32
芝加哥,32
伎俩,32
冲淡,32
凝视,32
如风,32
非议,32
杆,32
上岸,32
庸人,32
撼动,32
熙攘,32
灌溉,32
下一代,32
葬礼,32
先来,32
画饼,32
踏平,32
好消息,32
龙崎,32
狂飙,32
泰国,32
谁错,32
好多钱,32
效率,32
词汇,32
地表,32
帐,32
山巅,32
趴着,32
胃里,32
反弹,32
一团,32
说法,32
妖怪,32
尬,32
下注,32
白衣,32
笑柄,32
我梦里,32
半斤,32
哭诉,32
伏特加,32
心弦,32
减肥,32
购买,32
第几次,32
埋伏,32
北边,32
一枪,32
嚟,32
拉低,32
秘籍,32
料到,32
足以,32
西天,32
腼腆,32
水流,32
斗争,32
三观,32
说别,32
关灯,32
淘宝,32
别看,32
服装,32
规格,32
潜力,32
过度,32
过招,31
段子,31
总要,31
博弈,31
碰碰,31
玩耍,31
雅典娜,31
魂魄,31
肖邦,31
插进,31
再创,31
额,31
活法,31
作战,31
犯过,31
蜜蜂,31
点着,31
五彩,31
纸飞机,31
假酒,31
周大福,31
强求,31
不弃,31
离家,31
加勒比,31
壶,31
摇钱树,31
英语,31
有戏,31
百姓,31
起落,31
功课,31
一次性,31
打通,31
沙子,31
鸡腿,31
拾起,31
飘飘,31
八方,31
會,31
足,31
手掌,31
不屑一顾,31
潇潇洒洒,31
抨击,31
虚无,31
山城,31
天要,31
仓库,31
作怪,31
一百年,31
绷带,31
脑里,31
刺猬,31
牟晓静,31
黄辉媛,31
真能,31
像样,31
二手,31
无谓,31
酒局,31
地主,31
爱能,31
人儿,31
力道,31
一点一滴,31
太多事,31
の,31
凋落,31
衬衫,31
宋,31
每寸,31
赣,31
ɴ,31
焯,31
图画,31
硬汉,31
排斥,31
失,31
否认,31
沉寂,31
夜深,31
县城,31
韵律,31
夜幕降临,31
历险,31
野花,31
安眠药,31
理论,31
孤傲,31
一刀,31
腰间,31
说不出来,31
手握着,31
紧绷,31
好事,31
대,31
椒盐,31
刺骨,31
观音,31
打满,31
浑,31
可口,31
开枪,31
猜猜,31
添,31
分裂,31
迪士尼,31
普通人,31
冰川,31
我刚,31
美景,31
解答,31
流传,31
拿给,31
十八岁,31
极度,31
搞点,31
推动,31
评论家,31
校园,31
作用,31
大展,31
一包,31
冒烟,31
拉菲,31
乌合之众,31
狩猎,31
烈焰,31
首饰,31
嘻嘻哈哈,31
榜单,31
赚了钱,31
月色,31
遗言,31
失踪,31
不懂事,31
奖状,31
撕烂,31
弱点,31
春,31
想当,31
各有,31
三秒,31
胆小,31
壮大,31
怒火,31
如影随形,31
违背,31
异乡,31
问过,31
无路,31
词不达意,31
扇门,31
千言万语,31
劫,31
没醒,31
巴士,31
给出,31
修个,31
啲,31
白米,31
担当,31
目中无人,31
打乱,31
卡通,31
淡,31
嫁,31
顽皮,31
火药,31
必然,31
花费,31
后排,31
边界,31
歪门邪道,31
一辈,31
山西,31
千秋,31
写信,31
挑逗,31
着想,31
吐口,31
五彩斑斓,31
背地里,31
波,31
贷款,31
布拉德,31
笛,31
先得,31
坍塌,31
抱负,31
几点钟,31
南边,31
鄙视,31
那位,31
腔,31
掺,31
药物,31
记者,31
情义,31
发歌,31
举报,31
走得,31
听觉,31
照旧,31
科学家,31
无关痛痒,31
獠牙,31
跪拜,31
打赌,31
高地,31
火坑,31
善,30
可靠,30
更爱,30
溃烂,30
倾注,30
好想你,30
听不清,30
取得,30
古人,30
名片,30
浮云,30
一架,30
腾云驾雾,30
纷扰,30
之火,30
转弯,30
升龙,30
唆,30
按时,30
渡过,30
展翅,30
想家,30
频率,30
房里,30
多得,30
总以为,30
杠,30
不醒,30
时机,30
坟,30
滴血,30
赛,30
不可思议,30
暗自,30
烛火,30
世界各地,30
怨,30
猛兽,30
击倒,30
漏,30
淌,30
讨伐,30
砸烂,30
根烟,30
逢,30
核心,30
娴熟,30
眺望,30
彗星,30
停滞,30
坎儿,30
块儿,30
云烟,30
于思琦,30
王季辰,30
灯火通明,30
胜,30
改命,30
真切,30
挥发,30
复古,30
体贴,30
小学生,30
一缕,30
浮华,30
领地,30
击垮,30
画上,30
费劲,30
下车,30
告,30
梁,30
回馈,30
贪心,30
终究会,30
夺冠,30
生于,30
补,30
导航,30
启发,30
不放,30
拖延,30
雪地,30
打起,30
生性,30
不解,30
烟斗,30
久违,30
慢下来,30
牛蛙,30
夜吟,30
新街口,30
打勾,30
開德國車,30
摆处,30
摸不到,30
按个,30
发言,30
一整天,30
坚决,30
挚爱,30
务必,30
爆音,30
知不知道,30
缺席,30
洗澡,30
孤独感,30
草地,30
聚散,30
不太会,30
花絮,30
金黄色,30
装逼,30
男儿,30
聊聊,30
几颗,30
惧,30
怠慢,30
搞起,30
认错,30
凶手,30
超出,30
무,30
하,30
温饱,30
杀人,30
打击乐,30
哲理,30
黄土,30
т,30
机关,30
水里,30
开场,30
点赞,30
初中,30
打篮球,30
目空一切,30
工地,30
指甲,30
敌意,30
赢下,30
大山,30
助理,30
保利,30
球员,30
服气,30
涣散,30
震动,30
文案,30
廖效,30
乜,30
马桶,30
肚里,30
天王老子,30
电闪,30
界限,30
满大街,30
骆驼,30
梯队,30
橱窗,30
海盗,30
工程师,30
好耍,30
乏力,30
停不下,30
记恨,30
湾,30
屏障,30
走走停停,30
八年,30
涂,30
作证,30
名单,30
好几,30
反悔,30
治,30
宛如,30
交际,30
转换,30
友好,30
家长,30
杀器,30
幻灭,30
授权,30
老几,30
最多,30
胎记,30
嘟嘟,30
放逐,30
刺穿,30
走南闯北,30
天涯海角,30
足球,30
南墙,30
那帮,30
拐,30
登机,30
烟雾弥漫,30
进不来,30
楼上,30
东部,30
磁场,30
玉林,30
波折,30
拧,30
粘,30
繁忙,30
弹道,30
不听话,30
乐园,30
维护,30
老派,30
胡来,30
床单,30
向来,30
旷野,30
高高,30
饿着肚子,30
身披,30
结合,30
认知,30
枉,30
选择题,30
破旧,30
粥,30
若即若离,30
功名,30
顾及,30
后天,30
开腔,30
题,30
搅,30
双臂,30
词藻,30
言论,30
约翰,30
啪,30
痛恨,30
信不信,30
闪光灯,30
带有,30
五颜六色,30
多半,30
日进斗金,30
没要,30
手起刀落,30
压得,30
柜台,30
甜甜,30
波涛汹涌,30
兵器,30
矿,30
翘起,30
身经百战,30
走近,30
脸皮,30
有劲,30
尝过,29
扬名立万,29
不平,29
蓄势待发,29
倒时差,29
恶童,29
脉络,29
恰好,29
正式,29
刻下,29
敲击,29
真爱,29
绕过,29
标配,29
商场,29
喇叭,29
水中,29
孤岛,29
远航,29
插手,29
直升机,29
高点,29
长时间,29
开机,29
很久没,29
何人,29
不合理,29
小鸟,29
想象力,29
反反复复,29
很小,29
飘荡,29
埋下,29
怀中,29
风波,29
利,29
多难,29
眼儿,29
剃,29
耍成,29
欧阳靖,29
神州,29
增长,29
八字,29
填充,29
站稳,29
身不由己,29
金光,29
耳光,29
甜心,29
教授,29
稀罕,29
征战,29
面貌,29
不争气,29
馒头,29
推测,29
起立,29
领教,29
背弃,29
星期一,29
简简单单,29
悔恨,29
搞清楚,29
脊梁,29
君,29
兼职,29
健忘,29
昆明,29
死去活来,29
痊愈,29
这根,29
设置,29
嫁给,29
穿起,29
蔚蓝,29
环球小姐,29
换血,29
湖泊,29
东莞,29
重返,29
似曾相识,29
ꃀ,29
随风飘,29
一朵花,29
人山,29
膀子,29
催眠,29
威武,29
岂,29
张儿,29
裁判,29
占有欲,29
倒地,29
放手一搏,29
迈过,29
咔嚓,29
阳光灿烂,29
迷了路,29
交心,29
憎恨,29
踏进,29
恍惚,29
누,29
谈笑,29
袈裟,29
长枪,29
认命,29
五湖四海,29
探寻,29
圆满,29
很多年,29
顺从,29
亢奋,29
泪流,29
敬意,29
野狗,29
爱到,29
云海,29
自作聪明,29
点开,29
最亮,29
客户,29
跟前,29
教堂,29
几倍,29
头套,29
往昔,29
经不起,29
推敲,29
推销,29
这位,29
过时,29
一捆,29
小鬼,29
与非,29
咖,29
麻辣,29
婴儿,29
步调,29
母带,29
畸形,29
有鬼,29
出租,29
曝光,29
犯罪,29
会想,29
环游世界,29
啜泣,29
靠岸,29
送走,29
表妹,29
有意思,29
灌,29
最底层,29
除掉,29
余额,29
多到,29
位子,29
从头,29
天南地北,29
忠义,29
再回首,29
苦尽甘来,29
不需,29
推到,29
风霜,29
弟娃,29
成堆,29
武装,29
维度,29
该是,29
撒旦,29
火机,29
发消息,29
奴役,29
牵着手,29
太平,29
科比,29
驱散,29
大提琴,29
去向,29
平稳,29
国人,29
陨石,29
秋风,29
搬到,29
口感,29
传达,29
歌儿,29
音序,29
痒,29
糟,29
ë,29
组个,29
喜爱,29
矜持,29
灵活,29
遥不可及,29
一味,29
一斤,29
愚弄,29
大过,29
记得住,29
个儿,29
裂痕,29
罗言,29
修复,29
会馆,29
组建,29
大陆,29
游子,29
买车,29
浑浑噩噩,29
客人,29
魔咒,29
巨浪,29
五星级,29
待机,29
吐露,29
齐,29
天府,29
保重,29
进口,29
信徒,29
活到,29
多嘴,29
所向披靡,29
妞儿,29
类,29
通关,29
轰,29
落山,29
嬢,29
几下,29
细别,28
喝掉,28
年复一年,28
堆叠,28
我试,28
蛙,28
每时每刻,28
心肝,28
不选,28
笼罩着,28
万千,28
大起大落,28
来源,28
换取,28
熟睡,28
忠于,28
文,28
夜路,28
预测,28
温热,28
停住,28
搭乘,28
旁白,28
僵尸,28
脊背,28
不知悔改,28
想太多,28
幅,28
祭奠,28
冤家,28
比基尼,28
荡秋千,28
呆呆,28
曰,28
战无不胜,28
白沙,28
耍赖,28
几步,28
弱智,28
做大,28
懦夫,28
跳过,28
大房子,28
周旋,28
前无古人,28
花蕊,28
身躯,28
羽翼,28
杰作,28
爱玛,28
窗子,28
一二三四五,28
骨灰,28
苦苦,28
虾兵蟹将,28
直白,28
尊,28
真谛,28
乱叫,28
起跑,28
永远快乐,28
某得,28
法律,28
别闹,28
球迷,28
洒落,28
马里奥,28
儿童,28
来劲,28
睡个,28
丰满,28
改写,28
后生,28
翻篇,28
通病,28
下一场,28
朵朵,28
小鸭,28
一部分,28
闪闪,28
抚慰,28
通透,28
喝水,28
一個,28
江西,28
挤兑,28
罢,28
八七,28
胳膊,28
金剑,28
ꀋ,28
退让,28
守卫,28
变迁,28
土匪,28
势不可挡,28
记不得,28
挑起,28
炫技,28
仗义,28
黯淡,28
擦不掉,28
一束花,28
太阳能,28
飞檐走壁,28
运动,28
单,28
千山万水,28
古驰,28
抬手,28
乐趣,28
彭程,28
山中,28
寻欢,28
飞沙,28
玛瑙,28
那座,28
细雨,28
鞋底,28
洗脸,28
穿破,28
顶住,28
这盘,28
绞尽脑汁,28
报纸,28
合约,28
代码,28
盆满,28
兽,28
芳心,28
五十,28
击穿,28
万众瞩目,28
翻个,28
能干,28
布加迪,28
邪,28
光临,28
情商,28
悟空,28
全明星,28
赶不上,28
自言自语,28
出租车,28
正经,28
一击,28
现代,28
房贷,28
全力以赴,28
歌单,28
我换,28
猜想,28
喷出,28
魑魅魍魉,28
同桌,28
摩天大楼,28
小孩儿,28
收购,28
野草,28
十,28
往里,28
这回,28
巧,28
无用,28
来时,28
早睡,28
云淡风轻,28
观众们,28
冷嘲热讽,28
热气球,28
手指头,28
烧成,28
日妈,28
终会,28
讯息,28
一艘,28
净土,28
家里人,28
汇成,28
线条,28
设备,28
生动,28
拉住,28
网红,28
孟菲斯,28
成年,28
别用,28
一念,28
不缺,28
完歌,28
热浪,28
黃,28
外太空,28
改掉,28
景象,28
闹铃,28
翡丽,28
夏提,28
思源,28
蝴蝶效应,28
鼻涕,28
傲气,28
窝囊废,28
收益,28
偷懒,28
坏事,28
该来,28
瞎子,28
朝九晚五,28
桌,28
精湛,28
缺乏,28
说到底,28
谋杀,28
溺爱,28
回望,28
好过,28
古巴,28
埋怨,28
结,28
航行,28
碰上,28
壁画,28
唱针,28
体重,28
赛车,28
我定,28
胡,28
光顾,28
潮湿,28
心在,28
打下,28
间隙,28
海岸线,28
小角色,28
闪电侠,28
顶楼,28
加戏,28
面对现实,28
五四三,28
开天辟地,28
世故,28
自有,28
字眼,28
具体,28
龙门阵,28
棉被,28
烟囱,28
回声,27
捆绑,27
听得见,27
慈善,27
沙场,27
洪流,27
要活,27
局限,27
上爬,27
烫手,27
收费,27
强硬,27
反胃,27
我先,27
牢记,27
清洗,27
补充,27
重心,27
积攒,27
浑浊,27
嗜好,27
城门,27
不堪一击,27
羔羊,27
争口气,27
珍藏,27
五六,27
砖头,27
拉长,27
老妹,27
只差,27
探路,27
青,27
服,27
叫作,27
光照,27
买条,27
轻重,27
绊,27
输不起,27
娘炮,27
缺氧,27
云里雾里,27
说个,27
口子,27
扼杀,27
庇护所,27
变大,27
悟,27
辫子,27
悠悠,27
几人,27
沙哑,27
空腹,27
赎罪,27
剁,27
從,27
面容,27
妈咪,27
一行,27
流利,27
咒,27
瘾,27
击破,27
小路,27
那张,27
升,27
ʀ,27
恋,27
直至,27
逆天,27
分泌,27
凡间,27
葫芦,27
充电,27
男孩儿,27
隆历奇,27
取笑,27
小巷,27
急切,27
毫不犹豫,27
掉头,27
忍着,27
打理,27
心机,27
通电话,27
罗密欧,27
龍,27
救救,27
孤身,27
遛,27
ꀉ,27
何苦,27
老哥,27
画卷,27
ɪ,27
非商业,27
南溪,27
逐梦,27
剧,27
自生自灭,27
焦躁,27
模特,27
流向,27
摇动,27
悄然,27
决不,27
架子,27
体育,27
撒浪嘿,27
根源,27
呆滞,27
企图,27
眷恋,27
挥挥手,27
续写,27
仙境,27
了结,27
找不着,27
升堂,27
那晚,27
激光,27
风头,27
보,27
圆滑,27
冬,27
滋养,27
事迹,27
独,27
装睡,27
站台,27
回顾,27
流汗,27
有点累,27
不间断,27
超市,27
许诺,27
失误,27
跑过来,27
涌,27
称霸,27
十九,27
格,27
大冒险,27
冰镇,27
设定,27
掌心,27
两把,27
头号,27
卧薪尝胆,27
触及,27
洗洗,27
火山,27
我敢,27
报道,27
垫,27
不公,27
这事,27
确认,27
没少,27
流浪汉,27
外星人,27
提示,27
清高,27
即刻,27
石家庄,27
八点半,27
派头,27
新秀,27
扩张,27
客家,27
棒棒,27
没怕,27
酒都,27
太长,27
心急,27
全民,27
衣着,27
我演,27
底特律,27
比特,27
同龄人,27
人用,27
我发,27
红花,27
赴,27
撕破,27
单独,27
推倒,27
印着,27
衣袖,27
云中,27
川流,27
船长,27
发酵,27
克服,27
拆散,27
空壳,27
看起,27
约束,27
想开,27
一出,27
出自,27
下降,27
飘起,27
怪癖,27
来点,27
我车,27
蠢,27
人来疯,27
升高,27
快给我,27
看个,27
羊肉,27
太好,27
影,27
馕,27
老爷,27
努尔,27
太低,27
探讨,27
批脸,27
经得起,27
仙女,27
洗掉,27
几万,27
百口莫辩,27
老百姓,27
黄瓜,27
巍峨,27
忌惮,27
出击,27
现,27
柠檬,27
饿死,27
高脚杯,27
新款,27
字里行间,27
豹子,27
盖住,27
固定,27
通红,27
诗歌,27
商量,27
庆功酒,27
嘴炮,27
检讨,27
暗巷,27
两面,27
龌龊,27
更强,27
耍帅,27
金链,27
电闪雷鸣,27
尖锐,27
一再,27
环球,27
偿还,27
杀气,27
做起,27
图腾,27
前赴后继,27
屠杀,27
骗局,27
匪帮,27
搞错,27
轰炸机,27
一杆,27
没说,27
保质期,27
烽火,26
恐慌,26
粉红,26
专,26
宣泄,26
呵护,26
脂肪,26
船上,26
追尾,26
点点头,26
班长,26
喝杯,26
梦幻,26
头颅,26
海岸,26
叶子,26
战歌,26
痛楚,26
没完,26
张望,26
巴结,26
追风,26
蔫,26
乞讨,26
同化,26
荧幕,26
喋喋不休,26
喜怒,26
重视,26
三明治,26
袖子,26
小节,26
平坦,26
不及格,26
重塑,26
暗示,26
梦想成真,26
终有,26
拌,26
续,26
没差,26
碗饭,26
岸上,26
角,26
坐飞机,26
彻夜,26
人活,26
顺手,26
头绪,26
血迹,26
虚度,26
浮沉,26
馬,26
众生,26
何不,26
拿样,26
方向感,26
中流,26
下课,26
响亮,26
消逝,26
随身听,26
碰壁,26
划算,26
爱装,26
鼠辈,26
一念之间,26
系好,26
臭脚,26
扫地,26
奉献,26
丢脸,26
捂住,26
ꉌ,26
强迫,26
水花,26
三分球,26
枫叶,26
翻新,26
笨拙,26
剪刀,26
出版,26
装神弄鬼,26
迈向,26
泰山,26
点滴,26
煽动,26
尘封,26
场地,26
여,26
老照片,26
大晖,26
搭配着,26
好玩,26
抖动,26
新娘,26
陈楚生,26
九局,26
闪客,26
心上人,26
ʙ,26
望江,26
ꄉ,26
奇腾力,26
气死,26
赚大钱,26
公正,26
我信,26
市民,26
道具,26
肢体,26
是否是,26
阴险,26
两步,26
一匹,26
墨,26
仅剩,26
只怪,26
加足马力,26
伏笔,26
자,26
기,26
八角,26
吃不起,26
兔,26
滑落,26
大路,26
谢谢你们,26
踏着,26
戾,26
远行,26
萤火,26
偷听,26
牢牢,26
粮食,26
安定,26
踩下,26
遮掩,26
走散,26
不分昼夜,26
贴近,26
运转,26
纷争,26
比分,26
眼珠,26
穆勒,26
日本,26
力争上游,26
偶然,26
一刻起,26
追梦,26
几句话,26
落雨,26
别往,26
脚踏,26
我个,26
停靠,26
针,26
大牌,26
哀伤,26
原子弹,26
牛马,26
支付,26
无可,26
七点,26
基本上,26
优越感,26
合格,26
啤,26
文艺复兴,26
保守,26
声卡,26
宾馆,26
无法控制,26
何止,26
大写,26
引诱,26
著作,26
易威登,26
搬家,26
阵,26
追问,26
行不行,26
盒饭,26
秋千,26
伦敦,26
小费,26
都行,26
混子,26
求救,26
泡泡,26
假设,26
打探,26
博,26
训练,26
夺,26
太近,26
摆个,26
帅得,26
观点,26
土里,26
几招,26
袭,26
汗流浃背,26
纷纷扰扰,26
敲碎,26
可贵,26
换位,26
缘,26
马蹄,26
再也不能,26
生日快乐,26
说白了,26
弹钢琴,26
烟灰,26
港口,26
日历,26
主见,26
财神爷,26
尊敬,26
当歌,26
交通,26
礼,26
搭讪,26
七情六欲,26
碰见,26
国威,26
九十九个,26
骰子,26
十九岁,26
操纵,26
游历,26
淋雨,26
杀掉,26
坡,26
大大的,26
泰森,26
篇章,26
瓷都,26
垂头丧气,26
罪孽,26
哼哼,26
换掉,26
晋级,26
无可救药,26
外国人,26
上午,26
冲上,26
啤酒瓶,26
渐远,26
年轮,26
熄,26
山寨,26
每一分,26
迅速,26
作者,26
用笔,26
长成,26
绝地,26
接力棒,26
绿叶,26
不讲道理,26
几多,26
泳池,26
庄园,26
鬼才,26
诙谐,26
娃子,26
法国,26
分儿,26
出处,26
谢奇,26
那套,26
镜千,26
事先,26
充实,26
回事,26
可当,26
无可替代,26
冲浪,26
高举,26
示范,26
不要紧,26
罪名,26
我生,26
瞄,26
招惹,26
准备就绪,26
优点,26
丑恶,26
三十六计,26
逃不掉,26
表扬,26
睫毛,26
邋遢,26
清单,26
挣点,26
逃不开,25
晶莹剔透,25
2.0,25
刀尖,25
楞,25
上限,25
单调,25
苦力,25
相册,25
谢幕,25
锁住,25
加冰,25
一贯,25
霸王,25
周六,25
袅袅,25
模拟,25
性别,25
恍然,25
吃苦,25
火柴,25
飚,25
姐,25
关爱,25
舔着,25
踌躇,25
傻傻的,25
步入,25
人际关系,25
潦草,25
围城,25
灰暗,25
引领,25
行头,25
骄傲地,25
没劲,25
陪衬,25
变为,25
奏,25
暖阳,25
纵横,25
老歌,25
深沉,25
知足,25
从头到尾,25
不合,25
武力,25
识破,25
马尾,25
快刀斩乱麻,25
带路,25
凶器,25
白旗,25
玩个,25
部位,25
慷慨,25
变小,25
画儿,25
最贵,25
着魔,25
沧桑,25
孤独症,25
多亏,25
一间,25
一饮而尽,25
不值钱,25
嫌多,25
你学,25
播放器,25
抬高,25
仲夏夜,25
另一边,25
桃花,25
多重,25
透支,25
煽情,25
胡思乱想,25
升华,25
冷空气,25
收不到,25
风衣,25
逆行,25
取暖,25
人和事,25
不论是,25
刘勇,25
口吃,25
叫骂,25
从此以后,25
转变,25
好开心,25
我花,25
不败,25
阵地,25
ཉ,25
上火,25
再现,25
屈服,25
猜透,25
鱼儿,25
有钱人,25
亿万,25
来袭,25
婉转,25
彻夜未眠,25
曲线,25
ꑵ,25
狂兆北,25
风动,25
信用卡,25
简朴,25
吴彦祖,25
窗口,25
下台,25
兒,25
喜歡,25
같,25
烟酒,25
龙鸣,25
噻,25
溪,25
耍把,25
百态,25
两颗,25
纸币,25
痛饮,25
装载,25
系统,25
看轻,25
爱慕,25
斑,25
打发,25
三条,25
泪腺,25
应验,25
流沙,25
名状,25
指向,25
崴,25
不认,25
搞不定,25
那群,25
软件,25
趴下,25
以牙还牙,25
解读,25
煞,25
重担,25
头破血流,25
辗转,25
去掉,25
源头,25
있,25
反感,25
偷心,25
变慢,25
转头,25
数学,25
绿兵,25
拨打,25
女孩子,25
到时候,25
简讯,25
刘备,25
环节,25
里装,25
衰老,25
摊,25
飒,25
龙门,25
纯白色,25
细腻,25
土味,25
单枪匹马,25
粤,25
该要,25
攀,25
孤僻,25
战绩,25
米其林,25
炮火,25
交响,25
武林,25
揸,25
雷达,25
开上,25
稍微,25
负债,25
代言,25
摆动,25
球星,25
吹口哨,25
白金,25
丝滑,25
无解,25
枯竭,25
劳斯莱斯,25
上网,25
各路,25
独行,25
那块,25
天分,25
流星雨,25
肥,25
多样,25
铜臭,25
内疚,25
花里胡哨,25
阎王,25
数不尽,25
咣,25
硬气,25
冷冰冰,25
撸,25
称为,25
共患难,25
冷水,25
刀枪,25
替天行道,25
人头,25
扁,25
撂,25
信手拈来,25
很重,25
太子,25
直到现在,25
南城,25
口吻,25
狠心,25
脑残,25
判定,25
绯闻,25
揭露,25
谜题,25
致富,25
登陆,25
斯特,25
四面楚歌,25
分数,25
开阔,25
那首,25
发亮,25
渡,25
体育馆,25
台面,25
那娃,25
孩子气,25
扫兴,25
压着,25
查,25
拜金,25
后盾,25
武士,25
下过,25
满怀,25
乌烟瘴气,25
王炸,25
哥儿,25
炽烈,25
止痛,25
缓解,25
主导,25
大楼,25
教我如何,25
纽带,25
十二点,25
出错,25
呕吐,25
相隔,25
老炮,25
太燥,25
颤,25
激起,25
奏响,25
坦然,25
名为,25
退却,25
觅,25
打得,25
装酷,25
军,25
俗套,25
最酷,25
舒克,25
苛刻,25
侠客,25
堆砌,25
没个,25
嘀,25
曼妥思,25
一场空,25
几只,25
哪条,25
诀窍,25
夏季,25
网友,25
祝贺,25
爱心,25
懒散,25
一号,25
惊叹,25
领口,25
谄媚,25
见过世面,25
大可不必,25
千篇一律,25
出血,25
围观,25
桥梁,25
大王,25
要开,25
口令,25
短裤,25
南极,25
文字游戏,25
远走高飞,25
棒子,25
再用,25
高宇豪,25
买辆,25
击掌,25
东南,25
正事,25
水准,25
无意间,25
大意,25
伸出手,25
太酷,25
阿姆,25
直觉,25
卑劣,25
黑猫,24
迈巴赫,24
闷热,24
鲁莽,24
管不住,24
来往,24
掐住,24
棋战,24
抢救,24
滤镜,24
掉下来,24
撕扯,24
摄像头,24
胶片,24
合体,24
白喊,24
莫日,24
大自然,24
禁忌,24
回响,24
情绪化,24
七天,24
液体,24
调配,24
往下,24
惊呆,24
无动于衷,24
满天星,24
轩尼诗,24
北京城,24
平方,24
命里,24
市井,24
铁轨,24
白发,24
落空,24
离散,24
发车,24
纷飞,24
眉眼,24
不忍,24
重头,24
事与愿违,24
轰动,24
追忆,24
房塌房,24
最长,24
这天,24
叮,24
污浊,24
范上,24
工人,24
合并,24
姜,24
气愤,24
犯傻,24
放得,24
冷冻,24
地底,24
嬉笑,24
山林,24
招架,24
兄弟会,24
老旧,24
邢,24
요,24
开往,24
二八,24
恰,24
最低,24
闪耀着,24
朋克,24
生生不息,24
买房,24
整片,24
途中,24
筒子楼,24
积蓄,24
梦游,24
末日来临,24
西路,24
出事,24
显,24
班主任,24
过山车,24
察觉,24
难熬,24
前世,24
라,24
散仙,24
妩媚,24
应酬,24
小酷,24
恋人,24
迎,24
有够,24
页,24
飞去,24
你哥,24
恂,24
沈子,24
合群,24
我身,24
排满,24
七个,24
已成,24
眼高手低,24
看点,24
让你能,24
若无其事,24
附属,24
尽快,24
昨天晚上,24
长号,24
菠萝,24
造孽,24
红头发,24
重归于好,24
满顶,24
野野,24
太美咯,24
还晓,24
精猪,24
た,24
抱佛脚,24
特遣队,24
袁晓童,24
奉天,24
阿个,24
話,24
ꇁ,24
鲸鱼,24
军训,24
早早,24
筹备,24
燃尽,24
不休,24
马路上,24
为难,24
违心,24
动荡,24
裙子,24
怯懦,24
背井离乡,24
不畏,24
变强,24
踮起,24
咖喱,24
生物,24
É,24
带头,24
排好队,24
活出,24
笑笑,24
不容,24
好运来,24
中专,24
觉着,24
断定,24
嗷,24
天蝎座,24
贵贱,24
对折,24
光明正大,24
跳梁小丑,24
彩票,24
势力,24
度日,24
发育,24
没睡,24
投胎,24
耐力,24
莎士比亚,24
稚嫩,24
后卫,24
乐意,24
疤痕,24
睡前,24
合上,24
发给,24
郫县,24
胶布,24
绚丽,24
牛鬼蛇神,24
术,24
钢笔,24
滚动,24
元素,24
孙子兵法,24
切磋,24
普通话,24
两根,24
卡拉,24
见怪不怪,24
刘夫阳,24
拳击,24
故宫,24
唱到,24
握手,24
硬核,24
姜皓天,24
降维,24
后缀,24
篮筐,24
郭凯翌,24
屋檐下,24
馆子,24
戏弄,24
放歌,24
队形,24
枪响,24
价,24
少不了,24
吸尘器,24
人脉,24
那件,24
蔡,24
踢开,24
郎,24
框住,24
甘甜,24
袜子,24
出新,24
打动,24
时差,24
陆放,24
镀金,24
百度,24
娱乐圈,24
碰巧,24
杀戮,24
划出,24
在线,24
一盏灯,24
松口,24
羊群,24
冲天,24
滴滴答答,24
之力,24
接收,24
扫荡,24
碰面,24
靠山,24
平平淡淡,24
十二,24
领,24
每段,24
混在,24
龟,24
智障,24
很甜,24
手软,24
妖魔,24
市面上,24
听个,24
冥冥之中,24
气候,24
免疫,24
洗劫,24
太吵,24
演完,24
先锋,24
每张,24
感谢上帝,24
货色,24
摞,24
请柬,24
印在,24
某人,24
闪现,24
当头一棒,24
失效,24
祖宗,24
续集,24
自作多情,24
反戴,24
宝物,24
孽,24
顽劣,24
攻破,24
杯中,24
点起,24
胯,24
持久,24
惊人,24
好感,24
八倍,24
圈圈,24
武艺,24
患难,24
预见,24
青蛙,24
毫不在意,24
武昌,24
白头,24
渐行,24
涪陵,24
橘子,24
还乡,24
往日,24
咽,24
下着雨,24
弄脏,24
一千,24
馈赠,24
千万里,24
一百米,24
后无来者,24
画龙点睛,24
相融,24
哀愁,24
绝不能,24
三十岁,24
竖,24
吸进,24
切断,24
污染,24
悬崖峭壁,24
桀骜,24
良药,24
血里,24
开路,24
统称,24
地爱,24
一封信,24
刁钻,24
新一轮,24
爪子,24
喝够,24
刹,24
不怎么,24
起哄,24
剧烈,24
反骨,24
答,24
瓜分,24
线路,24
掀,24
产出,24
颗粒,24
两分钟,24
鞠躬,24
河里,24
何子彬,24
猛男,24
卸,24
卡特,24
睿,24
攻克,24
小屋,24
板儿,24
午饭,24
棉花,24
女性,24
坏孩子,24
应,24
昂起,24
我人,24
心慌,24
防止,24
萦绕,23
有缘,23
注重,23
有嘻哈,23
饥荒,23
没完没了,23
大梦,23
人马,23
院子,23
磕磕绊绊,23
刘海,23
瓜葛,23
今儿,23
源自,23
月黑风高,23
刮过,23
圣人,23
边疆,23
饮酒,23
明早,23
斑马,23
他們,23
一壶,23
糗,23
成见,23
三颗,23
左轮,23
杰出,23
遮盖,23
玛莎拉蒂,23
顺风,23
信封,23
闹市,23
应付,23
湿润,23
嗅,23
藏匿,23
扑通,23
空无一人,23
蘑菇,23
定数,23
红颜,23
斗兽场,23
怎知,23
送上,23
夹杂,23
我关,23
但丁,23
胖别,23
扯谎,23
尾灯,23
抢手,23
筋骨,23
鳞,23
宠,23
烟雨,23
后浪,23
解放碑,23
傻别,23
第一名,23
紧到,23
女士们,23
冬日,23
市里,23
人在江湖,23
混得,23
热水澡,23
热点,23
火车站,23
金山,23
暮,23
鲨,23
取舍,23
地毯,23
十天,23
原罪,23
风度翩翩,23
终极,23
编造,23
优柔寡断,23
段位,23
鬼火,23
洗涤,23
很烦,23
涌动,23
要死,23
记仇,23
轻柔,23
刀刃,23
小鹿,23
弹雨,23
异地,23
若隐若现,23
撞击,23
骑马,23
何时能,23
自古,23
上辈子,23
耗,23
无人问津,23
越飞越,23
西米,23
凑近,23
邀,23
狭小,23
正视,23
阶级,23
只言片语,23
今朝有酒,23
搞不清楚,23
夜郎,23
還是,23
念念,23
写过,23
斯威特,23
ཏ,23
散开,23
暗恋,23
炼,23
五线谱,23
溅,23
非凡,23
樱,23
脆,23
虚幻,23
荨麻疹,23
意味着,23
格格不入,23
万丈,23
没法儿,23
养活,23
众,23
生活费,23
시,23
의,23
를,23
最起码,23
盼望着,23
效应,23
亲口,23
上游,23
娘,23
玩命,23
托,23
楼道,23
糟蹋,23
仁慈,23
向北,23
闯到,23
尘,23
人世,23
荒原,23
一往无前,23
朵花,23
何其,23
不求,23
长长的,23
热门,23
想必,23
最深处,23
场上,23
那刻,23
蛀虫,23
实际上,23
辐射,23
意愿,23
瓦解,23
特雷西,23
瑒,23
心心念念,23
有苦,23
意料,23
开窍,23
皱眉头,23
牛排,23
病床,23
出租屋,23
关键时刻,23
窝囊,23
写作,23
拉上,23
点评,23
师兄,23
仔细听,23
含苞待放,23
圣地,23
留点,23
祭,23
白雪,23
低迷,23
售罄,23
犯了错,23
谈钱,23
解剖,23
哗众取宠,23
荡,23
风流倜傥,23
无论如何,23
鳄鱼,23
一字一句,23
几十,23
念经,23
王八,23
膈,23
飞往,23
财产,23
东岸,23
打车,23
历经,23
断气,23
沦落,23
一致,23
遥控器,23
老朋友,23
迪拜,23
火辣,23
数落,23
半辈子,23
告密,23
自在,23
字母,23
爱戴,23
打打,23
冒险家,23
不切实际,23
回放,23
凶险,23
列表,23
毒液,23
介入,23
切成,23
窄,23
遭到,23
媲美,23
往外,23
胸怀,23
生前,23
天长地久,23
夜不能寐,23
打仗,23
成群结队,23
裹起,23
顶层,23
钉,23
锦,23
塌陷,23
中立,23
蓝牙,23
护士,23
程序,23
躺平,23
蝙蝠,23
反面,23
公开,23
转折,23
起起落落,23
匍匐,23
横冲直撞,23
带风,23
换种,23
变坏,23
设下,23
揣进,23
炸裂,23
预告,23
组织,23
响应,23
未接,23
明媚,23
小屁孩,23
成王败寇,23
几块,23
球场上,23
咬住,23
表弟,23
日光,23
切记,23
饼干,23
天数,23
适者生存,23
称兄道弟,23
上涨,23
剪断,23
标榜,23
同伙,23
退散,23
起跳,23
信赖,23
将近,23
薪水,23
好累,23
描写,23
钢板,23
钱财,23
初次,23
卖掉,23
乌龟,23
皮毛,23
爬楼梯,23
味觉,23
и,23
批话,23
山歌,23
五百,23
宿舍,23
不见得,23
含着,23
排着,23
黄鹤楼,23
心目,23
综艺节目,23
赤道,23
堂,23
情景,23
南下,23
拉高,23
服输,23
刷牙,23
治好,23
三亚,23
不受,23
刹那间,23
污垢,23
发表,23
空隙,23
浸泡,23
夜宵,23
压倒,23
很累,23
天色,23
钟意,23
松懈,23
发霉,23
世家,23
吐出来,23
这有,23
根儿,23
轻盈,23
手里剑,23
猫儿,23
瓜起,23
会上,23
漏出,23
一亩,23
联手,22
美式,22
别来无恙,22
委婉,22
鸿鹄之志,22
举动,22
值不值得,22
或者说,22
甜品,22
觉悟,22
退休,22
中午,22
喘气,22
生钱,22
把酒言欢,22
花言巧语,22
病人,22
随机,22
没落,22
洋,22
毫无疑问,22
踏遍,22
浪迹天涯,22
时过境迁,22
大都,22
出歌,22
崇高,22
指南,22
破烂,22
烧光,22
孤舟,22
刺破,22
胡子,22
吃喝,22
说破,22
视角,22
一万年,22
要往,22
热水,22
邓紫,22
燕雀,22
摸黑,22
邓紫棋,22
喉,22
腐蚀,22
喝汤,22
发掘,22
关门,22
疼爱,22
酒醒,22
嘣,22
实践,22
锁上,22
闯过,22
手枪,22
大年,22
显眼,22
山下,22
我哥,22
长征,22
一封,22
发来,22
不进,22
一帧,22
脚本,22
优美,22
卫星,22
不值,22
支付宝,22
担,22
邦国,22
同流合污,22
分秒,22
伫立,22
煽风点火,22
鸭,22
百米,22
一天到晚,22
打麻将,22
课桌,22
主打,22
换钱,22
相亲,22
小吃,22
何为,22
直面,22
下个月,22
伤过,22
山间,22
割舍,22
巴别,22
奥迪,22
倾倒,22
说到做到,22
泡妞,22
咒语,22
말,22
黑娃,22
挨饿,22
穿着打扮,22
稀饭,22
卧槽,22
宽容,22
个子,22
冷清,22
烦躁,22
车库,22
卧,22
好久没,22
律师,22
志气,22
河水,22
手背,22
双眸,22
航,22
二郎腿,22
请勿打扰,22
一字,22
灼伤,22
故障,22
每步,22
机器人,22
多巴胺,22
里边,22
下关,22
开别,22
交出,22
最最,22
人口,22
张扬,22
背水一战,22
不良,22
宜兴,22
王泓漓,22
叙述,22
语,22
燥音,22
不难,22
咨询,22
点票,22
一事无成,22
闪烁着,22
罐头,22
困兽,22
别挡,22
百达,22
要饭,22
目前,22
物是人非,22
虚空,22
避风港,22
悠闲,22
狠话,22
让路,22
画家,22
个体,22
拉帮结派,22
海选,22
快感,22
掠过,22
上坡,22
不散,22
控诉,22
朵玫瑰,22
干完,22
有用,22
苟且,22
专一,22
光脚,22
南昌,22
挨骂,22
Δ,22
坏习惯,22
눈,22
改造,22
弥漫着,22
铺天盖地,22
前男友,22
随性,22
提出,22
太满,22
莫斯科,22
废品,22
切克,22
举着,22
灯笼,22
惊恐,22
潮汐,22
自拍,22
急促,22
长久,22
這,22
刻进,22
探戈,22
算命,22
退役,22
不值一提,22
下水道,22
呱呱,22
户口,22
幸亏,22
火眼金睛,22
徒弟,22
太烂,22
汇合,22
飞在,22
票房,22
い,22
老火,22
十一,22
肥宝,22
唱段,22
受众,22
跌宕起伏,22
唱的歌,22
游泳池,22
越大,22
源于,22
斗嘴,22
敞篷,22
心虚,22
开动,22
热得,22
压制,22
房东,22
排行榜,22
击落,22
往返,22
浩荡,22
冰淇淋,22
砰砰,22
食品,22
有病,22
第二次,22
古代,22
十点,22
杀到,22
总得,22
音色,22
青铜,22
主歌,22
嗲,22
丝,22
薄,22
伊甸园,22
笔触,22
渲染,22
深爱着,22
声浪,22
成群,22
伸,22
毫不,22
不可理喻,22
温室,22
老友,22
看着办,22
买票,22
大钱,22
厚重,22
漏洞,22
恩仇,22
专柜,22
扑灭,22
玩到,22
陈词滥调,22
声线,22
乱说,22
更改,22
一日,22
先到,22
结冰,22
抹掉,22
车轮,22
批发,22
山羊,22
打牌,22
缩,22
屌丝,22
低俗,22
百发百中,22
骂人,22
表明,22
二哥,22
火到,22
层,22
三流,22
魔方,22
转速,22
长期,22
五星红旗,22
二环,22
亚特兰蒂斯,22
没够,22
繁花,22
死血,22
黎明前,22
一向,22
待定,22
模子,22
马甲,22
飞逝,22
听不进,22
引导,22
鞭子,22
有多深,22
辆车,22
饭菜,22
周边,22
偶遇,22
小武,22
何等,22
兑,22
贬低,22
阴阳怪气,22
生根,22
辆,22
名和利,22
怪异,22
一眨眼,22
鸿鹄,22
价值观,22
来来来,22
错觉,22
总决赛,22
干净利落,22
用手,22
前天,22
螃蟹,22
童心,22
整齐,22
第一枪,22
言不由衷,22
孕育,22
大浪淘沙,22
风平浪静,22
苟活,22
调教,22
深浅,22
高坡,22
先烈,22
采,22
过个,22
车澈,22
油画,22
不烂,22
我加,22
李毅杰,22
压垮,22
指南针,22
歌谣,22
冬瓜,22
恐怕,22
动画片,22
有点像,22
好多个,22
结巴,22
茅坑,22
谈谈,22
出类拔萃,22
你老,22
公寓,22
吞掉,22
齿轮,22
攒,22
切割,22
钟祺,22
掉落,22
肚子饿,22
讲故事,22
置身,22
跳起,22
拍成,22
壮丽,22
有愧,22
预谋,22
清早,22
唏嘘,22
酒馆,22
摇起来,22
买好,22
逍遥自在,22
翻到,22
触电,22
芥末,22
领跑,22
到哪去,22
黄毛,22
剃刀,21
日出日落,21
疏忽,21
及时,21
未成年,21
走得慢,21
太差,21
大漠,21
电池,21
下肚,21
抒发,21
迁徙,21
咸鱼,21
流去,21
顶到,21
晴空,21
我面,21
对着干,21
好难,21
这部,21
掐灭,21
当过,21
指纹,21
抵,21
中超,21
游戏机,21
混成,21
雨过天晴,21
过不去,21
耳畔,21
眼睁睁,21
长不大,21
佳人,21
缅怀,21
尚未,21
手术刀,21
篮球场,21
阴雨,21
烟圈,21
飞来,21
心寒,21
面纱,21
胡话,21
创新,21
借酒消愁,21
逆来顺受,21
诉苦,21
人海中,21
已久,21
隔绝,21
王晓夫,21
成全,21
愣,21
起不来,21
收工,21
闪着,21
有毒,21
没人管,21
说得对,21
极速,21
高昂,21
刻上,21
飙到,21
秒钟,21
没玩够,21
抱头,21
海岛,21
王座,21
玻璃窗,21
多棒,21
分分合合,21
治不好,21
造次,21
借给,21
姐子,21
逆着,21
玉龙,21
两万,21
意志力,21
天道酬勤,21
有色眼镜,21
尔虞我诈,21
逃脱出,21
快门,21
那次,21
放在心里,21
一错再错,21
不能不,21
一步登天,21
缤纷,21
躲不开,21
诉,21
流过泪,21
电动,21
一枚,21
耕耘,21
搭个,21
维纳斯,21
馋,21
小胖,21
迁就,21
美貌,21
蜚语,21
修饰,21
欻,21
貂,21
没事儿,21
性命,21
素质,21
沟壑,21
迈克,21
控制不了,21
帮手,21
笑一笑,21
驶向,21
時候,21
过生日,21
似火,21
三思而后行,21
爹妈,21
陪你到,21
阵痛,21
徒劳,21
细数,21
说不清,21
要帅,21
落单,21
选个,21
躲藏,21
深奥,21
土鳖,21
朴实,21
直线,21
呲,21
无耻,21
一伙,21
ꄮ,21
小瑜,21
票多卖,21
人海去,21
心连,21
调式,21
调号,21
音名,21
小五,21
颠沛流离,21
ᴍ,21
下辈子,21
关怀,21
旁观,21
夜风,21
娘娘,21
教官,21
一环,21
一己,21
积德,21
光里,21
每個,21
一身正气,21
暗流,21
无悔,21
照常,21
餐桌,21
尝到,21
边境,21
倒转,21
荣幸,21
滚开,21
不息,21
狂热,21
开开,21
崎岖,21
十几,21
若不衣,21
无岸,21
多咯,21
糖衣炮弹,21
姓名,21
야,21
纯属,21
天时,21
灭亡,21
消退,21
饶,21
浮出,21
咽喉,21
洪水,21
高原,21
扯淡,21
一千零一夜,21
变好,21
股,21
降低,21
天有,21
残,21
小卖部,21
飞盘,21
人山人海,21
融为一体,21
转圈,21
泥沼,21
红眼病,21
当当,21
楚,21
脱口而出,21
紫禁城,21
越多越,21
开关,21
顿,21
接纳,21
索性,21
冒犯,21
北部,21
再度,21
锅巴,21
à,21
别信,21
几秒,21
高峰,21
染,21
苍老,21
足矣,21
气急败坏,21
掀开,21
肉沫,21
排名,21
罪人,21
说不定,21
这碗,21
曲解,21
老师傅,21
耳,21
开垦,21
写词,21
花生,21
问下,21
舌尖,21
忽,21
一类,21
喉结,21
满屋,21
妥,21
满脸,21
先别,21
海口,21
示弱,21
精华,21
吧唧,21
武当,21
作息,21
非主流,21
霉,21
铺盖,21
物,21
法语,21
雨声,21
另一面,21
李白,21
过河,21
姚明,21
梦乡,21
闪光,21
交叉,21
凸显,21
卡车,21
施舍,21
一班,21
涡轮,21
远眺,21
猛虎,21
气魄,21
一片空白,21
放荡,21
异禀,21
迈阿密,21
遮挡,21
疆土,21
拼音,21
签个,21
夯实,21
光速,21
巧妙,21
看得清,21
铠甲,21
白马,21
早日,21
资本家,21
摸不透,21
男主角,21
根本无法,21
意气风发,21
绝招,21
映射,21
搭档,21
引来,21
新手,21
煲,21
海拔,21
无法形容,21
小提琴,21
没点,21
线下,21
醒过来,21
龙的传人,21
装到,21
成都市,21
新货,21
显然,21
毫不费力,21
太狂,21
挣得,21
香奈儿,21
晚睡,21
前女友,21
天意,21
细水长流,21
杂种,21
嗓音,21
从中,21
蹦极,21
热单,21
俘虏,21
能不能够,21
拒之门外,21
摇旗,21
好笑,21
а,21
风骚,21
红眼,21
稀里哗啦,21
盘子,21
细心,21
岂能,21
兵临城下,21
小姑娘,21
圣诞老人,21
看待,21
只信,21
宣告,21
哭声,21
不为,21
挨过,21
日生,21
女主播,21
几瓶,21
测,21
吐字,21
多疑,21
献祭,21
九头鸟,21
沈阳,21
教导,21
爪,21
难倒,21
电话号码,21
勾起,21
摆设,21
庇佑,21
三界,21
句句,21
利润,21
粗俗,21
白天黑夜,21
弓箭,21
放在心上,21
聚焦,21
吃得饱,21
何尝,21
越做越,21
夺目,21
天梯,21
老乡,21
头盔,21
发火,21
拍打,21
艳丽,21
神坛,21
转过身,21
数星星,21
武松,21
志向,21
坚持到底,21
丝袜,21
爱会,21
浩然,21
大灰狼,21
手艺,21
好歌,21
3.5,21
小视频,21
拿起,21
国际化,21
脑门,21
出动,21
好心,21
金矿,21
厨师,21
替换,21
嘢,21
内外,21
高档,21
弄死,21
半径,21
预备,21
爱与恨,21
昂首,21
叫声,21
稀薄,21
火得,21
油漆,21
浅薄,21
富婆,21
费用,21
留到,21
上衣,21
多一些,21
口哨,21
带电,21
群众,21
磨合,21
搞头,21
放眼望去,21
吻别,21
手举,21
招待,21
岛屿,21
超乎,20
前先,20
杀伤力,20
扎个,20
低声下气,20
蒲公英,20
屋内,20
荒凉,20
好好学习,20
硬着头皮,20
关乎,20
表象,20
对峙,20
逃亡,20
刘华强,20
公交车,20
凑合,20
糖衣,20
夕阳西下,20
跋山涉水,20
合音,20
马戏团,20
浓度,20
梭哈,20
铃铛,20
该往,20
回头路,20
睡意,20
面上,20
灵魂深处,20
米粉,20
阿刀,20
志在,20
闲庭信步,20
踱步,20
偏方,20
治病,20
茫茫人海,20
叶霖,20
手感,20
赞赏,20
耿直,20
豺狼,20
低音,20
不管怎样,20
最深,20
双目,20
三岁,20
万分,20
痛处,20
谨慎,20
飞越,20
天上掉,20
上流,20
仇人,20
夜未央,20
小伙伴,20
争辩,20
鸿门宴,20
正当,20
对酒当歌,20
我装,20
冷饭,20
墨迹,20
跨上,20
差错,20
驻扎,20
恶人,20
怨言,20
财,20
混混,20
偏锋,20
第一位,20
心安,20
车票,20
河西,20
睁不开,20
狼群,20
唢呐,20
野孩子,20
毅力,20
签到,20
来换,20
高天佐,20
七月,20
谨记,20
厚积薄发,20
过敏,20
美人,20
每颗,20
不赖,20
浓雾,20
掌管,20
怪罪,20
平原,20
记不住,20
投币,20
潇洒走,20
陈述,20
音箱,20
豪车,20
出去玩,20
地飞,20
遗落,20
登基,20
行者,20
亲近,20
溃流,20
叫板,20
垫底,20
最快,20
新鞋,20
太乱,20
眼皮,20
后路,20
仁义,20
肚皮,20
密布,20
打起精神,20
夢,20
褒贬,20
踏雪,20
阴晴不定,20
牵绊,20
同仇敌忾,20
喝啤酒,20
心烦,20
单手,20
整整,20
漂亮女孩,20
欣怡,20
前线,20
何来,20
默认,20
结账,20
扮,20
江浙,20
窜,20
书上,20
型号,20
畅快,20
不相干,20
坏脾气,20
冷战,20
丧气,20
這個,20
開始,20
难关,20
下头,20
桶,20
今天天气,20
哆嗦,20
Ü,20
舒克舒克,20
心某,20
ꀑ,20
二一,20
看向,20
办卡,20
管乐,20
飞太远,20
甘有通,20
繼續,20
肌肤,20
우,20
故人,20
ꁧ,20
大位,20
好聚好散,20
鼻青脸肿,20
怀旧,20
怀揣,20
无可奉告,20
发迹,20
挺胸,20
浮生,20
仟禧,20
ꉠ,20
ꂷ,20
一片片,20
分得清,20
泷,20
空旷,20
发送,20
月儿圆,20
防御,20
蛤蟆,20
自救,20
无关紧要,20
一腔热血,20
感官,20
不知疲倦,20
一锤,20
田里,20
俯卧撑,20
雕刻,20
香水味,20
捏碎,20
胶带,20
翻涌,20
妖精,20
吹捧,20
不好惹,20
真人秀,20
中毒,20
披风,20
金不换,20
代,20
我爹,20
上楼,20
内心深处,20
入口,20
堡,20
卷子,20
舍弃,20
跌入,20
唾沫,20
主义,20
易碎,20
口舌,20
过头,20
流放,20
演着,20
我错,20
站队,20
跑步机,20
沪,20
周年,20
裂变,20
内耗,20
收场,20
环绕着,20
犯病,20
欠下,20
敬畏,20
随之,20
兴奋剂,20
欣慰,20
回击,20
粮,20
轮换,20
勒里,20
容忍,20
嘀咕,20
捱,20
担架,20
黑胶,20
四海为家,20
识,20
高架,20
风向,20
败类,20
出道,20
走捷径,20
停顿,20
就行了,20
人站,20
小看,20
吊打,20
案例,20
点名,20
竹林,20
哑,20
塞车,20
靓,20
弯弯,20
铁路,20
枪手,20
双人,20
雕像,20
上桌,20
双向,20
设,20
拿得起,20
分散,20
见见,20
气得,20
圣诞,20
沾边,20
勒布朗,20
婚姻,20
贝多芬,20
追捧,20
浑身解数,20
服务员,20
施展,20
落户,20
碰过,20
芳香,20
脚步声,20
分成,20
偷偷摸摸,20
防弹,20
悄悄话,20
散布,20
辛,20
事到如今,20
花掉,20
抓起,20
陀螺,20
鸣,20
高富帅,20
多来,20
飘散,20
家住,20
染红,20
饱受,20
皮卡丘,20
苦短,20
条条框框,20
生命力,20
基地,20
每首,20
抛掉,20
箱子,20
一夫当关,20
千军万马,20
比例,20
醉鬼,20
撤离,20
有名,20
浑身上下,20
拥入,20
优惠,20
空闲,20
称王,20
无厘头,20
安抚,20
拔出,20
强行,20
眩晕,20
山脉,20
难得糊涂,20
如梦,20
大逃杀,20
画像,20
宝器,20
云霄,20
胯下,20
泡泡糖,20
领略,20
另一端,20
保持警惕,20
迈开,20
关上门,20
曲面,20
南门,20
别找我,20
白板,20
第一眼,20
学历,20
拿手,20
高处不胜,20
瘫痪,20
活路,20
古典,20
跟踪,20
游艇,20
噱头,20
不惯,20
过问,20
活儿,20
山头,20
豁别,20
许雯静,20
爱得,20
洒向,20
城池,20
飞蛾扑火,20
捕猎,20
心口,20
最为,20
尺度,20
狭隘,20
呱,20
我养,20
大吉大利,20
靶子,20
欧,20
卧龙,20
缺失,20
漫画,20
没人信,20
不同于,20
百变,20
新浪,20
滥竽充数,20
夏夜,20
聚拢,20
刀光剑影,20
意念,20
墓地,20
小熊,20
坏掉,20
过夜,20
外貌,20
干爹,20
孟子,20
心眼,20
问起,20
字体,20
我手,20
炸掉,20
前浪,20
投机取巧,20
十分钟,20
长度,20
勒些,20
讲礼貌,20
内部,20
抿,20
帽儿,20
得以,20
吹动,20
记在,20
秘方,20
这幅,20
中华民族,20
香火,20
人往,20
盖哥,20
开会,20
准确,20
滑过,20
搬出,20
住嘴,20
成分,20
贯穿,20
哈利波,20
踏破,20
开足马力,20
无穷的,20
懂个,20
不上,20
精神病,20
通缉,20
看热闹,20
独处,20
周五,20
周一,20
排面,20
清爽,20
优质,20
小李,20
探,20
胆小鬼,20
麦田,20
满腔,20
几段,20
争强好胜,20
骏马,20
麦在,20
碟切,20
星期六,20
零点,20
昙花,20
好日子,20
悲痛,20
偏差,20
冤枉,20
夸赞,20
苦笑,20
野哥,20
笔写,20
听点,20
骑上,20
新的篇章,20
言辞,20
泥鳅,20
利落,20
透视,20
飘香,20
不自量力,20
夹杂着,20
股份,20
不怀好意,20
过眼云烟,20
自命清高,20
老伙计,20
本书,20
送来,20
卷入,20
楼层,19
转移,19
迷住,19
永别,19
浓烈,19
裹挟,19
山谷,19
取经,19
风采,19
咀嚼,19
两半,19
一记,19
愧对,19
春夏,19
叫卖,19
女主角,19
备好,19
人际,19
斩获,19
盘算,19
食不果腹,19
分个,19
冉启升,19
妙,19
鸡肋,19
喜不喜欢,19
痰,19
温,19
斯,19
苦辣酸甜,19
拍马屁,19
倾城,19
厂,19
来世,19
胆色,19
独奏,19
天舞,19
简历,19
之际,19
贪恋,19
石行,19
草木,19
郭,19
呈,19
星云,19
安顺,19
打扫,19
嬉皮,19
空姐,19
传媒,19
酒鬼,19
装疯卖傻,19
让你在,19
别老,19
歌要,19
刺儿,19
未经许可,19
回收,19
停车,19
五分钟,19
亲兄弟,19
最甜,19
世事,19
出演,19
俗人,19
没电,19
曼妙,19
不像话,19
少来,19
大千世界,19
高大,19
推理,19
杂,19
劫富济贫,19
伯伯,19
校门口,19
街灯,19
隔阂,19
静,19
那根,19
中奖,19
人大,19
奸诈,19
地底下,19
琴声,19
香蕉,19
走入,19
急功近利,19
花落,19
当狗,19
像头,19
异常,19
赛过,19
成仙,19
追杀,19
一剑,19
听清,19
冥想,19
地说,19
贵宾,19
小猫咪,19
讲讲,19
覆水难收,19
好牌,19
没醉,19
悬念,19
几分钟,19
揭晓,19
睡得,19
撬开,19
参观,19
怎么回事,19
开火,19
婚纱,19
扭头,19
豆,19
痛哭,19
太太,19
换下,19
领土,19
拍拖,19
稻草,19
樱桃,19
之士,19
身心,19
树下,19
木头,19
进到,19
隐忍,19
天顶,19
隐隐,19
丸,19
斜,19
随口,19
跟我来,19
萎靡,19
夜光,19
五音,19
不齐,19
废纸,19
老官,19
青城山,19
篇,19
卻,19
死期,19
潜入,19
铺开,19
迪奥,19
疑虑,19
没本事,19
指路,19
杨秋儒,19
泪点,19
翻阅,19
借助,19
平安夜,19
起火,19
一撇,19
共度,19
轰轰烈烈,19
人像,19
慢热,19
显示,19
走要,19
沉浮,19
ꀊ,19
曹县,19
锘,19
宋亚轩,19
郑晓桐,19
中国式,19
拂,19
肯德基,19
苦太多,19
泡影,19
爽歪歪,19
刻骨铭心,19
狗子,19
ɢ,19
轻吻,19
雷雨,19
蛟龙,19
亮光,19
陕西,19
怕黑,19
卫,19
ꉬ,19
ꅽ,19
密度,19
维吾尔族,19
谁谁谁,19
零食,19
尾气,19
赛场,19
一意孤行,19
自毁,19
凡尘,19
劈开,19
踢球,19
我头,19
过硬,19
玛利亚,19
海河,19
脱离苦海,19
针锋相对,19
净化,19
喜好,19
痞子,19
长长,19
上线,19
我往,19
拘束,19
置身事外,19
涂杰,19
封锁,19
年轻气盛,19
很久,19
窥视,19
拉面,19
整条,19
对此,19
车门,19
侩,19
嘉兴,19
播放列表,19
历历在目,19
马云,19
当天,19
喝不醉,19
污蔑,19
一概,19
乘坐,19
顶嘴,19
购物车,19
ら,19
驰骋,19
白银,19
忍者,19
来历,19
倒映,19
自律,19
天鹅,19
攀升,19
真真假假,19
谭,19
翻遍,19
暴发户,19
书生,19
配位,19
渤海湾,19
别乱,19
大蒜,19
人过,19
限量,19
赤脚,19
怎么着,19
种瓜得瓜,19
鸡血,19
花花公子,19
芭蕾,19
慰藉,19
满目,19
马拉松,19
贸易,19
小兵,19
花臂,19
只算,19
传唱,19
靓仔,19
粉儿,19
动车,19
步步高,19
混凝土,19
技艺,19
推荐,19
不高,19
辩护,19
叛徒,19
白兰地,19
三次,19
不加,19
快到,19
说错,19
玩世不恭,19
黑粉,19
毛笔,19
常规,19
扑街,19
贵人,19
运,19
水上,19
树敌,19
离场,19
二十一,19
文盲,19
周星驰,19
他家,19
饭店,19
我选,19
身世,19
整座,19
多变,19
下棋,19
超大,19
赌上,19
舞厅,19
可能性,19
昂着,19
无名之辈,19
假冒,19
豆瓣,19
大辉,19
缸,19
祖先,19
天然,19
点别,19
迫使,19
匪,19
三人行,19
敢死队,19
竹,19
钢丝,19
棍棒,19
支票,19
顺德,19
热带,19
因為,19
打量,19
这顿,19
无怨无悔,19
相会,19
试过,19
光景,19
帷幕,19
多像,19
覆雨,19
随心,19
一番,19
贝,19
变卖,19
战神,19
玩转,19
逗留,19
张飞,19
隔壁邻居,19
滋润,19
分担,19
想学,19
六点半,19
封住,19
遭殃,19
得定,19
品位,19
废弃,19
拖沓,19
那朵,19
醒目,19
含义,19
奉劝,19
驴,19
质感,19
配个,19
高位,19
形形色色,19
鸿图,19
解除,19
价钱,19
不足,19
趋势,19
书里,19
捏紧,19
穷困潦倒,19
有条,19
马屁,19
亮出,19
满脑子,19
横跨,19
标题,19
狙击手,19
定夺,19
腕儿,19
乐器,19
恐龙,19
寐,19
来来回回,19
潜伏,19
杀出重围,19
肚儿,19
嫌贵,19
棚,19
盗版,19
公不,19
宵夜,19
裸奔,19
三生有幸,19
统领,19
穿越时空,19
当好,19
焦急,19
锦绣,19
起麦,19
保值,19
紧扣,19
看吧,19
立下,19
大哥大,19
别光,19
膛,19
奇特,19
途径,19
空降,19
正宗,19
领头羊,19
上官,19
肥肉,19
调侃,19
绘制,19
发烧,19
地域,19
粗糙,19
锅里,19
太弱,19
矗立,19
沿路,19
班上,19
爹娘,19
机舱,19
胆大,19
蔬菜,19
正气,19
四两拨千斤,19
吊儿郎当,19
自责,19
下水,19
排比,19
天道,19
没救,19
太热,19
天棒,19
偷袭,19
嫩个,19
挡风遮雨,19
虚名,19
重温,19
用不完,19
两端,19
青青,19
按部就班,19
算盘,19
之内,19
稻田,19
悲切,19
守住,19
今宵,19
重现,19
打赢,19
九天揽月,19
静下心来,19
大军,19
西海岸,19
专治,19
豪华,19
压根,19
幼儿园,19
躲过,19
原词,19
浴缸,19
不觉,19
接通,19
想切,19
二维码,19
开得,19
熏,19
风凉话,19
一袋,19
喜马拉雅,19
腻,19
报告,19
悄悄地,19
彼得,19
拴,19
月亮代表,19
米纳姆,19
疯疯,19
元,19
消亡,19
酒香,19
瞥,19
车厢,19
斐济,19
草坪,19
果果,19
缓冲,19
哈萨克,19
原,19
不争,19
霸业,19
奔放,19
半瓶,19
欢声笑语,19
相当于,19
粉底,19
敬仰,19
迷你,19
拦住,19
目送,19
麻将,19
衣,19
提着,19
哀,19
顺路,19
刻板,19
掉泪,19
给你爱,19
吹来,19
先人,19
小狗,19
咬牙,19
设计师,19
住址,19
丰厚,19
事事,19
晨曦,18
本分,18
全面,18
这路,18
记起,18
功名利禄,18
骡子,18
本性难移,18
蝌蚪,18
急躁,18
内些,18
玩够,18
主张,18
翻身仗,18
妖艳,18
垫背,18
机车,18
深知,18
金砖,18
搜寻,18
归类,18
奋战,18
团圆,18
有神,18
不妙,18
作文,18
坠机,18
好斗,18
荣华,18
鸭子,18
背起,18
墙角,18
래,18
刀法,18
一见钟情,18
전,18
风云变幻,18
小蝌蚪,18
皮包,18
太亮,18
半空中,18
一条心,18
评委,18
以眼还眼,18
때,18
越发,18
事件,18
共勉,18
往常,18
狡诈,18
壁,18
勉励,18
饥寒交迫,18
子手,18
心脏病,18
课本,18
遮羞布,18
烧香,18
烈马,18
天外有天,18
永垂不朽,18
洪信杰,18
孟,18
面部,18
庄家,18
吃不完,18
内裤,18
你们好,18
点播,18
五行,18
浊酒,18
每种,18
立志,18
原创,18
产物,18
出招,18
迈进,18
干活,18
心怀,18
来教,18
扬名,18
追踪,18
滑板,18
顺眼,18
很帅,18
萍水相逢,18
不劳而获,18
跳楼,18
花丛,18
石,18
幻象,18
施逸凡,18
这时候,18
灰白,18
惟楚,18
没带,18
片儿,18
止,18
谈心,18
淡淡的,18
略显,18
作秀,18
包罗万象,18
抽着,18
射中,18
想当年,18
患者,18
东南亚,18
舐,18
心为,18
自顾自,18
成真,18
不忍心,18
征兆,18
鲜活,18
万丈深渊,18
有效,18
深埋,18
礁石,18
夏,18
变脸,18
吞进,18
心早,18
西太后,18
多遍,18
军队,18
会输,18
绝品,18
矿泉水,18
們,18
卡哇伊,18
沒得,18
胀,18
千变万化,18
谁给我,18
闭口,18
两次,18
挚友,18
车辆,18
陈泽希,18
晃荡,18
ꈨ,18
亚克,18
天呐,18
五粮液,18
全职,18
迟疑,18
事变,18
盖起,18
西东,18
猖狂,18
紧扎,18
飞起,18
沙拉拉,18
喜辰晨,18
ᴜ,18
爱神,18
散去,18
不管是谁,18
黄诗,18
怕死,18
午餐,18
素,18
碳酸,18
枪声,18
没多,18
垚,18
散尽,18
粗暴,18
识别,18
不过如此,18
杰森,18
春雨,18
绿灯,18
陈彦希,18
桃花源,18
晓不嘛晓不嘛晓不嘛,18
粵,18
坏小子,18
悲极,18
生乐,18
松鼠,18
童漠,18
本土,18
孙楠,18
制服,18
ı,18
辦,18
阿萨,18
ꊂ,18
歃血,18
卫龙,18
心照不宣,18
交谈,18
按内,18
个旧,18
万般,18
百花,18
於,18
烦烦,18
一点半,18
走东,18
逃学,18
玩闹,18
走别,18
毒头噶滴,18
寻思,18
羽飞,18
背对着,18
林北,18
疯掉,18
保养,18
密谋,18
日期,18
投进,18
诡异,18
平复,18
从今以后,18
徒手,18
野火烧,18
摁,18
谁的心,18
再次出现,18
存进,18
挽救,18
拙劣,18
犯愁,18
一通,18
录个,18
好奇心,18
美得,18
腰缠万贯,18
白鸽,18
一段时间,18
跑步,18
人爱,18
转账,18
每人,18
离家出走,18
胡扯,18
变异,18
朝夕,18
症状,18
两位,18
高山流水,18
封喉,18
进场,18
最燥,18
柟,18
花花,18
鲤鱼,18
墓志铭,18
通缉犯,18
幼稚园,18
衫,18
二十四,18
发怵,18
一罐,18
慢半拍,18
把握住,18
变本加厉,18
险中求,18
杂草,18
六年,18
福建,18
睿智,18
喝下,18
天方夜谭,18
冬夏,18
花火,18
辛酸,18
来场,18
痛心,18
磨灭,18
季后赛,18
拿掉,18
降生,18
高冷,18
沙雕,18
贪玩,18
愚歌,18
另类,18
出拳,18
左耳,18
欧文,18
乘凉,18
独木桥,18
凡尔赛,18
父辈,18
幽灵,18
阅历,18
瞎胡闹,18
吃素,18
毕业证,18
黄硕,18
活埋,18
我脚,18
缠绕着,18
递给,18
一课,18
宇宙飞船,18
小哥,18
怪不得,18
金庸,18
出众,18
爆点,18
打转,18
手柄,18
徽章,18
宠爱,18
爆款,18
箭,18
高速路,18
光明磊落,18
编号,18
每周,18
男神,18
皮衣,18
更是,18
关系户,18
没读,18
徒步,18
发热,18
摆好,18
半夜三更,18
宇智波,18
下定,18
庆功宴,18
野人,18
强度,18
回旋,18
池塘,18
天窗,18
日白,18
攻势,18
坐冷板凳,18
剪头,18
茉莉花,18
吹个,18
关进,18
毒打,18
几件,18
控,18
选择权,18
大战,18
浪荡,18
最炸,18
玩法,18
忽视,18
加把劲,18
对牛弹琴,18
一个样,18
亲眼目睹,18
阿哲,18
恶劣,18
获奖,18
雨里,18
推向,18
当头,18
划着,18
如痴如醉,18
唤,18
短短,18
责备,18
球技,18
必需品,18
摆平,18
一巴掌,18
声名狼藉,18
兑换,18
要强,18
拔掉,18
铜臭味,18
好话,18
人生路,18
挺住,18
减,18
图片,18
接电话,18
金条,18
拷贝,18
举高,18
参透,18
牵引,18
追寻着,18
首富,18
卫衣,18
壁纸,18
幸免,18
图书馆,18
宽恕,18
风趣,18
卵,18
纠正,18
义,18
害死,18
别演,18
罗纳尔多,18
客家话,18
定系,18
当场,18
标的,18
韩国,18
下架,18
视为,18
上海滩,18
骷髅,18
汪洋,18
稳住,18
太行,18
不写,18
走神,18
前所未有,18
升值,18
后悔药,18
无话可说,18
坐到,18
喊声,18
戴个,18
涨价,18
儿女情长,18
气焰,18
财路,18
摇下,18
皇家,18
爱要,18
纸笔,18
遗弃,18
发自内心,18
矫健,18
建起,18
暴风雪,18
男子,18
不拢,18
篮板,18
驱逐,18
开发,18
十二月,18
東西,18
熊,18
我种,18
太坏,18
焰火,18
弹簧,18
洪水猛兽,18
求生,18
打响,18
兼并,18
绝壁,18
摒弃,18
紧闭,18
绝世,18
张牙舞爪,18
生产,18
老太太,18
很想,18
气概,18
浸透,18
拼出,18
八度,18
刻画,18
王奎绚,18
哪有什么,18
六七,18
卷土重来,18
指手画脚,18
重回,18
唱个,18
子孙,18
唱过,18
结伴,18
稳得,18
扯掉,18
陪你玩,18
村庄,18
牌桌,18
嘿实,18
滚滚,18
几十年,18
兰博,18
苦练,18
跩,18
争着,18
长空,18
青天,18
层皮,18
最会,18
装置,18
数学题,18
扎实,18
很远,18
回忆起,18
重叠,18
摆起,18
辩解,18
比如说,18
咋样,18
班机,18
对调,18
装模,18
声嘶力竭,18
打伞,18
蘸,18
赞许,18
糕点,18
名望,18
穿行,18
声望,18
模型,18
十四,18
耐克,18
分身,18
小城,18
李鸿翔,18
开满,18
肖恩,18
莫得法,18
护,18
呛到,18
炒菜,18
新车,18
瞒,18
快爬,18
上市,18
几百遍,18
翻着,18
数到,18
耍个,18
砥砺,18
分给,18
题材,18
让我拿,18
撬,18
恭维,18
遇到困难,18
惊动,18
系上,18
心有,18
场所,18
海枯石烂,18
断线,18
串串,18
孤帆,18
一叶,18
叮当,18
春梦,18
罗曼蒂克,18
等不及,18
圣母,18
字儿,18
逮捕,18
孤儿,18
土豆,18
糊弄,18
想一想,18
写点,18
抹黑,18
走运,18
借着,18
课堂,18
雨后,18
容貌,18
抓住机会,17
哈儿,17
创伤,17
时不时,17
永富,17
起早贪黑,17
一夜之间,17
出张,17
사,17
려,17
던,17
금,17
ཙ,17
巴不得,17
奥,17
一滩,17
老爹,17
够味,17
狗屎,17
实则,17
瞎说,17
剑鞘,17
断片,17
锦阳,17
好时光,17
掩护,17
繁琐,17
下咽,17
心灵鸡汤,17
并肩作战,17
会计,17
退化,17
难处,17
甭,17
寄给,17
掺杂,17
五月,17
眉,17
不切,17
烂货,17
生而为,17
照面,17
乘客,17
想方设法,17
围成,17
峡谷,17
边际,17
任何理由,17
头部,17
烙,17
夫妻,17
车房,17
愿不愿意,17
头条,17
酸甜,17
能带,17
牵连,17
挖掘,17
跑调,17
低空,17
艾,17
周深,17
流进,17
雷电,17
排场,17
芸芸众生,17
横刀立马,17
天看,17
思,17
一山,17
停滞不前,17
几层,17
茉莉,17
避讳,17
痴情,17
性子,17
藤蔓,17
狗叫,17
罐子,17
康普顿,17
大碗,17
声带,17
爱错,17
八十八,17
哈气,17
教程,17
盏灯,17
试卷,17
挂掉,17
雏形,17
写意,17
写不出,17
郭富城,17
不晚,17
滑行,17
抛出,17
追光,17
船舱,17
香甜,17
光怪陆离,17
海峡,17
踏出,17
佛祖,17
下回,17
清水,17
复兴,17
狰狞,17
决堤,17
吻痕,17
热泪,17
棋,17
最早,17
开花结果,17
苦水,17
原点,17
睡不醒,17
骄阳,17
触底,17
太短,17
宋岳庭,17
寂寥,17
出过,17
名利双收,17
零到,17
泯灭,17
废柴,17
警戒,17
几千,17
暗算,17
养料,17
陪葬,17
网路,17
木马,17
奔走,17
能活,17
貌合神离,17
庸俗,17
助兴,17
到此为止,17
咳嗽,17
嫉妒心,17
下载,17
留念,17
质变,17
笙歌,17
全方位,17
落日余晖,17
充足,17
假打,17
查看,17
耗费,17
死心塌地,17
缝合,17
勾勾,17
林中,17
安安静静,17
辣妹,17
结成,17
身陷,17
别为,17
配偶,17
慌乱,17
做鬼脸,17
琉璃,17
价位,17
囚鸟,17
冒得,17
别放,17
大叔,17
同款,17
传闻,17
孙旭,17
嗜血,17
叶尔纳,17
点醒,17
不太想,17
抽空,17
小妹妹,17
很痛,17
鼓楼,17
ꑳ,17
同根,17
广西,17
全垒打,17
太深,17
正规,17
甜甜的,17
镜花水月,17
退步,17
五人组,17
好点,17
一百分,17
验证,17
夺命,17
没上,17
人间烟火,17
何惧,17
紧身裤,17
儿来,17
成蝶,17
闻见,17
电动车,17
无药,17
富人,17
修理,17
步履蹒跚,17
赤,17
烂泥,17
花海,17
操蛋,17
不由自主,17
科普,17
齐聚,17
乌蒙山,17
叩卡,17
囝,17
海力,17
杠杠,17
胖爷,17
铜锅,17
周震南,17
吴季峰,17
常德,17
阿普,17
福州路,17
辉,17
栏杆,17
自封,17
时候未到,17
曲终人散,17
捕获,17
攒钱,17
大伙,17
举办,17
山鬼,17
慈祥,17
恩赐,17
初升,17
超新星,17
熊浩钧,17
最坏,17
偏僻,17
夜市,17
嘹亮,17
容器,17
死性不改,17
奥运会,17
山峦,17
我算,17
颈项,17
抛下,17
情愫,17
安睡,17
不见踪影,17
阿姆斯特丹,17
按钮,17
傻傻,17
发红,17
待在家里,17
날,17
든,17
花式,17
高光,17
相关,17
环,17
错乱,17
鬓角,17
越走越远,17
有多痛,17
换气,17
遗传,17
几场,17
幻境,17
路人,17
分出,17
观望,17
一角,17
遮拦,17
无妨,17
出席,17
无痕,17
关节,17
降,17
闪闪发光,17
影像,17
问道,17
击毙,17
高超,17
制高点,17
快意,17
望尘莫及,17
留意,17
有情有义,17
不凡,17
诸神,17
唱出,17
砖,17
国旗,17
生机,17
微不足道,17
船头,17
福利,17
赞扬,17
晴空万里,17
随和,17
心病,17
小粉,17
东门,17
抓狂,17
打来,17
头皮,17
人流,17
功劳,17
手把,17
更要,17
啼哭,17
一个圈,17
钟爱,17
蹒跚,17
来路,17
火上浇油,17
三言两语,17
阵风,17
一寸,17
中伤,17
灰飞烟灭,17
新鲜空气,17
小命,17
盖过,17
竭尽全力,17
皮球,17
说胡话,17
参考,17
分明,17
精疲力尽,17
马步,17
大闹天宫,17
马儿,17
隔天,17
亚当,17
轴,17
暴富,17
扫射,17
拳脚,17
天王,17
扑克,17
热火,17
搞钱,17
中东,17
真空,17
画布,17
飞刀,17
轻功,17
特色,17
原汁原味,17
音调,17
自强,17
配给,17
说教,17
小白脸,17
磕头,17
携手,17
猎手,17
算数,17
免,17
秒针,17
自行,17
艾斯,17
多过,17
源源不断,17
撤回,17
女娲,17
常年,17
寿君超,17
瘟疫,17
小品,17
袋子,17
眠,17
制度,17
打滚,17
屋企,17
销售,17
陶喆,17
星星之火,17
天份,17
暗中,17
紫外线,17
转起,17
瓜得,17
切找,17
睡一觉,17
转瞬即逝,17
海椒,17
摆放,17
柴米油盐,17
妻子,17
脚踝,17
喊个,17
爆竹,17
赛亚人,17
闲话,17
几首歌,17
詹姆斯,17
差得远,17
累死,17
霍,17
堆起,17
弹夹,17
注册,17
粗制滥造,17
扭动,17
套餐,17
咪咪,17
罐,17
悠然,17
物欲,17
林子,17
只靠,17
温和,17
挨揍,17
打气,17
境地,17
患得患失,17
没发,17
传遍,17
绷紧,17
脉,17
叱咤,17
当上,17
龙吟,17
搞清,17
风驰电掣,17
不约而同,17
丝绸,17
守望,17
花聚顶,17
准则,17
重拳,17
麻烦事,17
骗钱,17
叨叨,17
而战,17
聪明人,17
碍眼,17
作词,17
孤身一人,17
一关,17
走一遭,17
灭掉,17
层面,17
英勇,17
获胜,17
合法,17
总裁,17
三百,17
发售,17
采访,17
瞩目,17
飞扬,17
反叛,17
最有,17
事后,17
壁虎,17
来头,17
床头柜,17
首发,17
比不上,17
出丑,17
稳起,17
耶稣,17
入迷,17
刘翔,17
大排档,17
名次,17
香肠,17
广东话,17
雕塑,17
歪路,17
人均,17
两倍,17
梳,17
反差,17
船桨,17
震惊,17
刚一,17
梁山,17
滚出,17
彻骨,17
收着,17
闪到,17
发行,17
达成,17
语文,17
容不下,17
铁打,17
每座,17
穿个,17
检测,17
上当,17
指令,17
后腿,17
竞技场,17
颅内,17
广,17
告示,17
金盆,17
起手,17
富士山,17
喷发,17
王艺轩,17
桥段,17
炖,17
冲出亚洲,17
沉着,17
步履,17
逆水行舟,17
讲台,17
青岛,17
掠夺,17
冲到,17
一座座,17
调料,17
满满,17
胜者为王,17
有道,17
表里不一,17
陡峭,17
学学,17
花拳绣腿,17
坠落在,17
制燥,17
绣,17
放眼,17
承,17
权衡,17
汉口,17
勇者,17
昂首阔步,17
停息,17
酥,17
每到,17
间隔,17
理财,17
一万次,17
恶臭,17
抽刀断水,17
怕怕,17
分寸,17
丹青,17
坑蒙拐骗,17
仙人,17
阴招,17
默默无闻,17
大叫,17
高墙,17
笼,17
倾尽,17
骨,17
稳重,17
酷酷,17
伯乐,17
踩踏,17
先辈,17
敲个,17
赶着,17
保密,17
航空,17
薯片,17
三成,17
灰灰,17
舞曲,17
共振,17
筹划,17
逃命,17
败者,17
留名,17
猜得到,17
无病呻吟,17
成双,17
海马,17
记性,17
一卷,17
摩天轮,17
造诣,17
抖擞,17
爱玩,17
蹦蹦跳,17
无价,17
搞好,17
妨碍,17
梦工厂,17
暴扣,17
十五岁,17
天选,17
维,17
短裙,17
筑起,17
拴着,17
万年,17
决赛,17
轻视,17
丝兰,17
小汽车,17
香料,17
差生,17
中学,17
潘,17
官方,17
关在,17
加菲,17
交朋友,17
坡坡,17
一楼,17
平平,17
勾肩搭背,17
主播,17
城管,17
打领带,17
意图,17
大好,17
咋会,17
抓紧时间,17
置顶,17
披萨,17
把玩,17
马达,17
塔克拉玛干,17
ᠩ,17
史诗,17
普信,17
停泊,17
几号,17
开着车,17
扫清,17
一飞冲天,17
拼个,17
有数,17
真人,17
索取,17
烟云,17
各大,17
悲欢,17
登峰造极,17
裆,17
症,17
好几年,17
小弟弟,17
身份证,17
吃顿,17
媳妇儿,17
坏小孩,17
再点,17
脱胎换骨,17
来讲,17
度数,17
威风,17
撒盐,17
牵住,17
游刃有余,17
食堂,17
求助,17
美分,17
斗士,17
半步,17
苦衷,16
一年四季,16
考个,16
两轮,16
排头,16
芳华,16
有多远,16
单方面,16
厮杀,16
慈悲,16
两千年,16
企业家,16
啄,16
作个,16
黄血,16
元气,16
哈欠,16
能装,16
层层,16
故里,16
兵来将挡,16
西藏,16
磨砺,16
根基,16
夹克,16
悠哉悠哉,16
法术,16
屠宰,16
总带,16
迷上,16
国产,16
안,16
배,16
命命,16
偷吃,16
出牌,16
耗子,16
落下来,16
刀疤,16
章谋杰,16
宝座,16
仇,16
纠葛,16
大便,16
没赚,16
一串,16
看台,16
不长,16
道人,16
施,16
往来,16
可知,16
助,16
海角,16
抗,16
摆着,16
旁观者,16
前来,16
同志,16
受伤害,16
纸巾,16
听的歌,16
记好,16
想通,16
不理不睬,16
首付,16
崩坏,16
按着,16
庙,16
下流,16
白日,16
很近,16
王智明,16
充裕,16
器,16
险,16
打脸,16
至死不渝,16
依旧会,16
不太够,16
愧疚,16
渴求,16
法宝,16
落到,16
芯片,16
阵阵,16
迷失方向,16
一幕幕,16
充饥,16
头巾,16
外地人,16
没过,16
尊贵,16
这笔,16
欲求,16
镶嵌,16
旧事,16
别活,16
范特西,16
窦,16
焚烧,16
橙,16
奥运,16
悠然自得,16
琴弦,16
拥,16
反手,16
抢眼,16
我闭,16
强颜欢笑,16
纽扣,16
肋骨,16
龙虾,16
烂醉,16
满手,16
剪影,16
一醉方休,16
小气,16
買,16
苕,16
姥姥,16
不关,16
出乎,16
丁,16
意犹未尽,16
接下,16
鼻孔,16
稀奇,16
森,16
加快脚步,16
头晕,16
短袖,16
许久,16
盆栽,16
出国,16
牛羊,16
反倒,16
背离,16
字字,16
外快,16
熙熙攘攘,16
琐事,16
柳絮,16
改不了,16
秋冬,16
能过,16
玩意儿,16
蠢蠢欲动,16
冲掉,16
沾染,16
一棵树,16
斟满,16
劳驾,16
车站,16
优势,16
逼近,16
思量,16
百倍,16
散发出,16
下句,16
湖畔,16
新鲜事,16
紧身,16
有车,16
划分,16
身在其中,16
折叠,16
显露,16
之声,16
卫士,16
京剧,16
多只,16
梦想家,16
怕不怕,16
哪一位,16
强过,16
诀别,16
康复,16
人越,16
古巨基,16
闭着,16
钱存,16
心狠,16
老郑,16
泪流满面,16
畅想,16
王梓鑫,16
张道,16
ꌺ,16
ꋋ,16
祖国统一,16
夹缝,16
摇篮曲,16
後,16
牛头,16
中药,16
周游,16
隐形,16
帶,16
潲,16
受不得,16
樱木花道,16
重金,16
肉麻,16
改口,16
翻云覆雨,16
答滴,16
素材,16
喝太多,16
耐,16
开窗,16
万劫不复,16
乱来,16
菲乐普,16
树林,16
开挂,16
臀,16
正大光明,16
堆起来,16
马颢,16
丁博,16
铁血,16
窃窃私语,16
舍离,16
句点,16
不惑,16
期许,16
孔令奇,16
长夜,16
猪精,16
彭楚,16
汪苏,16
咱说,16
嗟,16
屈伏塔,16
巨没名,16
卫生纸,16
红狼,16
炖炖,16
ꅉ,16
ꐂ,16
ꅿ,16
總會頭,16
进让,16
撕怒,16
核弹,16
邪不压正,16
戛然而止,16
顺流,16
惨败,16
不烦,16
轻轻松松,16
噗,16
源泉,16
超酷,16
别错过,16
小声,16
漂得,16
半边天,16
鼻尖,16
上钩,16
出门儿,16
材料,16
不得已,16
沈,16
张子,16
风华,16
爱哭鬼,16
修改,16
依兴驰,16
四大,16
罚站,16
大雨倾盆,16
卖票,16
辣妹子,16
手掌心,16
点石成金,16
怪叫,16
点破,16
抽干,16
黑与白,16
悸动,16
一代宗师,16
破例,16
跻身,16
极乐,16
音乐会,16
上街,16
我够,16
空前,16
扬眉吐气,16
孤,16
火枪,16
落花,16
泪光,16
破绽,16
配料,16
调头,16
吊牌,16
保镖,16
增添,16
全副武装,16
这会,16
提早,16
酷暑,16
上苍,16
空房间,16
之分,16
有生之年,16
才艺,16
安好,16
裂开,16
喊麦,16
汪汪,16
遛狗,16
哈吧狗,16
回看,16
先走,16
药到病除,16
萧瑟,16
可救,16
漫不经心,16
那颗星,16
玩音,16
一百种,16
鬼脸,16
沸点,16
滞留,16
继续下去,16
八两,16
辈分,16
沉溺,16
铁了心,16
却没能,16
象牙,16
开水,16
经理,16
得手,16
奢,16
新鲜感,16
阿猫阿狗,16
郁闷,16
作风,16
醉酒,16
恍然大悟,16
時間,16
還有,16
平地,16
钱币,16
运输船,16
撞破,16
影踪,16
心窝,16
凭着,16
去处,16
烦心,16
悲惨,16
瘦子,16
这头,16
杂碎,16
耷拉,16
糟粕,16
烂牌,16
蹩脚,16
映照,16
寿司,16
敬个,16
大饼,16
扛不住,16
歌星,16
清算,16
望穿,16
贵客,16
咱得,16
着陆,16
劝告,16
姐们,16
掉价,16
限定,16
扫把,16
金银,16
帧,16
美学,16
做饭,16
电光,16
歌能,16
一层楼,16
破费,16
瑟瑟,16
琴,16
读过,16
丛林中,16
荷花,16
踢踏,16
自由落体,16
奶酪,16
口径,16
初来乍到,16
加拿大,16
杜甫,16
那句话,16
存钱,16
完出,16
血气方刚,16
刀具,16
不安分,16
卫冕,16
皮皮,16
取之有道,16
外星,16
古城,16
稚气,16
小霞,16
大个,16
布丁,16
请帖,16
曲子,16
湖北,16
嗰,16
整齐划一,16
特效,16
特产,16
诺曼,16
播报,16
体态,16
太辣,16
一模一样,16
一日三餐,16
做样,16
请原谅,16
红日,16
頂,16
归乡,16
有光,16
豆浆,16
醉意,16
几公里,16
早晚都会,16
地名,16
形态,16
借过,16
景,16
油箱,16
后世,16
唠,16
第四,16
老倌,16
手牵着,16
订,16
两眼,16
工,16
比拟,16
状元,16
第一张,16
实力派,16
看得起,16
第一口,16
直达,16
加深,16
一鸣惊人,16
颜料,16
群星,16
壹,16
红毯,16
获利,16
四面,16
辱骂,16
上传,16
天赐,16
刚到,16
劝退,16
嫌少,16
大惊小怪,16
柔情,16
亲朋好友,16
档期,16
牵扯,16
生疏,16
激昂,16
那会,16
一针,16
吹得,16
放晴,16
破产,16
我出,16
听得懂,16
咬碎,16
年纪轻轻,16
吹起,16
比巴卜,16
预定,16
春节,16
放走,16
有点痛,16
瞌睡,16
员工,16
喷嚏,16
上个,16
唱盘,16
九九,16
事故,16
亮起,16
鸳鸯,16
史,16
七彩,16
汉字,16
信条,16
马车,16
狗血,16
倒立,16
做做,16
彩蛋,16
智者,16
愤青,16
阅读,16
俾,16
嫦娥,16
吸管,16
只认,16
馆,16
水深火热,16
体系,16
舞会,16
焦灼,16
祖师爷,16
神灯,16
一鼓作气,16
十指,16
梵希,16
扳手,16
沉醉在,16
本子,16
惊涛,16
区域,16
波涛,16
俘获,16
椅,16
十张,16
失忆,16
龙胆紫,16
叫嚣,16
侏罗纪,16
留神,16
轮流,16
赌气,16
别像,16
哇塞,16
获取,16
玩物,16
在生活中,16
海纳百川,16
蒸汽,16
换回,16
无名指,16
一觉,16
不停息,16
灯泡,16
尖儿,16
迷倒,16
日记本,16
朦朦胧胧,16
过半,16
不犯,16
尿酸,16
六百,16
契合,16
更帅,16
一浪,16
往上面,16
博士,16
要学,16
上帝保佑,16
难办,16
尾声,16
契约,16
功,16
夸奖,16
暗地里,16
俗气,16
较真,16
超前,16
一呼百应,16
未满,16
得救,16
盯上,16
咬着牙,16
报答,16
前有,16
卦,16
翻书,16
伤脑筋,16
晶晶,16
歪歪,16
天造地设,16
堵车,16
取消,16
不解风情,16
假面,16
歌会,16
穷途末路,16
入土,16
进球,16
母,16
大气层,16
周而复始,16
藤原,16
满眼,16
秃,16
万万,16
呼哈,16
变样,16
丹田,16
十月,16
已到,16
落脚,16
湘,16
萱,16
揭发,16
逼真,16
还手,16
末班车,16
那有,16
重播,16
三种,16
浓烟,16
找人,16
盖帽,16
看海,16
塌方,16
情爱,16
睡衣,16
而活,16
志同道合,16
高过,16
孔雀,16
秘诀,16
邮票,16
心术,16
烧到,16
吸入,16
朱丽叶,16
骗术,16
碍事,16
争分夺秒,16
沉默不语,16
总冠军,16
心变,16
镜,16
甲,16
幻灯片,16
捎,16
领空,16
新来,16
养只,16
两斤,16
很惨,16
杠杆,16
血染,16
向东,16
不懂装懂,16
咬文嚼字,16
不玩,16
全在,16
一半儿,16
形影不离,16
正直,16
事半功倍,16
接棒,16
乍现,16
王国,16
出山,16
太妙,16
忍让,16
凌驾,16
谈话,16
侯,16
旧账,16
编个,16
雕,16
阶梯,16
归属感,16
干燥,16
李家,16
没亮,16
刁,16
两张,16
如意,16
五彩缤纷,16
诽谤,16
沓,16
嘎嘎,16
野性,16
季风,16
不巧,16
文凭,16
构思,16
铜,16
保本,16
独饮,16
构筑,16
静静地,16
爷们儿,16
头儿,16
狗咬狗,16
嗅到,16
镣铐,16
泡杯,16
站住,16
天塌下来,16
扑面,16
万事,16
扒拉,16
斧头,16
重建,16
一处,16
并排,16
音浪,16
吝啬,16
黑豹,16
新大陆,16
吟唱,15
热肠,15
物竞天择,15
河山,15
王骞,15
终日,15
心狠手辣,15
为所欲为,15
搞个,15
吾辈,15
山洞,15
正午,15
说不清楚,15
哥调,15
所到之处,15
章节,15
张馨艺,15
一知半解,15
拼接,15
桂冠,15
夺回,15
棋盘,15
归期,15
我握,15
没意思,15
找钱,15
灼烧,15
与我无关,15
代沟,15
行情,15
阴晴圆,15
几斤几两,15
打住,15
插上,15
高高的,15
一卦,15
旺,15
属性,15
走不起,15
히,15
报警,15
秀才,15
发张,15
学坏,15
用纸,15
郡,15
肉身,15
迷彩,15
梅花,15
热气,15
厌烦,15
魅惑,15
巷,15
柳,15
黄泉,15
成家,15
隐瞒,15
据说,15
呀呀,15
拔刀,15
过人,15
三人,15
万象,15
计谋,15
滑动,15
一跃,15
房屋,15
病症,15
之时,15
迪斯科,15
算卦,15
苟延残喘,15
嫂子,15
降到,15
手印,15
耀耀,15
揉碎,15
卿,15
喷点,15
盛放,15
独有,15
象是,15
静音,15
外滩,15
入门,15
清泉,15
变形,15
字头,15
挣开,15
掏心,15
陈旧,15
神态,15
遵从,15
现如今,15
蝉鸣,15
心潮,15
二十年,15
幻听,15
分割,15
十年如一日,15
久久,15
脖颈,15
肺里,15
时节,15
决策,15
雨燕,15
没人来,15
蜡笔,15
变过,15
商,15
一具,15
灰蒙蒙,15
八十一,15
已过,15
猫眼,15
捧起,15
赞歌,15
班车,15
享乐,15
修仙,15
皮面,15
马蹄声,15
闷声,15
柜子,15
古筝,15
路人甲,15
下周,15
放出,15
做不了,15
奢华,15
放开手,15
贝勒,15
开想,15
不足以,15
慎重,15
莫日白,15
答卷,15
生不带来,15
铺路,15
八荒,15
刘德华,15
太忙,15
太难受,15
避难,15
绳子,15
势头,15
惟,15
生灵,15
横竖,15
附着,15
烫伤,15
会断,15
绵延,15
接不接,15
转牌,15
皇同,15
意料之中,15
将错就错,15
前边,15
清脆,15
掸,15
团伙,15
寻欢作乐,15
少说,15
嗔,15
痴,15
抵不过,15
压根儿,15
里边儿,15
总为,15
幻化成,15
拆掉,15
假笑,15
猛然,15
衰败,15
冷雨夜,15
爱抚,15
悬浮,15
举起手来,15
刮目相看,15
难能可贵,15
晴朗,15
输得,15
不死鸟,15
比天,15
三步,15
狗哥,15
缘故,15
锤炼,15
望星空,15
话语权,15
所愿,15
构成,15
熟人,15
烘托,15
防晒,15
地铁站,15
反问,15
红绿灯,15
讲声,15
打雷,15
不进则退,15
温存,15
就学,15
啄木鸟,15
中暑,15
尖子,15
关到,15
老房子,15
乐都,15
整张,15
遐想,15
林黛玉,15
摆头,15
租赁,15
椰子,15
无与伦比,15
遗产,15
斑斓,15
费解,15
炊烟,15
代名词,15
圣罗兰,15
兄,15
星系,15
口香糖,15
维系,15
通话,15
袋,15
花会,15
百病,15
指数,15
游来游去,15
心肠,15
金表,15
倪奇,15
新年好,15
数完,15
艾志恒,15
本意,15
摩,15
养成,15
憎恶,15
望明月,15
审视,15
范思哲,15
映衬,15
痛当,15
Ǐ,15
酬,15
军民,15
莫妮卡,15
双翼,15
长命百岁,15
失掉,15
进洞,15
决意,15
依加,15
一勺,15
南湖,15
信天翁,15
顾,15
맘,15
三四,15
不期而遇,15
蒋熠铭,15
活成个,15
民德,15
围过来,15
德行,15
披星戴月,15
枯木,15
木栅,15
狙哥,15
起断,15
要个,15
辣鸡,15
通体,15
聚在,15
太怪,15
攻,15
聚声匠,15
吐纳,15
影响力,15
风和日丽,15
买台,15
翻翻,15
达到目标,15
家家户户,15
忠心,15
枕,15
张碟,15
ラ,15
搬走,15
轻轻地,15
制裁,15
仅存,15
初见,15
疾病,15
创口,15
澄清,15
变相,15
要领,15
时辰,15
天时地利人和,15
欢心,15
纸上谈兵,15
虚度光阴,15
诗情画意,15
山涧,15
低潮,15
悲情,15
流落,15
病变,15
没输,15
八分,15
聚气,15
找遍,15
山海,15
没太多,15
刀片,15
保暖,15
口是心非,15
你梦里,15
点汤,15
遮蔽,15
扶手,15
无法忍受,15
换到,15
一千个,15
纸张,15
神灵,15
极光,15
鸡叫,15
抵御,15
搞不清,15
热恋,15
粉饰,15
假大空,15
马自达,15
沉溺在,15
支舞,15
伤和痛,15
我输,15
指定,15
理所应当,15
近乎,15
踪影,15
玩火,15
捅破,15
手边,15
想害,15
窝里斗,15
漱口,15
着落,15
奇异,15
西门,15
我数,15
腰带,15
聊天记录,15
挑一,15
三十年,15
下意识,15
端起,15
两块,15
渺茫,15
风风,15
川流不息,15
投机,15
美梦成真,15
诺米,15
唱戏,15
闯入,15
格斗,15
假唱,15
直说,15
撩人,15
定要,15
重磅,15
戏码,15
铁子,15
十几个,15
公公,15
乐天,15
穿件,15
颜值,15
球队,15
会来,15
庄稼,15
无理取闹,15
转向,15
掩藏,15
暴晒,15
摆烂,15
几百个,15
尖叫声,15
扪心自问,15
原声,15
肥皂,15
年份,15
出售,15
单一,15
发音,15
四句,15
供奉,15
瑕疵,15
超跑,15
台灯,15
拍掉,15
血性,15
雕琢,15
拜见,15
连个,15
返,15
泰斗,15
保卫,15
张学友,15
平均,15
直播间,15
腐败,15
教学,15
对线,15
饭桌,15
压住,15
支,15
冷笑,15
背脊,15
应景,15
门铃,15
浓缩,15
路径,15
天宫,15
重重,15
武术,15
量身,15
超载,15
闭关,15
水帘洞,15
刷刷,15
唱机,15
榨干,15
口腔,15
开放,15
饭局,15
办公桌,15
米勒,15
耍法,15
大浪,15
管饱,15
紧贴,15
无可挑剔,15
旧金山,15
知觉,15
大拇指,15
体恤,15
却不曾,15
当不了,15
菜市场,15
飞回,15
唱唱,15
迫切,15
摊开,15
充血,15
东海,15
攻略,15
舰队,15
抵到,15
火锅店,15
高启,15
徐思灵,15
左向右,15
受挫,15
管制,15
不谢,15
绷得,15
偏旁,15
倒映在,15
到处跑,15
舱,15
酒水,15
晕头转向,15
经营,15
埃,15
台上台下,15
狗头,15
事要,15
来势汹汹,15
吃剩,15
古都,15
再会,15
偏向,15
带货,15
我弹,15
失灵,15
日月星辰,15
负重,15
凌空,15
万花筒,15
气派,15
腰包,15
那场,15
忘恩负义,15
越想,15
我任,15
掰断,15
关了,15
疏远,15
烂尾,15
典型,15
淤血,15
雷声,15
无法比拟,15
开了花,15
蜥蜴,15
偷拍,15
呼啸而过,15
挤满,15
余,15
诱人,15
北风,15
不算什么,15
光源,15
强项,15
枯,15
死后,15
拳拳,15
坐满,15
华尔街,15
路费,15
拳套,15
生番,15
碌碌无为,15
心智,15
没道理,15
厘米,15
鼠,15
汤勺,15
广阔,15
走火,15
搂住,15
俯视,15
清明,15
心境,15
花圈,15
归位,15
边个,15
交警,15
转个弯,15
古琴,15
圣经,15
萤火虫,15
猪头,15
一肚子,15
视力,15
烧着,15
会管,15
晕倒,15
醉倒在,15
哭喊,15
造个,15
患难与共,15
鞋印,15
倦怠,15
曼,15
抓个,15
母语,15
盘古,15
大款,15
偏激,15
魔术师,15
公,15
权威,15
修座,15
仁,15
项羽,15
千古,15
厮儿些,15
大片,15
整块,15
那才,15
拍卖,15
炫富,15
套装,15
爱马仕,15
倾盆大雨,15
鹤立鸡群,15
山脚,15
理查德,15
无理,15
桀骜不驯,15
山海关,15
陈冠希,15
冰河,15
爱抽,15
搀扶,15
有幸,15
王牌,15
打歪,15
天秤座,15
郑,15
蹲下,15
稍稍,15
判,15
天花乱坠,15
仓促,15
截图,15
省略,15
从头再来,15
奇奇怪怪,15
倚老卖老,15
好事多磨,15
那辆,15
疯魔,15
残渣,15
相杀,15
嬉皮士,15
手电筒,15
按到,15
诀,15
元老,15
避,15
参悟,15
一去,15
旗号,15
口技,15
变多,15
天子,15
骑车,15
嬉戏,15
见得,15
普遍,15
涌现,15
网速,15
猫猫,15
歌头,15
略过,15
大桥,15
纪录,15
一壶酒,15
牵着鼻子,15
九宫格,15
干枯,15
收钱,15
岔,15
能屈能伸,15
贴满,15
海鲜,15
二十五,15
名利场,15
眼下,15
熊心豹子,15
麻利,15
老街,15
冰棒,15
速,15
秋裤,15
季秋,15
愈发,15
想用,15
回国,15
脚底板,15
小米,15
何物,15
落难,15
家家,15
一队,15
忍气吞声,15
菠菜,15
无暇,15
墙面,15
明灯,15
不忘,15
有何,15
有颗,15
体力,15
沾沾自喜,15
似水流年,15
惰性,15
慢镜头,15
买菜,15
惶恐,15
平和,15
刽子手,15
停电,15
没回,15
不卖,15
冰雹,15
那面,15
肝胆相照,15
张中豪,15
大腕儿,15
京东,15
大夫,15
传染,15
帮过,15
关上灯,15
赶出,15
打个样,15
两手空空,15
小手,15
裤兜,15
敢于,15
日日,15
中途,15
儿歌,15
开道,15
枪炮,15
生死簿,15
手下留情,15
先去,15
繁衍,15
同心协力,15
在世,15
恰当,15
硬度,15
提问,15
自诩,15
宴会,15
往前面,15
盛宴,15
好喝,15
迸发,15
瓜果,15
上劲,15
红星,15
匠人,15
误差,15
无家可归,15
一扇门,15
阿热,15
痛痒,15
弄湿,15
不痛,15
气垫,15
刹那,15
纪梵希,15
不倒翁,15
剥离,15
住手,15
定律,15
没有勇气,15
镰刀,15
实,15
而生,15
二脉,15
三张,15
若能,15
风干,15
秀子,15
瘪哥,15
跳跳,15
抬头挺胸,15
音乐站,15
睡懒觉,15
封建,15
阔步,15
拓宽,15
摊儿,15
摔得,15
有氧,15
恶毒,15
冲击波,15
打肿,15
流干,15
清凉,15
狙击,15
未免,15
内幕,15
醒悟,15
漫山遍野,15
切掉,15
挤出,15
血丝,15
特定,15
构建,15
办个,15
打光,15
逆流而上,15
幽暗,15
提上,15
笨小孩,15
换台,15
来者不拒,15
巷口,15
宠物,15
沉没,14
老者,14
爆米花,14
琳琅满目,14
面朝,14
随行,14
宗旨,14
青藏高原,14
双方,14
内敛,14
平民,14
阿克苏,14
感想,14
躲闪,14
毒辣,14
干点,14
上身,14
酒来,14
人造,14
溪流,14
紧握着,14
悄无声息,14
那本,14
强悍,14
条条,14
显灵,14
咬牙切齿,14
上个月,14
好男儿,14
冲锋陷阵,14
掩,14
鞋儿,14
爪牙,14
痣,14
门派,14
阿斗,14
散心,14
东方明珠,14
拉里,14
亮丽,14
心旷神怡,14
驱使,14
具有,14
雷鬼,14
野马,14
称谓,14
白羊座,14
专利,14
满格,14
经常性,14
拔出来,14
易怒,14
不慌不忙,14
言出必行,14
终归,14
轻浮,14
惯性,14
沙尘暴,14
出产,14
不惜,14
鞭,14
调动,14
通行,14
洗刷,14
千姿百态,14
莫须有,14
台子,14
交接,14
热豆腐,14
好货,14
追究,14
严寒,14
看重,14
清闲,14
奔腾,14
蝶恋花,14
探测,14
没喝,14
一条条,14
因素,14
爱妻,14
长点,14
苍苍,14
太紧,14
迷糊,14
想尽办法,14
打游击,14
利群,14
佩戴,14
一小,14
诈骗,14
自找,14
玛丽亚,14
忍受着,14
加热,14
监控,14
蔓延到,14
从上到下,14
系紧,14
呼救,14
皇后,14
几百倍,14
黄河水,14
血红色,14
烽烟,14
黄历,14
油彩,14
不语,14
举止,14
高分,14
蓦然回首,14
路障,14
峭壁,14
岔路,14
出生入死,14
雾霭,14
野外,14
登台,14
烦心事,14
花都,14
忍心,14
玩乐,14
开除,14
震荡,14
朱砂,14
池,14
逮住,14
哥是,14
网管,14
见鬼,14
共同体,14
卯,14
摇头晃脑,14
肃静,14
皎白,14
孙源,14
透着,14
忽冷忽热,14
兜售,14
熟女,14
学好,14
随身,14
领奖台,14
此景,14
配对,14
受害者,14
老死,14
失魂落魄,14
荒蛮,14
书信,14
保温,14
苦中作乐,14
梦回,14
三下,14
常见,14
两包,14
笨重,14
叫个,14
空档,14
第三,14
更高,14
不帅,14
거,14
소,14
까,14
구,14
처,14
출,14
랑,14
中苦,14
十几岁,14
中南海,14
南岸区,14
怎能不,14
圈住,14
用心听,14
渴,14
刘卓,14
劳动,14
相约,14
悠久,14
上前,14
离婚,14
图个,14
饰品,14
囚笼,14
果汁,14
捉迷藏,14
大招,14
三招,14
碎裂,14
汉,14
赠,14
自来水,14
运动员,14
生死与共,14
甭管,14
弯儿,14
末班,14
飞黄腾达,14
金碧辉煌,14
饥饿感,14
待遇,14
染缸,14
料理,14
静静的,14
内句,14
缥缈,14
后会有期,14
冲昏,14
颤动,14
吉祥,14
坟头,14
嘚,14
道观,14
乖巧,14
本命,14
躺椅,14
灯下,14
不聊,14
这嘎达,14
数钱数,14
血泪,14
河上,14
无言以对,14
两片,14
莽撞,14
二家,14
天地人,14
龙猪,14
阿福肉,14
建升,14
养育,14
牢,14
征程,14
新冠,14
电话响,14
酿成,14
文学,14
学问,14
孙八,14
卓越,14
心胸,14
凝望,14
開,14
一下子,14
老爷子,14
打流,14
吃不下,14
偶吉,14
嘬,14
唐嘉麟,14
ꂿ,14
听信,14
ཇ,14
苏州,14
无影无踪,14
走老路,14
爱我吗,14
大神,14
湖里,14
人话,14
下个世纪,14
王梓琼,14
问有,14
热爱生活,14
情深意重,14
时段,14
共有,14
請,14
不得劲,14
张千,14
单恋,14
问青天,14
收收,14
打不倒,14
成侠,14
防盗门,14
榫卯,14
花瓣儿,14
灭火,14
虹霞,14
ꐥ,14
ꈐ,14
腰桿,14
电流,14
前去,14
贝鲁奇,14
书斋,14
深蓝色,14
外公,14
恶龙,14
发自肺腑,14
幽幽,14
眼底,14
流程,14
没招,14
纵身,14
悖论,14
重启,14
奥林匹斯,14
不尽人意,14
块钱,14
想出,14
池中物,14
孩,14
有座,14
发落,14
迷药,14
荡起,14
定乾坤,14
四溅,14
血腥,14
验货,14
彝族,14
狼狗,14
我太过,14
姜晨宇,14
做菜,14
身子,14
进出,14
别见怪,14
抵押,14
塞北,14
翟喆,14
麻麻,14
不見,14
绣球,14
黄昭,14
奶粉,14
聊聊天,14
争强,14
来来往往,14
睡梦,14
偶像剧,14
进度条,14
心软,14
出轨,14
戏剧化,14
拿球,14
林俊杰,14
一刀两断,14
中当,14
死守,14
汝文博,14
赢钱,14
含金量,14
外行,14
我同,14
玛丽,14
泄露,14
仰天,14
再大,14
瞧瞧,14
开导,14
紧锁,14
气馁,14
植物,14
学期,14
狮子王,14
新闻联播,14
染色,14
梗概,14
地雷,14
闪火,14
买块,14
拆迁,14
举头,14
谈到,14
别烦,14
大力士,14
分岔,14
包子,14
所爱,14
付思遥,14
横行霸道,14
打点,14
群山,14
轻抚,14
皮草,14
沟,14
饿狼,14
跳得,14
忠贞,14
送别,14
碾过,14
宽大,14
癖好,14
胡渣,14
坐起,14
无条件,14
路艾,14
宴席,14
花心,14
我亲,14
高等,14
撑过,14
草率,14
每分钟,14
毛衣,14
少林功夫,14
楚门,14
核辐射,14
里昂,14
翁,14
李权,14
羊羔,14
男男女女,14
医治,14
我练,14
缺钱,14
铛,14
人数,14
优越,14
顿饭,14
闲言碎语,14
最高点,14
放起,14
叠,14
水军,14
脏水,14
付,14
砌,14
拉链,14
贝斯,14
一栋,14
远比,14
陆续,14
单选题,14
主观,14
大头,14
款式,14
一万个,14
定个,14
牧师,14
珠宝首饰,14
拉屎,14
谢宇杰,14
歌当,14
取出,14
动作片,14
牌牌,14
问哈,14
千斤,14
不知去向,14
压在,14
百家争鸣,14
狂躁,14
资金,14
纪录片,14
心气,14
醍醐灌顶,14
桑拿,14
成山,14
黑袍,14
不请自来,14
几滴,14
绝配,14
严格,14
聋,14
无礼,14
金牙,14
阿多,14
卡住,14
打压,14
颠沛,14
先后,14
痛点,14
谈论着,14
患上,14
念念不忘,14
开灯,14
害臊,14
再演,14
休闲,14
从天而降,14
如来,14
外露,14
主办方,14
效仿,14
从头来,14
张脸,14
背道而驰,14
补丁,14
爱好者,14
未能,14
李皓楠,14
无所不能,14
世,14
极,14
因果报应,14
做戏,14
点击,14
学业,14
卖点,14
挑拨,14
满头,14
底子,14
围到,14
朝向,14
老头儿,14
车手,14
光圈,14
发臭,14
澡,14
安宁,14
天快,14
开创,14
新世纪,14
多帅,14
要紧,14
这口,14
美满,14
不屈,14
主任,14
伪劣,14
锦上添花,14
功能,14
陶渊明,14
一律,14
川菜,14
字迹,14
管理,14
亲亲,14
跟你走,14
冲冲,14
连成,14
一面镜子,14
吹奏,14
险阻,14
身板,14
看人,14
裤,14
群体,14
不耐烦,14
很烂,14
稍纵即逝,14
买房子,14
折扣,14
图谋不轨,14
看得出,14
他教,14
设想,14
洁癖,14
阿拉丁,14
出局,14
出门在外,14
公子,14
露水,14
断裂,14
撰写,14
不吝,14
亚太,14
泵,14
鸟语花香,14
美人鱼,14
图案,14
会演,14
伤势,14
电影院,14
夜总会,14
做法,14
雄狮,14
扫平,14
一帆风顺,14
名声在外,14
刻苦,14
以泪洗面,14
翘着,14
笼里,14
山鸡,14
营业,14
冲散,14
东亚,14
总和,14
作出,14
贵族学校,14
湛蓝,14
抓走,14
配着,14
试试看,14
有家,14
密密麻麻,14
窘迫,14
健在,14
人上,14
别无选择,14
生活节奏,14
带起,14
鲜明,14
客观,14
卞,14
救护车,14
水货,14
男女老少,14
完好,14
收复,14
拣,14
不眠,14
助力,14
我录,14
太黑,14
请求,14
诟病,14
诺曼底,14
勾引,14
戴满,14
哀嚎,14
应有,14
干起,14
创,14
冲走,14
主页,14
听天由命,14
当家,14
快进,14
蟑螂,14
飞高,14
覺得,14
两行,14
靓妹,14
劳,14
张馨,14
借鉴,14
炕,14
白人,14
彷佛,14
惠州,14
三道,14
气节,14
贫瘠,14
中带,14
大风大浪,14
湮灭,14
痴狂,14
尸骨,14
葬,14
天罡,14
臆想,14
太监,14
清纯,14
杀光,14
开山,14
当机立断,14
通宵达旦,14
切莫,14
风里来雨里去,14
西米亚,14
重任,14
熟透,14
及时行乐,14
策马,14
一马当先,14
真功夫,14
活泼,14
观看,14
照相机,14
上边,14
一个打,14
弗莱迪,14
分布,14
麦子,14
碎念,14
莽,14
观赏,14
打喷嚏,14
带坏,14
大狗,14
欺,14
自个,14
之心,14
斯文,14
瑞士,14
债务,14
し,14
悔,14
好几遍,14
民间,14
戳穿,14
看电视,14
人别,14
青苔,14
空想,14
踏浪,14
爱因斯坦,14
摇着头,14
没起,14
彩排,14
赴约,14
参照,14
顾问,14
这年头,14
跳入,14
赞叹,14
冷水澡,14
干过,14
笔记本,14
洒水,14
羊皮,14
立即,14
哪個,14
击杀,14
点杯,14
勿扰,14
再配,14
温哥华,14
信誓旦旦,14
爱像,14
天翻地覆,14
新加坡,14
锻造,14
缴械,14
醉汉,14
心伤,14
日照,14
一闭,14
一触即发,14
门路,14
进水,14
真滴,14
钓,14
揣摩,14
自杀,14
打抱不平,14
三湘,14
拜佛,14
保护伞,14
纸条,14
表露,14
几两,14
政治,14
腹,14
刀山,14
总归,14
亚,14
梅,14
分轨,14
试炼,14
家喻户晓,14
豪情,14
杆子,14
空投,14
找麻烦,14
绝技,14
子儿,14
活受罪,14
玷污,14
出乎意料,14
融洽,14
跑不掉,14
喊叫,14
任督,14
假惺惺,14
屠夫,14
燕子,14
必将,14
安分,14
不坏,14
新意,14
怨恨,14
岸边,14
研发,14
面条,14
拖拉机,14
一加,14
产,14
城镇,14
努,14
赤壁,14
连环,14
将士,14
训练有素,14
杂技,14
帆布,14
攀岩,14
契机,14
加足,14
胡言乱语,14
固若金汤,14
满目疮痍,14
总问,14
照应,14
暮色,14
千杯,14
入戏,14
交界,14
敞亮,14
张唱片,14
龟儿,14
预感,14
撞见,14
略,14
封神,14
不买,14
花前月下,14
叭,14
变数,14
叉路口,14
录进,14
风风雨雨,14
风吹雨打,14
车流,14
馍,14
循规蹈矩,14
金手指,14
吸气,14
千层,14
妖孽,14
耳屎,14
太软,14
伐,14
辣子,14
轻而易举,14
面积,14
恋旧,14
入赘,14
昨,14
杯杯,14
剑桥,14
瓦,14
轻点,14
千杯不醉,14
震,14
骑马打仗,14
豪迈,14
日后,14
击,14
周密,14
舀,14
童真,14
祖辈,14
腰杆儿,14
长风,14
招摇过市,14
看下,14
厌,13
说大话,13
重击,13
出大,13
热辣,13
钟情,13
蛊惑,13
裤衩,13
写字,13
顶部,13
伶仃,13
高温,13
一代人,13
一瞬,13
飞进,13
碾,13
使人,13
我认,13
顶替,13
博爱,13
之地,13
独享,13
委曲求全,13
超度,13
庄严,13
风华正茂,13
而今,13
不堪回首,13
演得,13
嗓门,13
贵重,13
攀上,13
深声,13
背带,13
发梢,13
变快,13
遥控,13
发炎,13
布鲁克林,13
最少,13
接吻,13
闲逛,13
摄像机,13
飞机场,13
掐掉,13
不急,13
心惊胆战,13
耳根,13
倾盆,13
沁,13
抓得,13
挑事,13
天选之子,13
猝不及防,13
悲愤,13
扶摇直上,13
显摆,13
离得,13
条件反射,13
不放过,13
越来越快,13
华佗,13
好气,13
你会,13
闯出,13
半句,13
写写,13
固有,13
太猛,13
提名,13
一百岁,13
软脚,13
耍大牌,13
信用,13
棍子,13
每件,13
湖人,13
哥老官,13
记错,13
看守,13
莫管,13
垂直,13
先上,13
凑热闹,13
救世,13
平步青云,13
监视,13
扎心,13
渣子,13
装做,13
好孩子,13
青楼,13
急急,13
攻心,13
任人摆布,13
早有,13
一转,13
解方程,13
最舒服,13
冠,13
九条,13
还清,13
冻住,13
真是假,13
拨弄,13
信箱,13
一千万,13
真有,13
摄影机,13
两瓶,13
小动作,13
臭味,13
有难同当,13
见过面,13
폭,13
立得,13
绝非,13
梯子,13
自作自受,13
比出,13
以痛,13
木讷,13
新浪潮,13
撑住,13
荣光,13
喂给,13
手册,13
再远,13
私下,13
卖卖,13
偷窃,13
更迭,13
满上,13
底裤,13
块冰,13
咖啡因,13
闭塞,13
擦肩,13
笔直,13
余地,13
几笔,13
特有,13
案子,13
低保,13
破歌,13
怠惰,13
链条,13
乐于,13
没骨气,13
爱变,13
听得,13
签下,13
封信,13
擦拭,13
闺女,13
马丁,13
苦味,13
涂满,13
一言难尽,13
蜘蛛,13
紧紧抓住,13
洒下,13
旖旎,13
扑面而来,13
胶水,13
邻居家,13
愉悦,13
冷冽,13
陈轶伦,13
使劲儿,13
微凉,13
战鼓,13
何须,13
绝学,13
伴唱,13
问到,13
找不着北,13
眼中钉,13
陷害,13
食指,13
推上,13
光谷,13
甘霖,13
飘雪,13
悲喜,13
揣起,13
车要,13
必有,13
七尺,13
恰似,13
保家卫国,13
难逃,13
饭馆,13
组队,13
怒气,13
几种,13
起用,13
觊觎,13
顶上,13
争先恐后,13
采摘,13
乱飞,13
消沉,13
暴,13
决绝,13
算了算,13
上见,13
首歌曲,13
诡计,13
突出,13
顺位,13
吾人,13
黑发,13
江山易改,13
抽掉,13
罪状,13
歘,13
我弟,13
罕见,13
千奇百怪,13
询问,13
四处张望,13
过路,13
英伦,13
清净,13
混账,13
阿弥陀佛,13
脉冲,13
朝天门,13
长远,13
录完,13
뭐,13
봐,13
워,13
倦,13
别出心裁,13
有情,13
涂上,13
树枝,13
大萄,13
仙人掌,13
郭琪哥,13
反馈,13
龙王,13
淡季,13
兴致,13
变冷,13
便饭,13
可有可无,13
冷冷的,13
化为乌有,13
勇猛,13
后边,13
ڧ,13
大雨滂沱,13
逃课,13
收官,13
刮风下雨,13
引用,13
脸儿,13
肃清,13
接住,13
洋葱,13
川江,13
苛求,13
漫,13
只愿,13
全程,13
竞赛,13
晦涩,13
喜悲,13
打醒,13
起风,13
找些,13
告訴,13
执迷不悟,13
助长,13
丫头,13
这滴,13
背对,13
ꉢ,13
留有,13
ꒉ,13
宁波,13
至此,13
葱花,13
康熙,13
勾心斗角,13
号子,13
抗疫,13
黑爷,13
尝鲜,13
树影,13
谈及,13
旷,13
浪尖,13
可带,13
梦里醒,13
半生,13
尼格罗,13
喝干,13
孙子辈,13
蒙特卡洛,13
别无所求,13
唱山歌,13
请多关照,13
爱别,13
李鑫,13
版权所有,13
孙骁,13
愛上,13
咱俩,13
野耍,13
顶顶顶,13
倒刺,13
乱象,13
香吻,13
冬今,13
何太急,13
鞋匠,13
ꑌ,13
混出去,13
甜不辣,13
反伍,13
流年,13
张开嘴,13
菠萝包,13
眼花缭乱,13
離開,13
浪漫主义,13
稀释,13
울,13
一流,13
猜中,13
七色,13
春花,13
碧,13
形同陌路,13
美感,13
天黑黑,13
見,13
女子,13
军刀,13
明信片,13
地头蛇,13
谈何容易,13
很差,13
分道扬镳,13
行过,13
火边,13
心地,13
会晤,13
越活,13
盘道,13
考上,13
末,13
撞进,13
胜券在握,13
人质,13
反映,13
药剂,13
玻璃瓶,13
情同手足,13
没头脑,13
没头没脑,13
金贵,13
找准,13
满满的,13
构想,13
竹笛,13
病情,13
盗窃,13
改不掉,13
没数,13
一半一半,13
如你所愿,13
电量,13
对骂,13
阿卡,13
浦东,13
住口,13
格调,13
次郎,13
看惯,13
地去,13
赢过,13
大好河山,13
山脚下,13
默默地,13
泪花,13
出差,13
犹豫不决,13
干涸,13
一叠,13
遗失,13
顶起,13
犒劳,13
牌局,13
一枝独秀,13
无可奈何,13
送个,13
一塌糊涂,13
展露,13
歉意,13
潦倒,13
一见,13
净,13
开端,13
这局,13
花旦,13
看路,13
阴沟,13
伪造,13
加重,13
老关,13
老板娘,13
呻吟,13
喝了酒,13
理发,13
天职,13
梳理,13
迎刃而解,13
鬼神,13
定下,13
砒霜,13
联想,13
我些,13
刘志勇,13
劝说,13
好烦,13
机长,13
浙江,13
小生意,13
职场,13
逃过,13
三更半夜,13
小河,13
园,13
王会亮,13
病句,13
五十个,13
赶跑,13
大帝,13
幸得,13
怀着,13
回眸一笑,13
造乐,13
太干,13
三头六臂,13
街口,13
鼻,13
冒牌货,13
那得,13
小鸡,13
注,13
怀恋,13
各奔东西,13
硬邦邦,13
切切,13
摸不清,13
小姐姐,13
称王称霸,13
那道,13
将心比心,13
这题,13
吼叫,13
这新,13
小车,13
两台,13
两点钟,13
疾苦,13
堆成,13
舵,13
解冻,13
鼠尾草,13
触手,13
可得,13
套上,13
透气,13
空着,13
跑遍,13
光靠,13
更深,13
保龄,13
演个,13
力竭,13
破裂,13
心会,13
骚说,13
神气,13
解说,13
谈判,13
季,13
极品,13
方圆,13
飞车,13
上点,13
无人区,13
假冒伪劣,13
合集,13
心儿,13
问别,13
龙袍,13
莆田,13
热线,13
暴徒,13
丝绸之路,13
并不需要,13
公认,13
挖坑,13
大势,13
乱七八糟,13
轮流转,13
久等,13
蹊跷,13
民工,13
眼瞅,13
取决于,13
挖到,13
瓶盖,13
第几,13
我话,13
练练,13
生态,13
捡球,13
再练,13
巡山,13
找票,13
喊救命,13
鬼把戏,13
便宜货,13
添加,13
阿尔法,13
惊涛骇浪,13
最吊,13
迪,13
小妹,13
提及,13
驯服,13
完结,13
筋斗,13
赚到,13
仰慕,13
斗牛,13
模板,13
崽子,13
英俊潇洒,13
飘渺,13
利弊,13
肩头,13
致电,13
户籍,13
扣篮,13
勒紧,13
赖皮,13
一腔,13
欺凌,13
刍音,13
炎黄子孙,13
李金,13
下腰,13
挪威,13
农夫山泉,13
厨艺,13
让位,13
唧唧,13
拟声词,13
芭,13
最远,13
胎,13
光碟,13
摄入,13
后门,13
寸,13
箱,13
跨国,13
灌篮,13
摇篮,13
礼拜一,13
退别,13
翻看,13
几斤,13
找事,13
参天大树,13
品种,13
拉法,13
天神,13
走不动,13
豆瓣酱,13
浑水摸鱼,13
自如,13
浓妆艳抹,13
太硬,13
风靡,13
诛,13
散伙,13
更重,13
我犯,13
搬运,13
板命,13
开荒,13
天际线,13
身无分文,13
衣橱,13
无业游民,13
建坤,13
英国,13
市区,13
壳子,13
相声,13
马良,13
自命不凡,13
吓死,13
拿破仑,13
硕大,13
三角,13
停停,13
畅通,13
追击,13
大衣,13
堵塞,13
破浪,13
比比看,13
正点,13
倒杯,13
一不留神,13
走一遍,13
天塌,13
通讯录,13
强劲,13
败北,13
打交道,13
一出场,13
系数,13
伪,13
造化,13
陪练,13
盖茨,13
跋扈,13
回头是岸,13
寻寻觅觅,13
潜能,13
低语,13
全款,13
协议,13
横行,13
虎啸,13
看开,13
浪迹,13
流光,13
像部,13
叛变,13
篡改,13
哪吒,13
闪开,13
东山,13
随随便便,13
帆船,13
西方,13
瓷器,13
脱落,13
身外之物,13
尽早,13
号令,13
呢喃,13
精辟,13
感知,13
小宝,13
弹跳,13
夏娃,13
哑铃,13
手刹,13
巅,13
宠坏,13
西餐,13
穿戴,13
潮牌,13
优劣,13
虾米,13
脐带,13
至死,13
万能,13
出彩,13
美利坚,13
身着,13
接个,13
越秀,13
变味,13
岗位,13
首级,13
又会在,13
盘缠,13
白话,13
甘,13
地形,13
叩,13
核酸,13
模版,13
束手,13
马赛克,13
烤串,13
班级,13
叽叽,13
马路边,13
蛰伏,13
发条,13
穷光蛋,13
投出,13
血色,13
二锅头,13
披着,13
挑灯,13
跪地,13
节省,13
载体,13
埃及,13
公牛,13
挤进,13
笑嘻嘻,13
有理有据,13
犯人,13
摔跤,13
下三滥,13
麻袋,13
勤劳,13
依恋,13
外边,13
溺水,13
这道,13
昆仑,13
教唆,13
艰险,13
思索,13
成佛,13
远走他乡,13
相知,13
临摹,13
批斗,13
鬼扯,13
第几个,13
贪图,13
助攻,13
脚脚,13
开刀,13
先给,13
女娃儿,13
冰糕,13
巩固,13
一摞,13
家暴,13
游戏厅,13
恒星,13
唱首歌,13
连绵,13
齐心协力,13
错失,13
火气,13
复习,13
姊妹,13
入魔,13
吉塔,13
水太深,13
泳恩,13
保龄球,13
尔比,13
不计后果,13
嬉皮笑脸,13
摇起,13
而立,13
流露出,13
休假,13
失联,13
发廊,13
时才,13
家具,13
马戏,13
星星点点,13
插个,13
大富翁,13
明争暗斗,13
破釜沉舟,13
包含,13
卡片,13
奇幻,13
萌芽,13
出來,13
里加,13
那個,13
屠龙,13
抗体,13
山崎,13
礼拜六,13
黑影,13
双人床,13
浴室,13
一分钱,13
归于,13
艳遇,13
死水,13
每件事,13
雇,13
春季,13
过载,13
古迹,13
步行街,13
妹坨,13
不能不要,13
住宅,13
后代,13
会用,13
勾践,13
天知道,13
缝缝补补,13
照相,13
永生,13
八块,13
交响曲,13
绊脚石,13
黄粱一梦,13
算账,13
兴起,13
只够,13
暗暗,13
赵宗,13
ー,13
波斯,13
西域,13
溜进,13
无踪,13
坐个,13
不卑不亢,13
太懒,13
扭转,13
着劲儿,13
十字架,13
微薄,13
金融,13
毛头小子,13
喝翻,13
钢管,13
足金,13
自信心,13
别理,13
防护,13
无缘,13
统计,13
命题,13
纵容,13
文章,13
减轻,13
我包,13
救治,13
拼拼,13
哏,13
成盒,13
面包车,13
斩落,13
乃是,13
揭,13
那首歌,13
脱颖而出,13
眯着,13
上菜,13
心直口快,13
人住,13
握笔,13
一探,13
信息量,13
改善,13
冲洗,13
安保,13
镜面,13
存折,13
饿肚子,13
贵族,13
无双,13
搞事,13
堪,13
熄灯,13
底鼓,13
爬上来,13
两下,13
逐个,13
向天,13
黄浦江,13
张步,13
偌大,13
磅礴,13
恶灵,13
破镜,13
一侧,13
逆反,13
活个,13
循环反复,13
早归,13
晚出,13
帮到,13
补偿,13
服不服,13
金戒指,13
手镯,13
满哥,13
拍档,13
伤病,13
嗑,13
滔滔,13
归路,13
悬殊,13
詭,13
四十,13
比要,13
面庞,13
不讲理,13
呆子,13
把子,13
青烟,13
甩不掉,13
过渡,13
东四环,13
形势,13
结出,13
低沉,13
聖,13
独树一帜,13
烟草,13
大妈,13
完事,13
薅,13
犟嘴,13
大米,13
小瞧,13
拦路,13
棉袄,13
唉声叹气,13
受过伤,13
如鱼得水,13
万人空巷,13
头有,13
锁定目标,13
成龙,13
怪病,13
弯刀,13
讲完,13
煮熟,13
高烧,13
狗腿,13
诗意,12
每逢,12
一千遍,12
假意,12
无底,12
儿哥,12
감,12
折服,12
资料,12
当爱,12
飞飞,12
柠檬水,12
红肿,12
马不停蹄,12
데,12
实至名归,12
往死,12
教义,12
慢性,12
隐蔽,12
城府,12
收录,12
巴比,12
工匠,12
格莱美,12
囧,12
嘴头,12
静好,12
涨涨,12
格式,12
犯规,12
植入,12
发神经,12
停摆,12
那好,12
西单,12
诉求,12
匆匆忙忙,12
永无止境,12
摇手,12
涂改,12
好多好多,12
乔力,12
罗汉,12
班里,12
那就算了,12
自欺欺人,12
亚比,12
第一桶金,12
ß,12
门儿,12
一届,12
冷板凳,12
打针,12
比利,12
新欢,12
三千万,12
最穷,12
答复,12
死活,12
处方,12
近距离,12
服务区,12
身穿,12
玩少,12
暴雪,12
巷子深,12
江面,12
哼唱,12
我带,12
体质,12
女巫,12
勤勤恳恳,12
笑颜,12
十有八九,12
屋外,12
打个招呼,12
缔造,12
总算,12
艾嘉,12
插嘴,12
地壳,12
难忍,12
面目全非,12
凄美,12
得道成仙,12
纬度,12
满血,12
上天入地,12
顺其自然,12
三百六十五天,12
穿衣服,12
林贻耀,12
头等,12
逸,12
聚才,12
众音,12
丑态,12
主题曲,12
警长,12
懊悔,12
凶悍,12
佯装,12
向东流,12
年幼,12
指教,12
背对背,12
没骗,12
多浪,12
自知,12
归土,12
打肿脸充胖子,12
畅游,12
引人注目,12
一桥,12
陈仓,12
必杀技,12
无影,12
讥笑,12
天大,12
彭,12
只身一人,12
严厉,12
偷窥,12
参不透,12
袭来,12
我求,12
第一句,12
叶问,12
想不开,12
拔刀相助,12
石碑,12
地灵,12
匿名,12
风尘,12
없,12
余晖,12
主旨,12
集齐,12
拉萨,12
对位,12
他娃,12
艰苦,12
通畅,12
囊个,12
眼色,12
大鱼,12
음,12
모,12
주,12
치,12
光彩,12
闲杂人等,12
芽,12
收编,12
拍部,12
步步,12
真叶,12
游过,12
划伤,12
博得,12
钢,12
今朝有酒今朝醉,12
拉拉,12
识趣,12
眉目,12
俯冲,12
轻蔑,12
鱼千,12
陷,12
狗日,12
摧残,12
为伴,12
风帆,12
左顾右盼,12
裙边,12
淡淡,12
缱绻,12
锐利,12
熊熊燃烧,12
一成不变,12
д,12
寥寥,12
艰巨,12
否决,12
白来,12
手舞足蹈,12
嫑,12
族,12
兰州,12
火化,12
太原,12
杀敌,12
翻出,12
白活,12
看笑话,12
虐待,12
利索,12
这来,12
孤胆,12
醒时,12
交情,12
神迹,12
道不同不相为谋,12
上锁,12
脑袋瓜子,12
春晚,12
月牙,12
没吃过,12
痴心,12
回信,12
会飞,12
还原,12
不死,12
臃肿,12
罪行,12
感言,12
庙里,12
娃往,12
稀碎,12
貌似,12
奇,12
万古,12
点灯,12
不假,12
扬鞭,12
顿悟,12
新旧,12
大眼炮,12
恶鬼,12
出战,12
无恙,12
出淤泥而不染,12
摔坏,12
嘴型,12
重铸,12
不入流,12
运势,12
爱美,12
逾越,12
豪言,12
跤,12
底底,12
瞟,12
一条龙,12
霞,12
湖湘,12
生灵涂炭,12
相依,12
系列,12
心率,12
放大镜,12
美术,12
挪,12
五十块,12
红得,12
半场,12
店铺,12
棕色,12
多米诺骨牌,12
欢愉,12
自恋,12
玩成,12
生人,12
黄仪,12
艺术设计,12
纱,12
去死吧,12
推送,12
속,12
酒过三巡,12
起伏跌宕,12
西爱,12
走西,12
变了又变,12
迷人眼,12
打假,12
两份,12
吹箫,12
开在,12
两颗心,12
重义,12
虚妄,12
번,12
擂,12
蝙蝠侠,12
一唱,12
奋笔疾书,12
钱伟荣,12
同片海,12
大河,12
林教头,12
山神庙,12
草料场,12
欧瑞,12
阿公,12
静谧,12
异乡人,12
名震,12
往下跳,12
스,12
风潮,12
卖艺,12
大渊,12
晒干,12
胖起,12
雕雕,12
耀,12
出气,12
动画,12
三句,12
惹事,12
三尺,12
含泪,12
作曲,12
白驹,12
差人,12
天能,12
卧底,12
患,12
已經,12
天河,12
毋庸置疑,12
蜀山,12
甜食,12
忽隐忽现,12
淋着,12
古道,12
动了心,12
一翻,12
解决不了,12
摆弄,12
愿为,12
吱玩尔,12
滑翔,12
客酷,12
け,12
渔歌,12
风起,12
心不开,12
赌必,12
戒骄戒躁,12
那间,12
死心踏地,12
一日千里,12
遨游四海,12
外放,12
见卓,12
讲尼是,12
范丞丞,12
完们,12
建党,12
哎嘿,12
陋室,12
高貴,12
音拍,12
爽爽,12
要將,12
欠点,12
ꑭ,12
福禄寿,12
蚊儿,12
臭皮匠,12
è,12
尤长靖,12
土頭,12
制噪,12
我醒,12
绝代,12
爱花,12
方仔,12
关不住,12
招安,12
一马平川,12
阿莉莎,12
数度,12
要教,12
上用,12
心醉神迷,12
羊驼,12
好极了,12
香辣,12
光斑,12
丹泽,12
无穷,12
潮涨潮落,12
滴美,12
恩爱,12
无脚,12
作痛,12
缺钙,12
嫩桃,12
请勿,12
美宝莲,12
斜阳,12
吻合,12
焉栩嘉,12
赵磊,12
王皓,12
当妮,12
洱海,12
一整瓶,12
来来,12
圣女,12
奚落,12
须,12
错事,12
行色匆匆,12
万里长城,12
横着,12
长得帅,12
不思进取,12
骨骸,12
渔船,12
等会儿,12
惊奇,12
毕了业,12
跳跳虎,12
摩斯电码,12
丰收,12
整容,12
走切,12
手牌,12
罗亦凡,12
正常人,12
异口同声,12
修罗,12
奥特曼,12
仇家,12
乱打,12
雪白,12
枸杞,12
食屎,12
散烟,12
脱节,12
称号,12
贴身,12
窑,12
丢人现眼,12
麻子,12
凛冬,12
抓到,12
西西里,12
恋情,12
一夏,12
酒桌上,12
战力,12
一万种,12
阴谋诡计,12
二人,12
隆地咚,12
别别,12
压弯,12
聒噪,12
证件,12
反面教材,12
酸奶,12
は,12
小麦,12
没话说,12
档口,12
桑塔纳,12
迈克尔,12
运球,12
外力,12
拜金女,12
纹理,12
安然,12
秤砣,12
爱惜,12
莫测,12
三五,12
金正久,12
老浙,12
黄宁,12
铁克,12
光芒万丈,12
ꊿ,12
台独,12
小明,12
回城,12
闪光点,12
正二正,12
走投无路,12
娘家,12
梅赛德斯,12
危难,12
记事,12
悲凉,12
八百里,12
东郊,12
断电,12
没力,12
鸦雀无声,12
果儿,12
失意,12
登山,12
牲口,12
太挤,12
ᴀ,12
哔哩,12
没活,12
重圆,12
会试,12
压不住,12
这出,12
六岁,12
先飞哈儿,12
生命不息,12
闯荡江湖,12
下滑,12
杨晓川,12
野疆,12
充个,12
黄金叶,12
公务舱,12
踢出去,12
第二杯,12
开箱,12
喂切,12
切金足,12
安个,12
不往,12
窍门,12
迪斯,12
威尔,12
背锅,12
唱首,12
卖座,12
往里面,12
潮人,12
面向,12
忽明忽暗,12
枝头,12
腥味,12
飘摇,12
蟹,12
执拗,12
认真对待,12
赶时间,12
线上,12
紧急,12
民谣,12
想哈,12
淹,12
毛发,12
存到,12
猫和老鼠,12
说空话,12
魍魉,12
新房,12
无边无际,12
五月天,12
淡出,12
合成器,12
胸肌,12
方便面,12
丁丁,12
打成,12
吃得开,12
英雄好汉,12
身为,12
杀生,12
散漫,12
舶来品,12
两面三刀,12
提雅,12
技师,12
走位,12
阿波罗,12
一齐,12
标准答案,12
讨人厌,12
解禁,12
倒置,12
名头,12
首要,12
里长,12
教给,12
鱼龙混杂,12
献丑,12
吐血,12
失真,12
特斯拉,12
流着泪,12
脑洞,12
撒哈拉,12
流入,12
谈天说地,12
敏锐,12
棚里,12
宫,12
拿笔,12
接壤,12
街坊,12
关了灯,12
无间道,12
亏了,12
十三,12
剖析,12
传送,12
烟灰缸,12
开了个,12
敬给,12
烟消云散,12
二字,12
可恶,12
闯关,12
夹紧,12
碰杯,12
狐狸精,12
雪莲,12
你活,12
编舞师,12
金箍棒,12
米饭,12
脑瓜子,12
没为,12
蒸,12
一朵朵,12
高三,12
镶着,12
好帅,12
具,12
五天,12
七星,12
乱讲,12
水路,12
慰问,12
正道,12
琳娜,12
那夜,12
教过,12
心是,12
过多,12
陈倩,12
攻陷,12
讲座,12
江郎才尽,12
口供,12
设法,12
太走心,12
太美丽,12
忧,12
犀利,12
坏男孩,12
混个,12
老王,12
艾弗森,12
点钟,12
不知天高地厚,12
骨髓,12
参数,12
所作所为,12
杀青,12
从西到,12
到北,12
不活,12
笔头,12
乖张,12
太笨,12
十万个,12
随处,12
确立,12
阅兵,12
棘,12
边角料,12
讲个,12
挖出,12
称职,12
剩饭,12
撩妹,12
花蕾,12
房价,12
越多,12
升升,12
饱满,12
麦迪,12
配比,12
换算,12
很穷,12
金边,12
删减,12
运作,12
签了,12
永存,12
飞出,12
臭水沟,12
女明星,12
变故,12
许个,12
豪横,12
弯脚,12
太野,12
欧阳,12
哀悼,12
难解,12
心冷,12
穷小子,12
信奉,12
陶瓷,12
蛮力,12
少有,12
汇入,12
要出,12
怒放,12
胸,12
暗藏,12
寄出,12
碎成,12
本想,12
压榨,12
重围,12
报仇,12
公子哥,12
要冲,12
面只,12
代驾,12
之道,12
诊断,12
绑住,12
痴心妄想,12
火炼,12
浓妆,12
减速,12
嫌累,12
隐晦,12
翻江倒海,12
悍匪,12
后半夜,12
翻云,12
生在,12
世世代代,12
大四喜,12
对家,12
滚回,12
讨教,12
抵制,12
贪杯,12
混着,12
阿妈,12
坐井观天,12
彰显,12
明珠,12
顾着,12
误导,12
空头支票,12
盘带,12
乐坛,12
成绩单,12
锄,12
杰克逊,12
叉子,12
游乐园,12
多少倍,12
点半,12
盗,12
打口,12
嘻嘻,12
一系列,12
金钟罩,12
打嗝,12
古,12
巨石,12
虎视眈眈,12
筋斗云,12
朗诵,12
退下,12
墓,12
室,12
颓,12
战斗机,12
的士,12
战甲,12
不管不顾,12
点头哈腰,12
包个,12
还用,12
广东队,12
比我强,12
扰民,12
没事干,12
二十块,12
逼得,12
知名,12
追查,12
清唱,12
资历,12
钱花,12
符号,12
逐一,12
床底,12
鸿,12
诗词,12
种族,12
鹿,12
脚上,12
语句,12
必杀,12
七七八八,12
得失,12
兴,12
外山,12
得出,12
投影,12
叫喊,12
蜈蚣,12
磁铁,12
变淡,12
稀烂,12
创建,12
当有,12
没看,12
看书,12
拳法,12
恶念,12
沉住气,12
悬崖勒马,12
串联,12
进货,12
妮,12
九九八十一,12
黑板,12
贬值,12
吹乱,12
拉伤,12
燥热,12
好客,12
户头,12
渐,12
逐浪,12
炎夏,12
西雅图,12
心潮澎湃,12
功底,12
没爱过,12
打死,12
雲道,12
冰激凌,12
井,12
爬山,12
我快,12
浴火重生,12
千里马,12
常有,12
听腻,12
地煞,12
哈利,12
路亚,12
裂,12
不姓,12
伺机而动,12
雷打不动,12
俗世,12
地下党,12
送回,12
范本,12
隔开,12
绑匪,12
溪湖,12
衰,12
离下,12
三千米,12
绝逼担,12
起绕,12
隔膜,12
婊,12
一炷香,12
全盘,12
蜗牛,12
调戏,12
盾牌,12
大刀,12
狭窄,12
走不出,12
大富大贵,12
驹,12
捧场,12
阴雨天,12
越长,12
小猫,12
道听途说,12
智力,12
残阳,12
三杯,12
觥筹交错,12
牛币,12
库里南,12
驱赶,12
动感,12
李俊,12
推起,12
太迟,12
臂力,12
七十,12
种地,12
唱词,12
形,12
不够格,12
炒面,12
根深蒂固,12
挽,12
团聚,12
见招拆招,12
叽里呱啦,12
缠住,12
变色,12
戴面具,12
充气,12
鸡毛,12
拍照片,12
无害,12
升仙,12
钱来,12
心好,12
豹,12
少见,12
防弹玻璃,12
两件,12
当人,12
再续,12
放掉,12
条命,12
一盒,12
般若,12
太想,12
补习,12
谈妥,12
想做到,12
飞上了,12
钻戒,12
地球仪,12
报喜,12
彼此之间,12
被关,12
刻度,12
白纸黑字,12
要用,12
捕捉到,12
人模狗样,12
脸面,12
引,12
天在,12
落子,12
风月,12
表示同情,12
学田,12
冻库,12
宰猪,12
骨耷到,12
宽肩,12
搬点,12
实冲,12
堵墙,12
推推,12
黢黑,12
跳伞,12
敬酒,12
莫使,12
回忆录,12
挫,12
开大,12
十八个,12
照到,12
牢靠,12
闲人,12
先喝,12
携带,12
改革,12
对人,12
青梅,12
两小无猜,12
很美,12
装起,12
小队,12
受尽,12
万众一心,12
弹无虚发,12
游客,12
哪能,12
张张,12
装成,12
不识货,12
满月,12
战袍,12
标价,12
没心没肺,12
西凹,12
烟雾弹,12
启蒙,12
捡起来,12
区里,12
头别,12
多虑,12
不怕死,12
介,12
悟性,12
振臂,12
再过,12
还魂,12
夷为平地,12
观,12
填平,12
豺狼虎豹,12
适当,12
更多人,12
人声鼎沸,12
错综复杂,12
爱说,12
铸造,12
抱得,12
产业链,12
说不上,12
前倾,12
结满,12
一月,12
脆皮,12
一八,12
拐角,12
长鸣,12
动动,12
不可磨灭,12
刚满,12
炸翻,12
声张,12
中断,12
刃,12
闭到,12
刀光,12
惹祸,12
不好过,12
心仪,12
海绵,12
花果山,12
低声,12
精细,12
大侠,12
悔改,12
花园里,12
白鹭,12
落败,12
走狗,12
暂且,12
奖章,12
没命,12
虫儿,12
沙粒,12
留情,12
旨意,12
白白,12
闹热,12
兜底,12
受委屈,12
喊出,12
浇熄,12
说太多,12
开销,12
盖世,12
元年,12
表述,12
声声,12
太美,12
寒风刺骨,12
淋过,12
情意,12
落笔,12
淘,12
很早,12
座右铭,12
红旗飘飘,12
祝你们,12
无垠,12
寨,12
装潢,12
革新,11
想闻,11
家当,11
中年,11
狂放,11
草根,11
震颤,11
若有,11
时不我待,11
差得,11
里弄,11
首席,11
打鼓,11
紧密,11
立足,11
维他命,11
利剑,11
遮不住,11
有模有样,11
撒满,11
双截棍,11
白眼,11
咖啡店,11
支棱,11
京城,11
百花齐放,11
仁者无敌,11
一无所求,11
电鳗,11
随笔,11
歌来,11
果子,11
引号,11
赚赚,11
衬衣,11
脱轨,11
精气,11
户,11
多钱,11
买件,11
空运,11
产量,11
坏消息,11
古董,11
玻璃杯,11
黑眼睛,11
得儿,11
志,11
小罗,11
对应,11
抛媚眼,11
书本,11
没留,11
一百公里,11
不失,11
皱紧,11
挂断,11
档,11
营造,11
必经,11
清零,11
捏造,11
地向,11
铃声,11
면,11
企鹅,11
行不通,11
口若悬河,11
鸭舌帽,11
前要,11
吃醋,11
一键,11
得逞,11
弟兄们,11
断送,11
暴食,11
拖拖拉拉,11
后方,11
光晕,11
痛到,11
油盐,11
不太可能,11
圈养,11
落款,11
丸子,11
时光荏苒,11
赌局,11
断肠,11
刀山火海,11
没试,11
大气,11
猿猴,11
儒雅,11
被装,11
放首,11
钟头,11
装甲,11
太顶,11
彪悍,11
月牙泉,11
一顿饭,11
意味,11
星海,11
样样精通,11
打印,11
四五,11
戒酒,11
玛,11
车灯,11
提神,11
忘乎所以,11
收成,11
死寂,11
拍下,11
平仄,11
狗眼,11
地有,11
查不到,11
变暗,11
晕开,11
自甘堕落,11
牵制,11
铤而走险,11
岗,11
旭日,11
管他什么,11
同路,11
迫降,11
清一色,11
朱宇铮,11
倾吐,11
展翅高飞,11
满天飞,11
圈内,11
奖赏,11
名人,11
诚挚,11
禽兽,11
庄有,11
奥义,11
敲醒,11
不大,11
盖世英雄,11
皇宫,11
幕布,11
加一点,11
西外,11
我放,11
넨,11
好凶,11
奔涌,11
生老病死,11
丈夫,11
殊途,11
山盟海誓,11
家常便饭,11
枪打出头鸟,11
变天,11
高估,11
端倪,11
苗语,11
阿飞,11
咋整,11
家头,11
几番,11
惊堂木,11
祝你好运,11
双重,11
眯,11
甲板,11
合拍,11
百川,11
钢索,11
迷妹,11
踢翻,11
战马,11
笑谈,11
身手,11
插头,11
诚心,11
领会,11
褒奖,11
인,11
럼,11
讲过,11
건,11
消减,11
遗留,11
活过,11
溜达,11
全给,11
刺耳,11
野猫,11
别误会,11
笨鸟,11
病痛,11
浮,11
变着,11
嘱咐,11
一跳,11
方框,11
十多年,11
摘走,11
俯首,11
终结者,11
했,11
人手,11
走样,11
耗儿,11
过门,11
权贵,11
越少,11
运用,11
遇事,11
村子,11
欢送,11
酩酊大醉,11
上人,11
至上,11
几代人,11
热血沸腾,11
第一首,11
这道题,11
脱发,11
口出狂言,11
轻快,11
讨债,11
心存侥幸,11
造反,11
铁链,11
祈福,11
粉末,11
算算,11
踩得,11
起初,11
别有,11
重蹈覆辙,11
门门,11
白菜,11
夜行,11
遭罪,11
核,11
黑名单,11
流派,11
疗伤,11
直接了当,11
年迈,11
微,11
烧点,11
岩浆,11
梦梦,11
桃源,11
贝贝,11
直奔,11
紫金,11
祖,11
推土机,11
疏通,11
相望,11
割破,11
出唱片,11
二十几,11
从里到外,11
并不知道,11
精美,11
报名,11
像活,11
过奖,11
瘦弱,11
滩,11
泰迪,11
壁炉,11
融进,11
特写,11
瞳孔放大,11
直视,11
努力学习,11
扑克牌,11
没准,11
燕郊,11
两样,11
口头,11
绝迹,11
扇动,11
撕成,11
万圣节,11
骨架,11
模范,11
过世,11
光着,11
分子,11
睡梦中,11
每刻,11
虎力,11
死要面子,11
痛哭流涕,11
一瓢,11
辍学,11
清静,11
半圆,11
铃声响起,11
样貌,11
侪,11
米线,11
道长,11
轻声,11
闻着,11
破译,11
抽搐,11
水母,11
得病,11
之梦,11
几圈,11
大石,11
维多利亚,11
咏春,11
地窖,11
一分一秒,11
醉生梦死,11
发扬光大,11
寝室,11
表不,11
恶评,11
钱势,11
走动,11
二环路,11
一枝花,11
一两个,11
受人,11
天崩地裂,11
呼吸困难,11
灭霸,11
粉身碎骨,11
容量,11
东升,11
落井下石,11
饭来张口,11
兜圈,11
有所不同,11
濒死,11
男性,11
梅雨季,11
怪诞,11
影片,11
梧桐,11
初雪,11
风情,11
南辕北辙,11
动漫,11
瞻前顾后,11
扳倒,11
兼容,11
引路,11
如故,11
零件,11
原样,11
流露,11
山炮,11
光彩夺目,11
加密,11
辣条,11
煞笔,11
拿点,11
相思,11
运营,11
榨菜,11
糊里糊涂,11
貔貅,11
门面,11
调转,11
柱,11
杠铃,11
非典,11
陈明昊,11
过泪,11
腮红,11
恭敬,11
叶尔林,11
讪笑,11
两三点,11
身形,11
广深,11
窈窕淑女,11
半开,11
这些年来,11
谷粟,11
李柯,11
金兆钧,11
停过,11
远平,11
杨永歌,11
ꁌ,11
冻豆腐,11
冷靜,11
壮壮壮,11
堅持,11
张石荻,11
警备队,11
放进去,11
周晓鸥,11
刊登,11
洗净,11
麻不麻,11
你死我活,11
没风,11
我常,11
围堵,11
高晓攀,11
炒鸡蛋,11
化做,11
姗姗来迟,11
戎装,11
重大,11
岁月蹉跎,11
青莓,11
易,11
多去,11
一千年,11
配备,11
破门,11
笔画,11
빛,11
叠成,11
守恒,11
苔藓,11
山鸟飞,11
雷雨交加,11
青春年华,11
哪一天,11
多卖,11
九龙,11
人踪,11
自不量力,11
介意,11
火里,11
舅舅,11
江东,11
传出,11
比拼,11
默示,11
势,11
秦川,11
工业,11
去除,11
石子,11
污水,11
铆钉,11
侠义,11
冷眼旁观,11
仙丹,11
底片,11
趣味,11
空缺,11
隐姓埋名,11
真好,11
很漂亮,11
不合时宜,11
时好时坏,11
喝咖啡,11
夕阳余晖,11
平日,11
刘韧,11
玩出,11
坏女孩,11
黄飞鸿,11
无声无息,11
成家立业,11
烧纸,11
复来,11
开开心心,11
组合拳,11
唐僧,11
蟒蛇,11
咖啡厅,11
英俊,11
正版,11
我全,11
染上,11
说切,11
拎不清,11
邀约,11
李宁,11
干的事,11
啃着,11
最烦,11
番,11
钱能,11
言行,11
措手不及,11
共处,11
固步自封,11
客串,11
很空,11
标点,11
无字天书,11
剧透,11
李文,11
常识,11
需不需要,11
干干净净,11
富可敌国,11
惯例,11
全得,11
奥利,11
不死心,11
奇遇,11
一花,11
喾,11
痛击,11
不可一世,11
整装待发,11
林文,11
扒开,11
玛尼,11
达州,11
乘以,11
内向,11
我念,11
唐宋,11
几箱,11
心无杂念,11
冰粉,11
很着急,11
色欲,11
痴醉,11
半梦半醒,11
三碗,11
鱿鱼,11
洒下来,11
一体,11
蛐蛐,11
华尔兹,11
螺旋桨,11
哪会,11
板眼,11
吖,11
见了面,11
我燥,11
那家,11
非叔,11
冒火,11
留守,11
无端,11
雾太大,11
值不值,11
日以继夜,11
拉风,11
一心一意,11
ꎭ,11
ꄿ,11
宝岛,11
弹起,11
禁果,11
写得,11
水彩笔,11
中秋,11
虎皮,11
太闪,11
多累,11
心灰意冷,11
板板,11
战略,11
恰烂,11
失手,11
凭空,11
哥来,11
沉默是金,11
轻描淡写,11
方块,11
触觉,11
寸头,11
统治力,11
发家,11
一响,11
六十,11
怂恿,11
前门,11
颜面,11
连续剧,11
轮毂,11
华阳,11
丧尸,11
修成,11
阀门,11
传单,11
如影,11
装懂,11
我敬,11
停驻,11
剧痛,11
横幅,11
深思,11
会成,11
百分之九十九,11
小帅哥,11
喝麻,11
炒饭,11
表格,11
过命,11
晒太阳,11
类别,11
重获,11
头型,11
乱套,11
连累,11
无人机,11
斤,11
上床,11
牢固,11
野格,11
灵光,11
玩吧,11
之处,11
带入,11
秃鹫,11
川,11
摆出,11
先天,11
呼吸声,11
甩头,11
惨烈,11
十六岁,11
意淫,11
渐变,11
无一例外,11
匠,11
充满希望,11
刚刚开始,11
大到暴雨,11
先燃,11
该切,11
坐摩,11
哪台,11
思唯,11
滑雪,11
提款机,11
葱,11
樽,11
酒桌,11
兢兢业业,11
八贼,11
太有,11
高高在上,11
安魂曲,11
要轮,11
驰,11
没撒子,11
肠,11
香格里拉,11
向羽,11
爱不释手,11
跛,11
这破,11
臊皮,11
川医,11
绷批,11
胸大肌,11
头演,11
账包,11
烫算个,11
冲巴倒,11
抓饭,11
中华儿女,11
一命,11
匹,11
分隔,11
地痞,11
感觉得到,11
用词,11
不掉,11
心比,11
五根,11
放在眼里,11
阻挠,11
疾驰,11
埋头苦干,11
多一秒,11
杂乱,11
全神贯注,11
除魔,11
从始至终,11
云贵川,11
拉大,11
案板,11
门牙,11
邻家,11
投向,11
放棄,11
大字,11
甩个,11
寄生,11
迷踪,11
希腊,11
卓卓,11
犄角,11
一级,11
雨林,11
三声,11
人去楼空,11
后劲,11
江苏,11
早说,11
气到,11
大罗,11
接上,11
谈起,11
过火,11
我狂,11
转眼间,11
名义,11
和田,11
会怕,11
糊,11
咽气,11
饲料,11
基石,11
谋生,11
内地,11
盼头,11
尽可能,11
铁索,11
我秀,11
全能,11
恶语相加,11
协助,11
成员,11
乱撞,11
打闹,11
消音,11
充沛,11
两秒,11
目瞪口呆,11
张浩,11
钟表,11
比肩,11
请来,11
三连音,11
震到,11
游侠,11
黑特,11
先进,11
西服,11
莎,11
十七岁,11
绿油油,11
科,11
抽射,11
剧院,11
签约,11
十倍,11
亚特兰大,11
起源,11
开光,11
提鞋,11
拍点,11
揣到,11
城楼,11
福音,11
一字千金,11
冷得,11
白头偕老,11
小白,11
未知数,11
赌桌,11
复制品,11
克拉,11
梧桐树,11
绝情,11
撑不住,11
挂到,11
臣服,11
农夫,11
颁布,11
奖品,11
找不出,11
话剧,11
蒙上,11
一道道,11
肩负,11
摇着,11
操劳,11
绞,11
自暴自弃,11
沙包,11
丰田,11
资产,11
可比,11
油水,11
骄躁,11
慢走,11
拔苗助长,11
扳,11
人形,11
制霸,11
刺绣,11
粗心大意,11
黄种人,11
茂密,11
犬,11
拔起,11
她家,11
作罢,11
破解,11
画里,11
大杀,11
望眼欲穿,11
大赢家,11
贪念,11
想得,11
一穷二白,11
揾,11
熊掌,11
黑衣人,11
袋鼠,11
三里屯,11
汇,11
拾,11
各抒己见,11
悠着点,11
知心,11
华语,11
天庭,11
明镜,11
再开,11
嘉陵,11
果盘,11
鼻祖,11
多少岁,11
声势,11
火石,11
成功者,11
盈利,11
地标,11
推车,11
朴素,11
流水线,11
别生气,11
商标,11
非洲,11
争论不休,11
除去,11
只会用,11
后辈,11
真材实料,11
弹琴,11
他来,11
逃不过,11
弹着,11
粽子,11
喷着,11
宣纸,11
刀起,11
均,11
祥云,11
动笔,11
居住,11
当红,11
销量,11
修好,11
灌入,11
排出,11
老底,11
一挂,11
烟盒,11
看不出来,11
通篇,11
朗朗,11
宗教,11
有路,11
凹,11
碗筷,11
合一,11
一箱,11
书店,11
变道,11
生就,11
爬行,11
递,11
喝口,11
晃晃悠悠,11
凯旋归来,11
引以为傲,11
墨守成规,11
猪圈,11
再慢,11
赐给,11
四肢,11
莫问,11
郊游,11
渡口,11
阵营,11
煙,11
越大越,11
有了钱,11
华华,11
打上,11
九霄云外,11
亲和力,11
吞云吐雾,11
拓海,11
往下走,11
玉门关,11
再世,11
文斯,11
江北,11
苦头,11
悲叹,11
调大,11
打底,11
拉起,11
确信,11
卡壳,11
主力,11
胆儿,11
无处可逃,11
机关枪,11
咬下,11
一纸,11
留下烙印,11
潲水,11
抽出,11
太贵,11
苦辣,11
使者,11
路滑,11
十岁,11
拂过,11
二胡,11
와,11
一丝丝,11
去留,11
舒舒服服,11
吞吞吐吐,11
榔头,11
告状,11
快板,11
锣,11
一去不复返,11
消愁,11
橙色,11
黄牛,11
渠道,11
八拍,11
忠言,11
中游,11
一早,11
老兵,11
卡比,11
大餐,11
伸展,11
动词,11
既然如此,11
预热,11
灯球,11
北半球,11
后院,11
插曲,11
缀,11
妆容,11
肿,11
蚕食,11
逼格,11
盘算着,11
挣大,11
隐秘,11
经络,11
下弦月,11
坦诚,11
汉江,11
听诊,11
雨雾,11
延误,11
仙术,11
彼此间,11
纸老虎,11
看不得,11
过成,11
五条,11
钩,11
荡气回肠,11
绑定,11
佝偻,11
轰乱,11
抛物线,11
锻炼身体,11
我下,11
再苦,11
果决,11
努把力,11
花边,11
小伙儿,11
颤栗,11
找茬,11
傲,11
肩负着,11
贱卖,11
结晶,11
晃眼,11
充当,11
角逐,11
评估,11
马德里,11
旗舰,11
永,11
操练,11
空灵,11
冻,11
襁褓,11
承包,11
脖上,11
李雯,11
陈年,11
何事,11
男足,11
淘沙,11
真傻,11
不惧,11
自理,11
祸从口出,11
传授,11
计,11
魔盒,11
自怨自艾,11
金库,11
天都,11
杀个,11
会否,11
仿造,11
扩宽,11
假想,11
俩口,11
推门,11
体能,11
蒋别,11
内涵,11
添上,11
碰个,11
买到,11
阵型,11
雨中,11
歌女,11
清白,11
玉溪,11
咖位,11
我酷,11
残局,11
勒种,11
飞上,11
慌慌张张,11
客套,11
初一,11
攀西,11
树大招风,11
前功尽弃,11
质检,11
出家,11
气势如虹,11
疲软,11
人间蒸发,11
山水画,11
跳海,11
跳水,11
浪子回头金不换,11
第一首歌,11
特点,11
没门,11
当到,11
本本,11
孃,11
挖掘机,11
扎起,11
眼瞎,11
傻晃,11
飞飞儿,11
遮风挡雨,11
腊肉,11
力拔山兮,11
漫漫长夜,11
同花顺,11
建成,11
冲劲,11
潮落,11
潮起,11
体育课,11
已然,11
五年级,11
蛋堡,11
耍样,11
打望,11
寡放,11
包儿,11
歉,11
忆,11
快过,11
不可分割,11
良辰,11
干柴,11
吹熄,11
下马,11
隆起,11
空格,11
收放自如,11
手笔,11
烫头,11
遁入,11
武当山,11
流芳百世,11
第几代,11
飞禽走兽,11
起义,11
看成,11
走火入魔,11
上刀山,11
茬,11
角色扮演,11
作陪,11
真行,11
标,11
小众,11
青草,11
清扫,11
一言不发,11
停掉,11
面带微笑,11
痞,11
糟糠,11
要够,11
浮浮,11
好别,11
吐痰,11
脸孔,11
率先,11
课间,11
疯人院,11
几页,11
改成,11
喝光,11
宽阔,11
光头,11
越练,11
南拳,11
井里,11
哈巴狗,11
多痛,11
将进酒,11
还击,11
常回家,11
当道,11
绿茶,11
顶梁柱,11
陛下,11
镶上,11
优胜劣汰,11
顶配,11
一放,11
三教九流,11
快滚,11
改头换面,11
排气,11
培育,11
木叶,11
愿者上钩,11
待会儿,11
尝遍,11
鉴赏,11
勾搭,11
府,11
著名,11
懵懵懂懂,11
远门,11
遍野,11
行侠仗义,11
道貌岸然,11
调高,11
听别,11
轻飘飘,11
小妞,11
闫泽欢,10
whosno.1,10
化成灰,10
万里无云,10
棚子,10
金元宝,10
赛点,10
徒子徒孙,10
不押,10
狗熊,10
基调,10
挤压,10
牛棚,10
灵童,10
一砖一瓦,10
雷同,10
颠倒黑白,10
孬,10
拔不掉,10
大笔,10
剪碎,10
卯足,10
英明,10
不算数,10
砂,10
热天,10
打包带,10
留白,10
雷迪,10
沂谦,10
电瓶,10
建树,10
心腹,10
复原,10
匪夷所思,10
由衷,10
倩影,10
烂命,10
聋子,10
前缀,10
手气,10
赶到,10
抢个,10
路旁,10
升职,10
谁能给,10
忠实,10
地下城,10
有滋有味,10
袁娅维,10
独步,10
拖后腿,10
无法解释,10
比别,10
卸掉,10
解构,10
见血,10
神力,10
后会无期,10
蜘蛛侠,10
执行官,10
职位,10
七秒钟,10
高桥,10
满城,10
难以启齿,10
尹琳,10
两手,10
谦让,10
颠倒是非,10
王侯,10
多险,10
列出,10
电视台,10
暴动,10
羚羊,10
释然,10
温习,10
泪眼,10
害人,10
造作,10
哥伦布,10
伴舞,10
养老,10
九重天,10
一介,10
赔罪,10
此行,10
人路,10
寻梦,10
乐章,10
多爱,10
万事如意,10
不乐意,10
盏,10
一口咬定,10
か,10
身前,10
通缉令,10
昧着良心,10
没肉,10
佐助,10
加分,10
要发,10
束手无策,10
游牧,10
买账,10
成本,10
伸到,10
受欢迎,10
三万,10
林肯,10
洗脚城,10
万米,10
感应,10
点烟,10
活像,10
悠悠岁月,10
瘦小,10
偷偷地,10
词汇量,10
透透,10
烧成灰,10
狼心狗肺,10
巴赫,10
占线,10
心知肚明,10
说说话,10
进展,10
刚过,10
我超,10
分界线,10
虫鸣,10
重开,10
出了门,10
圣光,10
周全,10
神秘感,10
蝴蝶结,10
到家,10
风雨无阻,10
唯美,10
山珍海味,10
裏,10
剔透,10
里程碑,10
麻匪,10
拂面,10
变变,10
友,10
俗不可耐,10
奶,10
拖累,10
落荒而逃,10
卖花,10
该换,10
大手大脚,10
羊头,10
全队,10
选择性,10
好运气,10
盘踞,10
暑假,10
我整,10
这套,10
我留,10
敞篷车,10
鲍比,10
绵阳,10
一门,10
共情,10
谈资,10
显赫,10
专卖店,10
想得美,10
处置,10
买得起,10
身段,10
理直气壮,10
面带,10
楼里,10
如履薄冰,10
气儿,10
掐着,10
孝子,10
冒泡,10
套近乎,10
加快速度,10
生出,10
怨天尤人,10
华人,10
山崩地裂,10
英年早逝,10
橡皮,10
热锅上的蚂蚁,10
达利,10
冰点,10
黑色幽默,10
皱眉,10
竞争对手,10
算法,10
减退,10
茶余饭后,10
牛头马面,10
赘肉,10
查找,10
别吵,10
松紧,10
铭文,10
伺机,10
一场场,10
二踢脚,10
豁达,10
脑汁,10
每一件,10
爱去,10
指引方向,10
寻得,10
锄头,10
红线,10
对饮,10
一集,10
我行,10
眼窝,10
越紧,10
延长,10
风在,10
不红,10
轻车熟路,10
海尔,10
积木,10
鼠标,10
爬出来,10
赤兔,10
徜徉,10
星辉,10
一摸,10
精力充沛,10
田为钧,10
李海,10
仕途,10
序曲,10
喧哗,10
俊和音,10
两遍,10
进程,10
踩油门,10
安于现状,10
拳打,10
泪如雨下,10
못,10
精髓,10
貂蝉,10
掩不住,10
脱口秀,10
入世,10
名声大噪,10
壮阔,10
营销策划,10
撇开,10
亡灵,10
看齐,10
飞着,10
放马过来,10
你够,10
淡雅,10
红到,10
搏命,10
歌舞升平,10
良辰美景,10
如刀,10
英雄豪杰,10
劳累,10
枯叶,10
水底,10
桎梏,10
火腿,10
声色犬马,10
咒骂,10
手下,10
凯迪拉克,10
火爆,10
感叹号,10
皮蓬,10
石板路,10
出不来,10
懂不懂,10
扎破,10
小天使,10
招来,10
联赛,10
幸会,10
更会,10
公斤,10
出其不意,10
勒斯,10
哑口无言,10
拐弯,10
硬撑,10
琴棋书画,10
小白兔,10
般地,10
绿地,10
生子,10
医好,10
平淡无奇,10
珍爱,10
坚持下去,10
惨淡,10
新桥,10
眼花撩乱,10
恨意,10
咖啡壶,10
人信,10
斤斤计较,10
神龙,10
充,10
精密,10
有福同享,10
一任,10
往后面,10
没接,10
恕我直言,10
盆地,10
雷霆,10
何在,10
关羽,10
村里,10
钟馗,10
正果,10
翻跟头,10
一拜,10
当仁不让,10
浩浩荡荡,10
证,10
宽慰,10
没写,10
忌讳,10
必备,10
带进,10
务实,10
耻辱,10
混淆,10
追溯,10
枪毙,10
撕下,10
业余,10
放声歌唱,10
夜行者,10
故事情节,10
抢劫,10
谋划,10
贫民,10
多种,10
呼呼,10
一生一世,10
抗日,10
孙儿,10
靠拢,10
伪装成,10
小虾米,10
咳咳,10
莫怪,10
奉,10
旁听,10
缠绵悱恻,10
落下去,10
完毕,10
全宇宙,10
寸断,10
帽衫,10
纪律严明,10
装孙子,10
会去,10
初夏,10
卖完,10
鞭挞,10
君不见,10
稻花,10
中华魂,10
烈烈,10
坚挺,10
铃子,10
军魂,10
空瓶,10
浓郁,10
外加,10
枯树,10
越变,10
天海,10
选错,10
不漏,10
射击,10
预期,10
重新认识,10
淬炼,10
再换,10
映,10
粉黛,10
童话世界,10
木色,10
难言,10
退避,10
球球,10
包谷,10
く,10
内衣,10
佳,10
执政官,10
穷得,10
桥下,10
学富五车,10
匹夫,10
大事儿,10
氧化,10
有余,10
互,10
할,10
拍张,10
孤零零,10
眼帘,10
盲点,10
赵露思,10
薄雾,10
涞,10
春暖花开,10
韩红,10
小贩,10
残墨,10
机灵,10
叫哥,10
颂,10
平面,10
缓缓的,10
通吃,10
滴滴嗒嗒,10
心不在焉,10
提琴,10
象声词,10
苦思冥想,10
天生一对,10
我行我素,10
库,10
水瓶座,10
旧梦,10
卖出,10
現實,10
圣,10
赌球,10
抄起,10
龚子建,10
过把瘾,10
掏钱,10
几比几,10
不能自已,10
马上会,10
坐拥,10
太紧张,10
北斗,10
一梦,10
没敢,10
β,10
江湖险恶,10
拳击赛,10
梦寐,10
美嘉,10
黄绮珊,10
别趴下,10
云道,10
乌苏,10
艾克,10
麻瓜,10
电源,10
非高,10
八九不离十,10
陈一豪,10
打摩,10
叨,10
叶落,10
代少冬,10
姚琛,10
尖沙咀,10
跌出,10
刷油漆,10
天灾人祸,10
翻儿,10
仁增,10
办成,10
包恩,10
수,10
哪吒闹海,10
发嗲,10
林壑,10
金枪,10
保平安,10
必須,10
胴,10
ꒌ,10
ꇮ,10
ꈧ,10
懒懒,10
伊赫,10
街球帝,10
心随,10
菏泽,10
粒粒皆辛苦,10
抛洒,10
打开天窗,10
琢磨不透,10
出汗,10
声动,10
锄禾日当午,10
爱有,10
谜团,10
有次,10
苍山,10
蛮横,10
死路,10
网页,10
毛线,10
传音,10
一吻,10
酷刑,10
衣衫褴褛,10
沒有,10
屈辱,10
极力,10
靠天,10
七十二变,10
挺不错,10
英雄传,10
满心欢喜,10
孰,10
五哈,10
长颈鹿,10
盛,10
金立,10
衣来伸手,10
开拍,10
外婆桥,10
明月照,10
等一等,10
栖息,10
池子,10
重燃,10
流到,10
爆劲,10
视觉系,10
异域,10
广袤,10
武藏,10
梦响,10
开心果,10
长春,10
依稀,10
恶梦,10
恁哥,10
新奇,10
远在天边,10
同龄,10
过才,10
员,10
这娃,10
有失,10
大奔,10
一而再,10
缺个,10
昆仑山,10
不甜,10
雄心壮志,10
炸点,10
几位数,10
自卖自夸,10
之名,10
惊心动魄,10
星期天,10
团结一致,10
青山绿水,10
操盘手,10
喜雨,10
弹射,10
夯,10
海南,10
演唱者,10
吹进,10
罚,10
大学毕业,10
世界杯,10
儿放,10
大闸蟹,10
鞭打,10
毕,10
安起,10
粗壮,10
管到,10
下酒,10
躲雨,10
保护色,10
蠢蛋,10
地摊货,10
铁塔,10
进风里,10
浮萍,10
变暖,10
锈,10
器官,10
浸湿,10
一列,10
气象,10
环顾,10
想不起来,10
划落,10
五体投地,10
表盘,10
车队,10
整起,10
山茶花,10
侦探,10
好怕,10
爱豆,10
小心眼,10
步枪,10
归还,10
姐们儿,10
比试,10
下着雪,10
小贼,10
碗面,10
飞雪,10
来日方长,10
平常心,10
服软,10
多心,10
火堆,10
说会,10
好远,10
采纳,10
筋疲力尽,10
推辞,10
评头论足,10
打分,10
飘忽不定,10
抽过,10
欲擒故纵,10
从早到晚,10
收腹,10
贫,10
朱,10
决裂,10
過期,10
烧香拜佛,10
养生,10
末尾,10
不知轻重,10
很爽,10
自虐,10
无数遍,10
勾三搭四,10
不顺,10
向日葵,10
情比金坚,10
老大爷,10
麻辣烫,10
踢足球,10
拉开帷幕,10
没学过,10
独来独往,10
血红,10
一血,10
童谣,10
老土,10
藏住,10
君子之交,10
毁坏,10
臉,10
追过,10
阿凡提,10
中间人,10
恰巧,10
空无一物,10
太真,10
寒心,10
学堂,10
还成,10
向善,10
犯法,10
诚恳,10
丁柏昕,10
生辰八字,10
两哈,10
迷醉,10
拉帮结伙,10
不得志,10
无所不在,10
芙蓉花,10
约个,10
辣椒水,10
磨砂,10
マ,10
过场,10
好觉,10
赶下,10
冠冕堂皇,10
覅,10
영,10
团结一心,10
轻信,10
荣归故里,10
这大,10
复返,10
勺,10
克隆人,10
介质,10
贾伟,10
我内,10
变亮,10
勒幺妹,10
洋气,10
免不了,10
对头,10
乐不思蜀,10
攻击性,10
嘉奖,10
深层,10
喷涌,10
暴毙,10
球体,10
野果,10
响指,10
姨,10
钟楼,10
目,10
分分秒秒,10
游手好闲,10
小鱼,10
刺鼻,10
海角天涯,10
蠢事,10
爷爷奶奶,10
매,10
物理,10
부,10
电钻,10
紧凑,10
压碎,10
火焰山,10
停产,10
奖牌,10
大满贯,10
春熙路,10
买点儿,10
我画,10
假动作,10
措辞,10
空手,10
舞喊麦,10
西一,10
东一,10
3HogonnatakeapieacemanNo.4,10
切挨球,10
再乱板,10
蔑断,10
铁写,10
中提琴,10
亮点,10
为的是,10
银两,10
坐落,10
克星,10
花钱买,10
翻腾,10
派系,10
亮眼,10
兜兜风,10
地笑,10
心太,10
礼拜天,10
打消,10
输入,10
定力,10
差事,10
绝版,10
和气生财,10
新版,10
这瓶,10
提个,10
好弱,10
教育工作者,10
冬瓜皮,10
摸透,10
露面,10
屋子里,10
汽笛,10
好吃懒做,10
馅儿,10
十六,10
振兴,10
芙蓉,10
整栋,10
安利,10
支柱,10
一屋,10
半斤八两,10
店门口,10
占卜,10
奉陪,10
杂质,10
假日,10
打猎,10
北漂,10
下午茶,10
灰脸,10
发到,10
霉得,10
哈像,10
绷哈批,10
胸大莫露,10
老狼,10
表那晃,10
开夜店,10
盘溪,10
不弄台,10
更高帮,10
三文,10
文体,10
催歌,10
浇息,10
碰一哈,10
梭子,10
咖啡豆,10
估价,10
鉴定,10
走边,10
内定,10
尺寸,10
刻薄,10
托儿,10
鹤,10
光滑,10
刺青,10
恁个,10
稀缺,10
不正,10
心魔,10
中庸,10
抹不掉,10
消停,10
斩妖,10
回音,10
开走,10
璇,10
立个,10
冲撞,10
唱腔,10
远大,10
睡过,10
家属,10
召集,10
八十,10
代购,10
头点,10
花衣,10
低温,10
作壁上观,10
无愧于,10
厕纸,10
弥撒,10
增,10
秦王,10
不燥,10
点化,10
间断,10
腿脚,10
乜野,10
鱼塘,10
三级,10
撵,10
游说,10
不达,10
爱笑,10
成华,10
无可比拟,10
探探,10
皮卡,10
珠海,10
傲人,10
终成,10
相承,10
振,10
惊雷,10
赵岳松,10
拼好,10
扭上,10
嚓嚓,10
学个,10
陶瓷厂,10
四乘,10
狠下,10
透漏,10
葡萄酒,10
白搭,10
电费,10
切糕,10
儿里,10
玩不转,10
傻眼,10
扛过,10
机密,10
很多歌,10
这门,10
麦霸,10
侏儒,10
残废,10
吃饺子,10
龙套,10
人理,10
魅影,10
往边,10
翻白眼,10
红河,10
嘱托,10
罪责,10
陕北,10
难产,10
并肩战斗,10
饭圈,10
公道,10
老脸,10
斩首,10
冲锋枪,10
黑手,10
拷打,10
首次,10
七号,10
机构,10
哈批,10
内线,10
大得,10
欠费,10
嗅觉,10
要整,10
神来,10
惯犯,10
童话故事,10
何妨,10
套现,10
余力,10
旱地,10
执意,10
上画,10
妞妞,10
引燃,10
范冰冰,10
喷上,10
事态,10
之星,10
双肩,10
董事长,10
耍点,10
造物主,10
长途跋涉,10
乘法,10
串,10
手游,10
装钱,10
抢夺,10
吧台,10
亚军,10
毫无意义,10
寓意,10
碧池,10
庞大,10
山岭,10
试一试,10
轮船,10
逃掉,10
营救,10
内核,10
付费,10
残破,10
刀口,10
握手言和,10
惊悚,10
吓一跳,10
班门弄斧,10
活越,10
生硬,10
攻击力,10
争个,10
一单,10
密,10
减半,10
账号,10
双枪,10
세,10
淡水,10
盐巴,10
复苏,10
代入,10
发散,10
化险为夷,10
马里亚纳,10
尾号,10
斗笠,10
爆表,10
尘世间,10
高唱,10
这支,10
誓死捍卫,10
看作,10
吞吐,10
通杀,10
轿车,10
付钱,10
严谨,10
风范,10
蜜语,10
甜言,10
双流,10
屏蔽掉,10
变心,10
拉着,10
军团,10
毙,10
栈道,10
退潮,10
鸽,10
爵士乐,10
乡村,10
哥斯拉,10
飘起来,10
转着,10
传球,10
蟠桃,10
我流,10
不酷,10
无名,10
来源于,10
撞开,10
吕,10
悔过,10
舞姿,10
倾,10
老手,10
恼怒,10
阿谀奉承,10
提提,10
压缩,10
皮箱,10
脸皮厚,10
核武器,10
盖个,10
修养,10
干到底,10
奠定,10
偷鸡摸狗,10
秀着,10
底蕴,10
暗器,10
高人,10
教主,10
硅胶,10
忽悠,10
那心,10
口才,10
我系,10
盒,10
俩个,10
狗别,10
口诀,10
神舟,10
小龙虾,10
吼吼,10
黯然销魂,10
徐天,10
题目,10
黄霑,10
尚,10
伊人,10
邪门,10
就系,10
闹矛盾,10
羊城,10
众神,10
西关,10
陈思键,10
认字,10
里里外外,10
写入,10
只得,10
郎朗,10
松弛,10
三只,10
方案,10
箭头,10
变奏,10
地理,10
街舞,10
评分,10
买断,10
没停,10
追名逐利,10
东张西望,10
年少时,10
天籁,10
跺脚,10
像场,10
轻巧,10
网站,10
枪战,10
风雨交加,10
狒狒,10
嗎,10
物品,10
增辉,10
我梦到,10
妆点,10
没干,10
万重山,10
轻舟,10
良夜,10
无从,10
任它,10
戏法,10
坏主意,10
医美,10
强盗,10
项圈,10
快刀,10
口琴,10
处于,10
啸叫,10
第六,10
千禧年,10
围巾,10
戒备,10
映入眼帘,10
高一,10
盈满,10
相传,10
逃避现实,10
认过,10
李玟,10
可口可乐,10
勾子,10
头种,10
反思,10
山外山,10
转世,10
祭拜,10
空余,10
三两,10
防不胜防,10
多云转晴,10
光盘,10
多出,10
爆珠,10
适不,10
搞破坏,10
病房,10
燙,10
十首歌,10
只花,10
无师自通,10
一并,10
伟岸,10
旋涡,10
五千,10
敌不过,10
无法无天,10
高科技,10
三伏天,10
逃兵,10
会员卡,10
再起,10
小霸王,10
电吉他,10
很久以前,10
银行家,10
内蒙,10
越滚,10
泉水,10
两鬓,10
外頭,10
满载,10
戴森,10
按键,10
污秽,10
娜,10
吞并,10
美元,10
我罩,10
更酷,10
火箭队,10
冲个,10
猜到,10
瓜子,10
早过,10
最硬,10
加利福尼亚,10
没得用,10
狗吠,10
独狼,10
良善,10
酷似,10
会长,10
不减,10
何去何从,10
感化,10
一走,10
牌面,10
水分,10
鸡毛蒜皮,10
诸葛亮,10
货架,10
天不怕地,10
眼眶里,10
风萧萧,10
词儿,10
钱儿,10
私心,10
大祸,10
变得复杂,10
逆向,10
罪恶感,10
犹在,10
两部,10
没钱买,10
五岁,10
鬼混,10
室友,10
바,10
支架,10
曹,10
奇才,10
乡下,10
生意经,10
老太婆,10
一坨,10
要少,10
有瘾,10
山区,10
少点,10
数数,10
中过,10
草场,10
警车,10
家中,10
已有,10
新的一页,10
唾液,10
腐坏,10
反杀,10
妖风,10
假扮,10
缩小,10
恩典,10
备受,10
休克,10
流通,10
挽起,10
像不像,10
坏毛病,10
无人能敌,10
平头,10
三番,10
五次,10
抵消,10
群雄,10
万幸,10
更何况,10
模仿者,10
王大痣,10
无话不说,10
剑气,10
悬赏,10
走马灯,10
化妆品,10
找碴,10
复制粘贴,10
效果器,10
唱着歌,10
逗我,10
孜孜不倦,10
快车,10
寒暄,10
风吹草动,10
最辣,10
连招,10
颠,10
地里,10
挖苦,10
癫,10
丈量,10
胡说,10
期间,10
一个男孩,10
威严,10
男团,10
神功,10
提劲,10
成功失败,10
瑜,10
编导,10
沼泽地,10
特质,10
幸存者,10
壳儿,10
取名,10
萎,10
笑料,10
军装,10
绵绵,10
离愁,10
堆儿,10
底料,10
太嫩,10
险滩,10
国家队,10
切入,10
一二三,10
再三,10
布局,10
暴打,10
暗地,10
卖身,10
皱着眉头,10
词典,10
危机感,10
栀子花,10
冒进,10
金三角,10
对照,10
戏谑,10
埋好,10
游遍,10
心坎,10
后撤,10
甩卖,10
合合,10
头牛,10
饱和,10
领奖,10
杆儿,10
汇集,10
卷进,10
孝敬,10
九百九十九,10
项,10
含金,10
成竹在胸,10
事发,10
隐隐作痛,10
阻止不了,10
药片,10
肚量,10
欢呼声,10
红彤彤,10
向阳,10
放不开,10
懂点,10
窝里,10
小宝贝,10
特意,10
务农,10
说瞎话,10
不改,10
沱,10
没换,10
李郡洲,10
八哥,10
别学,10
消防员,10
规避,10
吞咽,10
上古,10
长江后浪推前浪,10
林立,10
悠长,10
大吉,10
滿,10
翻牌,10
家务,10
瞎子摸象,10
逢年过节,10
拱,10
丰盛,10
捻,10
乐团,10
精卫,10
叫好,10
七窍,10
上班族,10
一程,10
奉承,10
灵验,10
飞檐,10
打坐,10
加法,10
泄气,10
贯彻,10
庸人自扰,10
嘴皮,10
爱用,10
保障,10
三关,10
奋进,10
饭后,10
塘,10
公车,10
挂个,10
热带雨林,10
连根拔起,10
沉沉,10
满腔热血,10
大鹏,10
ダ,10
天线,10
嘴里塞,10
跳造,10
化学,10
手拿着,10
客栈,10
轮番,10
索马里,10
推磨,10
呐喊声,10
炸炸,10
校花,10
混到,10
初三,10
飞人,10
妖娆,10
酬劳,10
三毛,10
十里,10
卫生,10
狼烟四起,10
过有,10
看官,10
温水,10
破败,10
铁锈,10
混过,10
翻盘,10
逍遥游,10
会议,10
短板,10
有心,10
舟,10
站岗,10
一碰,10
弃,10
臂,10
白驹过隙,10
连夜,10
洞悉,10
非诚,10
五百万,10
逞英雄,10
天气预报,10
肾,10
八面玲珑,10
物以类聚,10
汗如雨下,10
不知好歹,10
靶心,10
流走,10
好巧,10
悟出,10
相扶,10
德州,10
轰隆隆,10
体味,10
余热,10
看门,10
僧,10
香烛,10
耽搁,10
战栗,10
战意,10
被忽视,9
拜访,9
烂歌,9
打铁,9
脱身,9
时会,9
嗝儿,9
会火,9
痛斥,9
猿人,9
剑星,9
望龙,9
快干,9
嘴馋,9
胸中,9
不自在,9
洛丽塔,9
开来,9
李奉,9
余七画,9
安璐,9
充首充,9
鱼目,9
御狐,9
九点半,9
塞外,9
下落不明,9
孤芳自赏,9
有种人,9
路要,9
管不着,9
盲人摸象,9
爽快,9
總,9
有仇必报,9
剧场,9
最烂,9
残存,9
售卖,9
硬货,9
好评,9
灾祸,9
金银珠宝,9
策马扬鞭,9
陪陪,9
阴差阳错,9
粗鲁,9
网线,9
南飞,9
活给,9
再装,9
贴上标签,9
陆洋,9
胖狗,9
皮夹,9
对天,9
装不进,9
蹂躏,9
推杯,9
异想天开,9
混进,9
压箱底,9
意识形态,9
圆形,9
剽窃,9
畅销,9
不复存在,9
不痛不痒,9
扯开,9
退场,9
体谅,9
走马观花,9
淡化,9
死缠烂打,9
烧焦,9
多米诺,9
这夜,9
疲乏,9
含着泪,9
始于,9
十八班,9
穷苦,9
吓跑,9
一览,9
添乱,9
木乃伊,9
阿特,9
太脏,9
巴菲特,9
炼成,9
摩拳擦掌,9
年级,9
推入,9
路别,9
开门见山,9
裹住,9
熊熊烈火,9
立誓,9
吨,9
互动,9
停靠在,9
拖泥带水,9
背诵,9
看场,9
别比,9
答对,9
很慢,9
烤肉,9
左右摇摆,9
火上,9
洗不掉,9
消,9
野狼,9
发作,9
人多势众,9
骂名,9
当事人,9
迟暮,9
高攀,9
神魂,9
闷骚,9
无路可走,9
草丛,9
下课铃,9
限时,9
深秋,9
没开,9
静下来,9
扑朔迷离,9
不可多得,9
货轮,9
实际行动,9
抽抽,9
过点,9
可可,9
细微,9
喜乐,9
异客,9
宣誓,9
挑动,9
颜,9
经受,9
朝代,9
血流,9
彩,9
存档,9
哪一条,9
捕快,9
秋后,9
今非昔比,9
春光,9
流浪狗,9
管用,9
加减,9
美丽动人,9
防弹衣,9
ち,9
偷来,9
梨,9
厚着脸皮,9
印证,9
小名,9
干瞪眼,9
猪儿,9
多一点点,9
英文名字,9
芝麻,9
星期四,9
胜利者,9
自我感觉,9
公关,9
天天见,9
时髦,9
序幕,9
叠加,9
货真价实,9
几率,9
快节奏,9
虚无缥缈,9
哭哭啼啼,9
老路,9
发飙,9
盖章,9
喘不上,9
宽窄,9
写诗,9
印钞机,9
花叶,9
最新款,9
遍体,9
就会,9
弹指一挥间,9
芜湖,9
没得选,9
啸,9
忒,9
这人,9
剃光头,9
翻天,9
静下,9
吐槽,9
世界冠军,9
八层,9
口头禅,9
狼来了,9
三重,9
肖瑶,9
迫不得已,9
手脏,9
青海,9
不饶,9
这行,9
雄关,9
漫山,9
抢钱,9
官,9
急急如律令,9
高低贵贱,9
齐声,9
太狠,9
苍生,9
往回,9
熏陶,9
别打我,9
一帮人,9
紧逼,9
阿迪达斯,9
头想,9
直通车,9
无知者,9
权,9
东窗事发,9
离经叛道,9
玩不起,9
鱼目混珠,9
莫等,9
跺,9
手持,9
性情,9
满不在乎,9
名句,9
涵盖,9
烟儿,9
卑躬屈膝,9
世界观,9
睥睨,9
不轻,9
何种,9
奸商,9
护住,9
曹操,9
跑掉,9
老酒,9
退去,9
天灵灵,9
屠刀,9
茫然,9
身体健康,9
空地,9
无迹,9
高中生,9
腰板,9
色儿,9
打中,9
亚裔,9
地像,9
关不上,9
落地生根,9
越能,9
增压,9
每份,9
夹心,9
鼻梁,9
一尘不染,9
计量,9
鱼缸,9
大动脉,9
善后,9
烂透,9
海域,9
副驾驶,9
跑的快,9
气喘,9
摆拳,9
路面,9
晶莹,9
留脏,9
一别,9
惹急,9
半分,9
满足感,9
收货,9
郊区,9
更近,9
出租房,9
昏黄,9
认钱,9
成千上万,9
生了锈,9
流连忘返,9
掰开,9
摇摇欲坠,9
锐气,9
山花,9
瘦死,9
导火线,9
中医,9
起到,9
太强大,9
斩钉截铁,9
任我行,9
骨干,9
阿门,9
置之不理,9
死胡同,9
染个,9
火炉,9
人狠话,9
反向,9
相视,9
平行线,9
习题,9
动嘴,9
筋疲力竭,9
西装革履,9
偏航,9
入冬,9
猫步,9
偷渡,9
神曲,9
下岗,9
纵情,9
零度,9
始终保持,9
臭名昭著,9
诬陷,9
强化,9
相通,9
服下,9
变了样,9
搏斗,9
野葛,9
对手戏,9
共桥,9
救济,9
领着,9
看腻,9
衣衫,9
溪水,9
大错,9
拖住,9
垫脚石,9
爱来,9
片片,9
闻若,9
心口不一,9
醉敢,9
心谋,9
高平,9
显清,9
傲雪凌霜,9
细细,9
白茫茫,9
梨花,9
死不休,9
承蒙,9
彩云,9
快车道,9
情和义,9
寸步难行,9
越来越重,9
高价,9
阵亡,9
娇生惯养,9
用爱,9
高飞,9
特地,9
骚扰,9
踢皮球,9
点钞机,9
汗流,9
听筒,9
返回,9
冷冰,9
贷,9
寻常,9
付款,9
赛里木湖,9
博乐,9
劲酒,9
推脱,9
回个,9
屁大,9
没赢,9
想当初,9
걸,9
转让,9
地想,9
夜间,9
催吐,9
十遍,9
联系方式,9
许恒,9
不出意外,9
越爱,9
没放,9
니,9
我断,9
망,9
加油打气,9
个面,9
多贵,9
迫击炮,9
包住,9
会有,9
振作起来,9
快进来,9
发蜡,9
千万个,9
触景伤情,9
尝到了,9
五人,9
浅滩,9
不齿,9
毫无顾虑,9
无头,9
贝拉,9
一辉,9
春去秋来,9
武生,9
以梦为,9
而来,9
李宏杰,9
王梓,9
足印,9
同甘苦,9
自立,9
硬朗,9
寒冰,9
白费力气,9
利息,9
壮克,9
听命,9
打滑,9
种菜,9
聊得,9
我守,9
索然无味,9
四月,9
紫霞,9
作响,9
讥讽,9
结拜,9
时能,9
天地良心,9
血口,9
零钱,9
剪短,9
血淋淋,9
吹过来,9
很淡,9
永不言败,9
奶牛,9
ク,9
煞星,9
妈祖,9
七秒,9
一零,9
臂弯,9
菊花,9
校对,9
煎饼,9
甚,9
乙丙,9
与世隔绝,9
變成,9
小声点,9
捞起,9
才子,9
没画,9
伊,9
三板斧,9
分叉,9
沉闷,9
翻篇儿,9
尖兵,9
沙砾,9
养个,9
三星,9
治治,9
海地,9
打小,9
当妈,9
处事,9
跋涉,9
小曲儿,9
硬派,9
教坏,9
桑尼,9
黄鲲,9
狂吠,9
找出,9
缔造者,9
咕咕,9
搭救,9
世态炎凉,9
丧心病狂,9
双标,9
示威,9
参,9
解渴,9
活人,9
伺候,9
拿稳,9
王紫,9
昏迷,9
俺家,9
八成,9
小辫儿,9
戏耍,9
紊乱,9
沙威玛,9
亏空,9
姆,9
刨析,9
仔说,9
别停,9
不测,9
很多遍,9
涛子,9
方程式,9
น,9
划清,9
吸吐着,9
长安街,9
说穿,9
贫困潦倒,9
入选,9
岳父,9
抽风,9
信手,9
优胜,9
颓势,9
暗勇藏,9
脱个,9
葡萄架,9
屈从,9
行则,9
歌任,9
气壮山河,9
腾跃,9
卫彬,9
地得儿,9
驾得儿,9
汗滴禾下土,9
城市之光,9
혹,9
秋白,9
那樣,9
吾兄,9
屋后,9
ꆀ,9
應該,9
爽真,9
浪尽,9
不太热,9
哭哭,9
따,9
朗,9
连气,9
拆得开,9
多淡定,9
麦皮,9
流上,9
八早,9
大清,9
不狂,9
日升,9
防控,9
清澈见底,9
朗姆,9
伊组特,9
冲进去,9
不厌,9
礼数,9
苦酒,9
万念俱灰,9
不见天日,9
同理,9
证人,9
好酒,9
囊括,9
闲庭,9
为主,9
交叉着,9
直立,9
飞溅,9
吟诵,9
蚯蚓,9
照办,9
太阳光,9
颜面扫地,9
难搞,9
倒地不起,9
捺,9
真心实意,9
方为人上,9
怪怪,9
李说,9
太凶,9
痨,9
于心,9
零分,9
蝉,9
炸鸡,9
求知欲,9
华仔帅,9
詹雯婷,9
热锅,9
雷霸龙,9
浮于,9
这边儿,9
维吾尔语,9
贴切,9
镀层,9
扯碎,9
君子好逑,9
文人,9
奥力,9
伊尔,9
战果,9
听不进去,9
太正,9
相框,9
双刃剑,9
岂止,9
亲情,9
列,9
点歌,9
一丝不挂,9
多克,9
撕咬,9
黑丝,9
皮肉,9
王府井,9
我配,9
路西,9
幽默感,9
巅峰期,9
忐忑不安,9
随你便,9
听力,9
光说不做,9
怡宝,9
遭别,9
梁家,9
处女座,9
杰子,9
竭力,9
当自强,9
事是,9
萦绕在,9
气度,9
老杆,9
装疯,9
汉水,9
处死,9
珍宝,9
记牢,9
栽树,9
节,9
我滴,9
ꄡ,9
之子,9
ꐚ,9
公理,9
五十六个,9
罗锦辉,9
泼辣,9
摆正,9
吹牛皮,9
对门,9
一泼,9
最正,9
锈迹斑斑,9
七岁,9
过要,9
小宇,9
计算机,9
为伍,9
阵仗,9
泄愤,9
公敌,9
手链,9
油条,9
六点钟,9
高得,9
过孽,9
猜错,9
战壕,9
几本,9
瓜娃,9
吕布,9
威尼斯,9
游山玩水,9
太仓促,9
阴晴,9
北极星,9
潜力股,9
麦客,9
眨眼睛,9
复读,9
款待,9
铁石心肠,9
排骨,9
先是,9
心要,9
蒙柯,9
购,9
消费主义,9
戈壁滩,9
野顶,9
关了门,9
批跨,9
重蹈,9
积淀,9
分界,9
险境,9
边防,9
一档,9
北站,9
死角,9
高深,9
决,9
扎到,9
无拘无束,9
耶耶耶耶耶,9
几十块,9
癞疙宝,9
酸葡萄,9
尾椎,9
母老虎,9
提心吊胆,9
狮子座,9
打手,9
回來,9
別,9
针头,9
进化论,9
垦丁,9
拌嘴,9
危急,9
急眼,9
暴击,9
刀割,9
酱油,9
打搅,9
因钱,9
长些,9
音乐才能,9
回锅肉,9
寻宝,9
刘至佳,9
糯,9
相恋,9
多酷,9
黄昏时分,9
尹俊钦,9
后续,9
紫砂,9
喝上,9
尼克,9
分神,9
姻缘,9
我顶,9
称不上,9
方大同,9
喝醉酒,9
特快,9
踉跄,9
爱够,9
一文不值,9
粪,9
我烦,9
洗衣机,9
风来,9
迎难而上,9
失落感,9
缺口,9
赋,9
靠背,9
得了吧,9
刑场,9
高涨,9
海燕,9
防疫,9
人员,9
高校,9
篓子,9
一笑而过,9
米酒,9
枰,9
凉风,9
随机应变,9
老茧,9
鱼游,9
煤矿,9
互不,9
问着,9
夜曲,9
太土,9
察觉到,9
現在,9
陷落,9
蚕茧,9
浮世,9
苦楚,9
深空,9
走太多,9
ᴠ,9
视,9
五路,9
途,9
进不了,9
拉伸,9
冰窖,9
多加,9
闭只眼,9
阔别,9
黑幕,9
分外,9
私密,9
帮凶,9
轨,9
香炉,9
吞食,9
金沙,9
芦苇,9
炉火,9
华仔,9
吠,9
礼堂,9
十亿,9
奥斯卡,9
全套,9
性本善,9
ف,9
那该,9
划开,9
小房间,9
药水,9
含苞,9
理想化,9
历史长河,9
消瘦,9
踌躇满志,9
几亿,9
发哥,9
脚背,9
刷子,9
纪元,9
这算,9
肺腑之言,9
不紧不慢,9
吐舌头,9
有福气,9
繁杂,9
咬断,9
管教,9
剪个,9
少妇,9
吹干,9
满腹,9
太火,9
能触,9
萌,9
张梦涵,9
第五,9
根本就是,9
匡威,9
刘鸿樾,9
花谢,9
客官,9
定期,9
碑,9
窗台上,9
会花,9
久留,9
罚球线,9
一比,9
惯着,9
瞎了眼,9
太胖,9
八遍,9
篮儿,9
插件,9
单元,9
下凡,9
考卷,9
萨谱,9
橘子洲,9
长夜漫漫,9
一点钟,9
给钱,9
没长,9
我飞,9
正火,9
排个,9
超锅,9
推下,9
不锁,9
遇不到,9
碗儿,9
排成,9
拉个,9
布景,9
太急,9
刻着,9
浑身是胆,9
漂白,9
看太多,9
投射,9
飞毯,9
旋风,9
载歌载舞,9
考研,9
可要,9
远不止,9
接好,9
汉语,9
签子,9
羊肉串,9
日日夜夜,9
君子爱财,9
大礼包,9
占为己有,9
踩扁,9
堂口,9
回家路上,9
惨白,9
阻断,9
贪得无厌,9
脑补,9
九楼,9
几经,9
风再,9
装在,9
所期,9
反光,9
录过,9
内脏,9
炸成,9
wegotNo.2,9
Wegotno.1,9
城哩,9
金樽空,9
尽欢,9
刹角,9
几十倍,9
装哩,9
豌豆,9
伙要,9
太冲,9
喇叭裤,9
逆袭,9
启航,9
那团,9
汉阳,9
一霎那,9
开篇,9
变幻莫测,9
说来说去,9
三线,9
掌,9
裤腰带,9
不学,9
拍到,9
低空飞行,9
一本正经,9
荒岛,9
风像,9
薯条,9
熏得,9
各种各样,9
得行,9
No.1,9
针线,9
路到,9
婆,9
池中之物,9
写些,9
牡丹花,9
下海,9
看破红尘,9
苍天笑,9
临渡,9
怀,9
海棠,9
大盗,9
宣言,9
技,9
椅别,9
奏效,9
西伯利亚,9
熟知,9
心能,9
纳入,9
穷酸,9
与世无争,9
触犯,9
飞速,9
精简,9
辨识,9
监听,9
梦会,9
不计,9
星光灿烂,9
有度,9
水瓶,9
红蓝,9
头脑清醒,9
车祸,9
去世,9
动脑,9
叉叉,9
击打,9
拉德,9
惊吓,9
豹子胆,9
香菜,9
病猫,9
冷气,9
忙于,9
对我讲,9
头头,9
满口,9
车龙源,9
靓女,9
苟同,9
奥林匹克,9
怀才,9
没得说,9
从朝阳,9
顾全大局,9
称作,9
纹路,9
虚张声势,9
出师,9
炒粉,9
太普通,9
仰视,9
滴点,9
不套,9
安徒生,9
凭感觉,9
不乱,9
骇浪,9
外形,9
商演,9
击沉,9
瞎操心,9
神笔,9
全身而退,9
不染,9
板块,9
富足,9
好胜心,9
无差别,9
特种部队,9
卡点,9
青黄不接,9
化石,9
援手,9
第一面,9
景点,9
克雅,9
梵,9
秦始皇,9
百万富翁,9
放上,9
投诉,9
本草纲目,9
水能载舟,9
狗爷,9
朗朗上口,9
盆,9
还行,9
忽必烈,9
太陡,9
诺亚方舟,9
苏格拉底,9
走秀,9
激活,9
道场,9
许冠杰,9
领头,9
亂,9
铸就,9
歌别,9
光泽,9
大展宏图,9
烫个,9
骑楼,9
外观,9
篮板球,9
专题,9
临走,9
袭击,9
齐天大圣,9
万达,9
当大,9
离奇,9
一百八十,9
金腰带,9
白开水,9
够用,9
指鹿为马,9
围满,9
口吐,9
副业,9
消防队,9
欲火,9
接招,9
递进,9
抵住,9
三脚,9
高效,9
空空如也,9
价码,9
暴风骤雨,9
太白,9
发黑,9
越陷越深,9
不小,9
排起,9
机率,9
骨折,9
莫扎特,9
掷,9
好转,9
识货,9
装糊涂,9
锅底,9
战旗,9
香菇,9
放映,9
之光,9
咸菜,9
夺得,9
泼墨,9
存留,9
乐此不疲,9
光点,9
船帆,9
打开门,9
普及,9
磨出,9
六朝,9
白领,9
实战,9
三世,9
外来,9
刀哥,9
房客,9
股市,9
步行,9
当今,9
浅显,9
笔像,9
大S,9
上个星期,9
最想,9
干货,9
嫁人,9
乃万,9
说闲话,9
特么,9
间奏,9
载入,9
到场,9
拼死,9
追随着,9
驼背,9
袖手旁观,9
肯,9
肉类,9
半壁,9
贝克汉姆,9
男主,9
瘫,9
友善,9
摆摆,9
拉拢,9
大卖,9
挎,9
剃个,9
夏威夷,9
工体,9
事别,9
拼尽,9
路边摊,9
不管怎么,9
花点,9
容,9
火候,9
夜场,9
上手,9
成就感,9
歌是,9
帮子,9
会装,9
各处,9
知己知彼,9
诸葛,9
钓鱼,9
拼盘,9
出差错,9
酒足饭饱,9
拖把,9
防弹背心,9
排位,9
颁奖典礼,9
李嘉诚,9
长处,9
葛,9
厝,9
认出,9
熔炉,9
经得住,9
自传,9
无情地,9
小猪,9
亲身,9
微小,9
满脑,9
最靓,9
奈,9
一黑,9
几盘,9
射灯,9
高于,9
朋友家,9
白布,9
看上,9
高产,9
助手,9
杀出,9
实话实说,9
肚,9
一金,9
反着,9
游人,9
化肥,9
地府,9
难缠,9
炉,9
太上老君,9
再鸽,9
点解,9
双胞胎,9
投个,9
全年,9
小龙,9
枪支,9
拖拉,9
徒劳无功,9
雨打风吹,9
с,9
肉眼,9
张狂,9
唐伯虎,9
粉笔,9
睡着觉,9
有说有笑,9
装上,9
苦果,9
没路,9
这关,9
飞离,9
丛中,9
毒蛇,9
病例,9
流连,9
不经,9
仇敌,9
结实,9
噩耗,9
羞答答,9
参杂,9
硬要,9
过日子,9
弓,9
燎,9
进一步,9
何地,9
亵渎,9
坏水,9
兵不厌诈,9
邀向,9
鲜,9
吃屎,9
正经事,9
没散,9
变通,9
遗址,9
鸿沟,9
一挥,9
幕,9
须尽欢,9
出点,9
板机,9
酒里,9
没笑,9
牵缠,9
救主,9
走着瞧,9
绿卡,9
不悔,9
藏刀,9
赤子心,9
云间,9
不现,9
傍,9
管住,9
一如,9
翘楚,9
鱼刺,9
发配,9
直截了当,9
每一,9
只留,9
猴王,9
耍猴,9
漆,9
举个,9
贴标签,9
恶语,9
扑来,9
难改,9
我祝,9
冰天雪地,9
慧眼,9
厄运,9
咿咿呀呀,9
永不言弃,9
原理,9
小莓,9
投票,9
天天向上,9
收视率,9
保持中立,9
无际,9
天斗,9
纸和笔,9
演说,9
光秃秃,9
火湖,9
在编,9
讶异,9
伦理,9
比你早,9
节约,9
简陋,9
略带,9
阶层,9
舌,9
续费,9
言说,9
调慢,9
好奶,9
云山,9
预言家,9
千山,9
师父,9
畔,9
九州,9
沐,9
功成,9
黄金屋,9
会要,9
丰都,9
遥遥,9
黑眼圈,9
进取,9
假正经,9
批些,9
良人,9
三国,9
雨落,9
飘下,9
诺基亚,9
啥时候,9
奥尼尔,9
意会,9
藕,9
面试,9
灶台,9
这爱,9
圣诞树,9
偏远,9
半空,9
废话少说,9
尧,9
拇指,9
典当,9
概况,9
锁紧,9
我吐出,9
陈钰彬,9
余祖意,9
香艳,9
体制,9
穿插,9
笔墨纸砚,9
草鞋,9
国泰民安,9
朴宰范,9
带种,9
卢晓伟,9
鸟语,9
哪句,9
目击,9
金顶,9
红光,9
烧火,9
伙耍,9
柬埔寨,9
钱要,9
低配,9
回老家,9
百般,9
各式各样,9
千钧一发,9
丝儿,9
文件,9
腚,9
槽,9
有面,9
天经地义,9
人之初,9
偏门,9
乱窜,9
对接,9
敲响警钟,9
别着,9
古惑仔,9
看中,9
당,9
补给,9
白眼狼,9
翻山,9
坏死,9
荔枝,9
理发店,9
收走,9
背地,9
쟁,9
떨,9
었,9
税,9
추,9
溜冰,9
不装,9
公益,9
得闲,9
巴蜀,9
遗骸,9
反噬,9
太超前,9
天桥,9
戒不掉,9
苦日子,9
正统,9
空有,9
温酒,9
教教,9
高塔,9
孤军奋战,9
玩伴,9
换换,9
走个,9
赤诚,9
汗滴,9
玩过,9
祸害,9
安详,9
巨变,9
布衣,9
浑水,9
铜板,9
哭闹,9
力挽狂澜,9
门缝,9
最差,9
废掉,9
人为财死,9
敲开,9
同甘共苦,9
鳖,9
涌向,9
过河拆桥,9
峰顶,9
老一辈,9
河东,9
不着边际,9
经脉,9
周伯通,9
先放,9
一横,9
惹火,9
皇上,9
许多年,9
湘军,9
出场费,9
督促,9
翩翩起舞,9
掉落在,9
大同,9
波音,9
贴纸,9
床铺,9
平分,9
十三亿,9
四射,9
蒙面,9
追平,9
老江湖,9
称之为,9
行送,9
血泊,9
胜者,9
淳子,9
相撞,9
时俊峰,9
旅馆,9
舞者,9
柴,9
操刀,9
来来去去,9
脚丫,9
鬼雄,9
三代,9
销声匿迹,9
度日如年,9
刻成,9
讲得,9
儿要,9
张照,9
宋旭辉,9
茶馆,9
二毛,9
道士,9
每块,9
修补,9
有血有肉,9
字数,9
骗骗,9
学得,9
敬重,9
开支,9
败露,9
外部,9
动真格,9
气口,9
中国队,9
放水,9
器乐,9
怀表,9
梁朝伟,9
这样的话,9
僵,9
远程,9
稳赚,9
粗茶淡饭,9
腾云,9
看一哈,9
中正,9
年终奖,9
排气管,9
卑卑,9
清贫,9
吃不得,9
燒煙,9
想親,9
萬,9
场馆,9
船票,9
多别,9
融会贯通,9
新人王,9
晕眩,9
竟是,9
太牛,9
滥情,9
一镜,9
鸣笛,9
价签,9
老总,9
断后,9
战狼,9
怀孕,9
小岛,9
沧海桑田,9
左膀右臂,9
有范儿,9
来定,9
三十个,9
形容词,9
失措,9
流口水,9
语速,9
花卉,9
事实证明,9
轻拂,9
飞吻,9
宝箱,9
瓜批,9
心领神会,9
杯中酒,9
腿软,9
锁进,9
曼谷,9
几朵,9
阻隔,9
收音机,9
漂洋过海,9
气话,9
尝尽,9
现实生活,9
分期,9
我太多,9
飘飘摇摇,9
认证,9
人挤,9
交锋,9
炸到,9
张开嘴巴,9
物欲横流,9
油头,9
帅帅帅,9
鞋柜,9
忘本,9
亲嘴,9
第一缕,9
糕,9
小曲,9
结识,9
嬲,9
传销,9
家长会,9
星期三,9
交了,9
从未有过,9
排除,9
有朝一日,9
醉拳,9
辞,9
空话,9
流行歌,9
一厢情愿,9
妈呀,9
假发,9
延迟,9
风花雪月,9
室外,9
咱家,9
私奔,9
정,9
ン,9
失格,9
没考上,9
调频,9
酒楼,9
不善,9
烈日当空,9
写字楼,9
圣斗士,9
卖过,9
一桶,9
大鱼大肉,9
怪胎,8
输送,8
温柔乡,8
止痛药,8
纯情,8
吓唬,8
豆腐渣,8
棕榈树,8
全当,8
尾翼,8
难舍难分,8
多姿多彩,8
百无聊赖,8
灯管,8
电锯,8
自洽,8
车尾,8
打瞌睡,8
灌满,8
赤色,8
巧劲,8
ん,8
老大不小,8
境,8
开整,8
录像,8
臭美,8
织,8
名画,8
仙女座,8
菜地,8
还活,8
误入歧途,8
或多或少,8
坚持不懈,8
手术室,8
相濡以沫,8
佛珠,8
报个,8
再要,8
穷人家,8
西北风,8
发令枪,8
自嘲,8
摇头摆尾,8
文武双全,8
结交,8
偏头痛,8
凄凉,8
取得胜利,8
一百遍,8
再重,8
变帅,8
黄皮,8
十七,8
舍不得你,8
很忙,8
颁个,8
高利贷,8
皮蛋,8
不干,8
届,8
坦坦荡荡,8
连头,8
太超,8
两头,8
拔河,8
寒酸,8
想点,8
高越,8
坏天气,8
到期,8
无邪,8
通了,8
鬼魅,8
城垣,8
蔑视,8
猫头鹰,8
不容许,8
烟味,8
摧枯拉朽,8
说鬼话,8
吃得下,8
蹄膀,8
红烧,8
名流,8
听起,8
年夜饭,8
白头到老,8
帅帅,8
这家,8
王靖怡,8
谈个,8
爱多,8
一去不返,8
悬疑,8
懊恼,8
摆点,8
做下,8
开工,8
坐等,8
人丑,8
华强北,8
常客,8
后半段,8
不划算,8
一千公里,8
面瘫,8
小迷妹,8
观音桥,8
打换,8
过关,8
辅导,8
麦当劳,8
无时不刻,8
考核,8
几坨,8
贱人,8
优衣库,8
双楠,8
爽起,8
朝拜,8
强忍,8
波澜不惊,8
万紫千红,8
黄山,8
龙子,8
重走,8
皮鞭,8
后扣,8
覆辙,8
源,8
臭皮囊,8
舒心,8
一刹,8
滋生,8
忧心,8
坚实,8
日渐,8
荤,8
签字,8
随处可见,8
曾一度,8
祖祖,8
画满,8
不系,8
城区,8
小聪明,8
昔日,8
毒虫,8
耍些,8
走得快,8
词穷,8
我醉,8
鸟为食亡,8
抱到,8
一岁,8
一醒,8
人文,8
扼住,8
请教,8
拖走,8
绝路,8
换不来,8
伙子,8
无语,8
稀少,8
薄膜,8
弄伤,8
斗胆,8
会醒,8
失明,8
办年,8
眼头,8
寻人启事,8
上飞,8
四九,8
房地产,8
内卷,8
蓝调,8
混响,8
纯黑,8
我太快,8
兴风作浪,8
天生我材必有用,8
快锁,8
掉色,8
三倍,8
失礼,8
荻,8
擦边,8
没事找事,8
良好,8
當我,8
雪橇,8
风车,8
狗肉,8
天与地,8
稳妥,8
率,8
球赛,8
囚犯,8
虫子,8
我告,8
装富,8
阴沉,8
参军,8
案底,8
好意,8
赎回,8
捐,8
能开,8
滚起来,8
计时,8
淹死,8
房产证,8
计算器,8
莫顿,8
麦当,8
亮过,8
卡西,8
赚个,8
挣不脱,8
一抓,8
没得点,8
闪着光,8
处决,8
骑不来,8
狂喃,8
凉烟,8
抽不惯,8
抛到,8
长跑,8
冒出来,8
做嘻哈,8
逝者,8
拿太死,8
左手腕,8
操盘,8
跳梁,8
团灭,8
收集者,8
环路,8
整洁,8
彩礼,8
时时刻刻,8
干饭,8
該,8
拳王,8
告知,8
预知,8
药品,8
羊排,8
说干就干,8
对不住,8
圣母玛利,8
药都,8
爱太多,8
吸血,8
风太过,8
生活圈,8
吓坏,8
太痛,8
九十年代,8
在播,8
没底,8
做客,8
杜兰特,8
难不倒,8
沉迷于,8
肥大,8
绑紧,8
神父,8
以防,8
慌忙,8
甩脱,8
清明节,8
压抑着,8
延伸,8
伤到,8
阴间,8
飞行员,8
阿勒泰,8
蛋挞,8
上装,8
디,8
默剧,8
示好,8
漠不关心,8
脏字,8
履历,8
海浪声,8
茶几,8
越深,8
很胖,8
왜,8
녀,8
러,8
목,8
未读,8
搭上,8
完后,8
失业,8
爱如,8
太过火,8
回车,8
礼帽,8
黑屏,8
哪张,8
未停,8
脱缰,8
缝儿,8
分量,8
夹击,8
鼎乐,8
桃园,8
狗命,8
红玫瑰,8
不办,8
眼罩,8
细小,8
头皮发麻,8
一团糟,8
内种,8
耳鸣,8
容纳,8
天下无敌,8
循环往复,8
自食其果,8
巴比伦,8
交融,8
自说自话,8
远方来,8
里活,8
废土,8
一笔一画,8
倒头,8
前仆后继,8
一走了之,8
大本营,8
混杂,8
勇敢者,8
老话,8
挣快,8
监牢,8
苦闷,8
推移,8
后半生,8
八千,8
秋雨,8
山庄,8
活命,8
端上来,8
身法,8
情动,8
齐国,8
隐士,8
干架,8
如来佛,8
老夫,8
自然灾害,8
上方,8
望去,8
终生,8
滔天,8
收紧,8
虐杀,8
优家班,8
之剑,8
丞相,8
长袍,8
口口声声,8
漫道,8
偏行,8
啾,8
歌舞,8
为人处世,8
刚买,8
冰上,8
未见,8
珠穆朗玛,8
拖地,8
真会,8
犀牛,8
圣洁,8
肖,8
典范,8
真逗,8
峰巅,8
恳切,8
破茧,8
稳扎稳打,8
寒风凛冽,8
命悬,8
金句,8
积压,8
泰坦,8
三十三天,8
保驾,8
同台,8
绘,8
离队,8
砍断,8
缠斗,8
爱恨分明,8
太岁,8
七七,8
刺伤,8
要你命,8
一节,8
空空荡荡,8
双押,8
造势,8
劫难,8
血汗钱,8
降妖除魔,8
搜哈,8
细菌,8
脑瘫,8
先手,8
合辑,8
编制,8
繁华世界,8
随变,8
别搞,8
先过,8
尼罗河,8
随缘,8
造谣,8
躲躲,8
足足,8
起起伏伏,8
瞎话,8
恳求,8
值千金,8
从零开始,8
良知,8
预判,8
健谈,8
晾,8
输钱,8
由谁来,8
为荣,8
轻敌,8
合眼,8
淡漠,8
饮水思源,8
瘸,8
误伤,8
中下,8
蹦跳,8
重样,8
柔弱,8
礼花,8
行船,8
回收站,8
转椅,8
问天,8
大个儿,8
同醉,8
走弯路,8
镇守,8
养大,8
老三,8
摩登,8
作答,8
第一段,8
飙车,8
豪言壮语,8
应当,8
个数,8
咬紧牙关,8
堤,8
你心,8
撑场,8
机上,8
极地,8
积分,8
唇枪舌剑,8
河海,8
士气,8
佩剑,8
田地,8
不提,8
流转,8
影业,8
衷肠,8
马尾辫,8
致歉,8
危楼,8
卷轴,8
这层,8
慢些,8
改变命运,8
跳下去,8
后要,8
出布,8
怦然心动,8
有情人,8
说辞,8
棍儿,8
先例,8
真帅,8
东拼西凑,8
海鸟,8
不全是,8
怀有,8
玩物丧志,8
过失,8
振聋发聩,8
婚戒,8
违反,8
结了婚,8
错认,8
游乐,8
浪头,8
涂成,8
梦中见,8
已变,8
迷航,8
哎额,8
走道儿,8
飛,8
锅边,8
鱼丸,8
刘邦,8
云里,8
唵,8
麻木不仁,8
气道,8
慈,8
挂钩,8
卢慈航,8
死会,8
夙愿,8
第二遍,8
头皮屑,8
东倒西歪,8
焕然,8
会伤,8
修到,8
落尽,8
百货大楼,8
山岗,8
重负,8
酷炫,8
澳龙,8
负数,8
좋,8
经纬,8
街巷,8
费心,8
八条,8
鼓舞,8
突入,8
摇摇头,8
苦口,8
德智体美,8
对酌,8
鸡年,8
灌输,8
翩翩少年,8
海誓山盟,8
酒味,8
占地,8
粘着,8
一堵,8
摄影,8
折返,8
后浪推前浪,8
何时何地,8
破土,8
远观,8
诗文,8
蒙羞,8
千百,8
彩霞,8
来生,8
阿爸,8
游乐场,8
适可而止,8
唐诗,8
位数,8
脚镣,8
毕生,8
诺亚,8
梁山泊,8
连天,8
没对,8
以此,8
朱怡帆,8
迟钝,8
鬓边,8
愈,8
渡赤水,8
英姿飒爽,8
持,8
泽蛋,8
清酒,8
桑,8
有點,8
ま,8
恰不起,8
苦读,8
双宿双飞,8
掏肺,8
比翼鸟,8
心心相印,8
浪涛,8
斟,8
褶皱,8
拥堵,8
盛雨,8
走不开,8
原散,8
压岁钱,8
脚心,8
沙鹰,8
无论怎样,8
改朝换代,8
れ,8
连话都,8
异性,8
直直的,8
握起,8
次日,8
见面礼,8
深信,8
沉浸于,8
巧到,8
罗嗦,8
交往,8
神棍,8
夜猫族,8
掀别,8
阿司匹林,8
家夏,8
改了,8
孔繁森,8
繁荣昌盛,8
何非,8
煌,8
文来,8
殷,8
他头,8
静香,8
大张伟,8
飞云,8
極惡,8
洋娃娃,8
不消,8
口头语,8
0.2,8
挂羊头卖狗肉,8
作舟,8
弯举,8
百分之一,8
北斗星,8
阿达娃,8
祝你快乐,8
逃越,8
地掉,8
不刷,8
中巴,8
梦离,8
谁知盘中餐,8
篮板王,8
千千万万,8
拖屉,8
斜照,8
金童玉女,8
曲靖,8
肝能,8
앞,8
清词,8
临崖,8
何足道哉,8
行是,8
再爛,8
穩得,8
别摸,8
依哟,8
ꉘ,8
ꈹ,8
ꎴ,8
ꉙ,8
ꌸ,8
老面孔,8
可劲,8
姥,8
飞移,8
风飞,8
啧死,8
夜雨,8
穹顶,8
川妹子,8
陈亦心,8
惺惺作态,8
破鞋,8
捂着,8
调皮捣蛋,8
拮据,8
美不爱,8
飘远,8
这梦,8
千万分之一,8
嘘声,8
再安打,8
安打,8
阿强,8
新春,8
早读,8
信以为真,8
黯然失色,8
蕴藏,8
独守,8
那路,8
创下,8
开怀大笑,8
电竞,8
下下,8
送卑,8
长生,8
生旦净末,8
村落,8
有命,8
汪,8
巴尔,8
红底,8
期望值,8
京字,8
天靠,8
学生会,8
浪撞合,8
浪迎,8
流逆着,8
麻酱,8
托运,8
头孢,8
其實,8
一杯杯,8
雨来,8
我算个,8
中快,8
痴人,8
风往,8
吉,8
星久,8
没罪,8
讨个,8
疾风,8
เ,8
郑瑀,8
陈冠,8
音编,8
段浩,8
大魔丸,8
香车,8
孔明灯,8
打劫,8
光束,8
静默,8
被套,8
三头,8
八仙,8
炮仗,8
万家,8
俊杰,8
濒临,8
德曼,8
泻立,8
月份,8
总部,8
王二,8
皮子,8
麻药,8
抽支,8
恍如隔世,8
合情合理,8
爆头,8
卵子,8
下心,8
败落,8
两圈,8
三哥,8
抱个,8
隐私,8
得空,8
哈萨克语,8
挟持,8
庙堂,8
枯朽,8
哪太,8
那束,8
灌进,8
费城,8
超多,8
鼻血,8
警钟,8
喊累,8
猜个,8
明明白白,8
争光,8
勒点,8
风吹日晒,8
车顶,8
ʜ,8
谈情说爱,8
呜咽,8
娇艳,8
入夜,8
铐,8
温顺,8
特别感谢,8
二氧化碳,8
优先,8
自得其乐,8
困局,8
生育,8
漢勒,8
隨便,8
掺合,8
干要,8
刚柔并济,8
体育老师,8
吸味,8
相待,8
囚室,8
保罗,8
超脱,8
跳进去,8
止住,8
人学,8
算一天,8
赞说,8
阴气,8
女娃,8
从何说起,8
壁垒,8
凼,8
肥料,8
列些,8
宝玉,8
甄子丹,8
坦诚相待,8
尼采,8
书籍,8
割裂,8
几百年,8
不省人事,8
邪念,8
狠楼,8
六楼,8
正轨,8
乓,8
坠地,8
四口,8
精酿,8
无数种,8
起早,8
罩杯,8
翻天覆地,8
不发,8
中场,8
拼酒,8
不向,8
油少,8
凤梨,8
单相思,8
心连心,8
海峡两岸,8
五十六,8
칙,8
똘,8
퉤,8
칵,8
ꉪ,8
ꂾ,8
心系,8
曲终,8
老祖宗,8
看大,8
大量,8
情趣,8
街頭,8
瓤,8
提防,8
错过机会,8
铁甲,8
许宏阳,8
疤面,8
战死,8
呱唧,8
须臾之间,8
我作,8
谱成,8
洛阳,8
う,8
儿开,8
半饱,8
一舞,8
人前人后,8
房有车,8
一个亿,8
争艳,8
不食,8
瓦砾,8
一辆车,8
所见所闻,8
欧巴,8
飘火,8
腊八粥,8
近在咫尺,8
以邦,8
吵吵,8
紫光,8
无所事事,8
蓄谋,8
变凉,8
不骗你,8
重创,8
扶不起,8
每一寸,8
踅,8
角门,8
私欲,8
禁不住,8
无缘无故,8
丘陵,8
车主,8
销魂,8
沙丘,8
盯紧,8
笑意,8
旺盛,8
坏东西,8
东东,8
衰落,8
巨,8
两块钱,8
书法,8
闭目,8
宏伟,8
带刺儿,8
控制情绪,8
再犯,8
手辣,8
雅俗共赏,8
灭度,8
欢快,8
白水,8
朱贯松,8
依稀记得,8
手为,8
甜味,8
赛车手,8
点到为止,8
乒乓球,8
打打杀杀,8
前列,8
冥府,8
哀吊,8
佛陀,8
寂静岭,8
卸妆,8
示意,8
求饶,8
索要,8
风起云涌,8
近视,8
小马哥,8
穿帮,8
来得快,8
黑昼,8
匍匐前进,8
来求,8
出钱,8
闪闪发亮,8
别伤,8
我露,8
露西,8
嫉恨,8
船靠,8
长街,8
西风,8
起始,8
一重,8
回电,8
痛找,8
两旁,8
不见不散,8
摇身,8
常人,8
神枪手,8
模糊不清,8
阿烈,8
粘人,8
夸下海口,8
网瘾,8
笃,8
野生,8
烧鹅,8
真让人,8
一摊,8
少年郎,8
普天同庆,8
探戈舞,8
四十八,8
肆筒,8
坐立不安,8
失足,8
发狂,8
大雾,8
配好,8
心慌慌,8
无瑕,8
二四,8
学得会,8
无忧,8
欢聚,8
当晚,8
龙宫,8
五百年,8
茄子,8
咽下去,8
孬种,8
起色,8
赊账,8
吃面,8
筛选,8
擤,8
补好,8
穿插在,8
金字招牌,8
绞杀,8
低贱,8
人影,8
倒进,8
谢天谢地,8
战到,8
硬是,8
挥毫,8
半边,8
吸取,8
更别,8
右转,8
跳板,8
穿墙术,8
密闭,8
拿命,8
所剩无几,8
奄奄一息,8
斑点,8
关联,8
挂历,8
刘洲秀导,8
快用,8
惊天动地,8
衣物,8
洞穴,8
宋三,8
张弛,8
女鬼,8
能往,8
旗子,8
高歌猛进,8
平反,8
机智,8
金黄,8
等同于,8
总共,8
十八弯,8
削,8
赤子之心,8
娇弱,8
里演,8
去理,8
漂亮妹妹,8
下潜,8
劳动力,8
边边,8
发慌,8
盐市口,8
这方面,8
根据地,8
毫不留情,8
时隔,8
领到,8
发电,8
究极,8
油灯,8
脉动,8
三点一线,8
影院,8
电线,8
转手,8
长裙,8
倚,8
抢先,8
尼康,8
花生米,8
几爷,8
此话,8
BB机,8
敲起,8
在内,8
懒腰,8
拘谨,8
匮乏,8
日新月异,8
有辆,8
来块,8
秘书,8
转笔刀,8
生活态度,8
举铁,8
睡觉觉,8
恼羞成怒,8
坐电梯,8
妙笔生花,8
稚子,8
吱声,8
配站,8
傲立,8
之墙,8
修建,8
寸草不生,8
狼哥,8
买些,8
鸡肉,8
每位,8
水平线,8
屠,8
砖石,8
金枪鱼,8
激怒,8
构图,8
装装,8
底脚,8
赔本,8
尾款,8
一抖,8
哈白,8
棕榈泉,8
杨过,8
儿飞,8
牙签,8
棣,8
超帅,8
长剑,8
喷泉,8
许一鸣,8
幾個,8
小面,8
幾,8
苦大仇深,8
窮,8
貼個,8
勤工俭学,8
胜出,8
随浪记,8
见缝插针,8
夜生活,8
球儿,8
想住,8
套牢,8
南岸,8
三双,8
大哩,8
赢麻,8
递增,8
管不了,8
火药味,8
扎眼,8
芳草,8
不景气,8
卧虎藏龙,8
代佬虎,8
伤肺,8
沾点,8
青史,8
时间段,8
情郎,8
病入膏肓,8
一闪而过,8
印是,8
黏,8
笛子,8
穷极,8
很贵,8
有头有脸,8
买包,8
最亲,8
缝纫机,8
信纸,8
月台,8
嘤,8
当选,8
威,8
上铺,8
形同虚设,8
吉利,8
出货,8
装腔作势,8
稍等一下,8
魔爪,8
圆寸,8
尕,8
特效药,8
随风倒,8
通上,8
不遇,8
鉴别,8
配用,8
旮旯,8
壮语,8
江小白哩,8
破阵,8
板面,8
弹药库,8
冰原,8
儒,8
大开眼界,8
狙,8
离岸,8
朝霞,8
欧美,8
旧时,8
独立思考,8
双面,8
颇,8
大志,8
意识流,8
成人礼,8
哩水,8
哩碑,8
起勒,8
老式,8
骑起,8
饮血,8
靠得住,8
天堑,8
儿勒,8
地老天荒,8
士力架,8
动感地带,8
情报,8
万众,8
冒想,8
美如画,8
敬佩,8
奸计,8
回礼,8
千层浪,8
播下,8
坦率,8
一款,8
有始无终,8
疙瘩,8
坐享其成,8
顶顶,8
雅座,8
破坏力,8
送上门,8
被害,8
影视,8
问世,8
西餐厅,8
大顺,8
鸿运,8
研墨,8
阿叔,8
水池,8
复仇者,8
自相残杀,8
羽绒,8
表带,8
拉夫,8
天体,8
辨别,8
低能,8
北大,8
豪杰,8
玛雅,8
功绩,8
争当,8
昂首挺胸,8
缠身,8
贵宾厅,8
几万人,8
上流社会,8
总统,8
预计,8
我端,8
天眼,8
半罐,8
雨露,8
写手,8
烦忧,8
找我聊,8
滋,8
澡堂,8
敌手,8
踢走,8
啤酒肚,8
前瞻,8
侍奉,8
孟婆,8
吴承恩,8
肥猫,8
飞扬跋扈,8
簋,8
无依无靠,8
走音,8
告密者,8
王嘉尔,8
潮语,8
拜师,8
无法回答,8
珠三角,8
喷到,8
户外,8
国语,8
噎着,8
早茶,8
两句话,8
百分之百,8
权势,8
鲜肉,8
过境,8
透透气,8
认准,8
烧尽,8
汹涌澎湃,8
气体,8
预料到,8
撒点,8
花招,8
之身,8
其人,8
经风,8
冷藏,8
几万块,8
霹雳游侠,8
酣睡,8
登记,8
华而不实,8
谋利,8
我刻,8
说坏话,8
抬杠,8
硬碰硬,8
心无旁骛,8
五谷,8
进入状态,8
逃开,8
拉紧,8
发布会,8
公然,8
领队,8
万人之上,8
大平,8
对弈,8
锅儿,8
伏,8
音上,8
上万,8
看天,8
再贵,8
越岭,8
遍地开花,8
名扬四海,8
存入,8
感到遗憾,8
黑客,8
没动,8
五分,8
命脉,8
叶晓粤,8
赏遍,8
画板,8
并未,8
海沟,8
抱起,8
擦枪,8
强健,8
牢房,8
天长,8
一路顺风,8
寄生虫,8
上司,8
困意,8
翻译成,8
我大,8
上篮,8
勿忘,8
真货,8
单刀,8
阑珊,8
宣扬,8
铺上,8
咿,8
清洁,8
坐不住,8
风味,8
激进,8
立体,8
更多,8
字幕,8
冰柜,8
邓,8
烂尾楼,8
这能,8
相提并论,8
懂行,8
贫贱,8
雷神,8
恐吓,8
一二一,8
长到,8
昏睡,8
面色,8
创业,8
紧要,8
睡够,8
街娃,8
跨栏,8
五音不全,8
会谢,8
无以,8
拭目以待,8
帅过,8
九零,8
贴个,8
伽利略,8
大熊猫,8
头筹,8
花纹,8
峰,8
噗通,8
鼬,8
加糖,8
咬紧,8
牙关,8
饱嗝,8
小男孩,8
席卷而来,8
走多远,8
扫码,8
发票,8
摸摸头,8
瓷们,8
性欲,8
过山,8
弧顶,8
各有千秋,8
海外,8
爱哭,8
见惯,8
讲文明,8
音节,8
绕口令,8
通气,8
后羿,8
夸父,8
刮痧,8
变回,8
呼噜,8
云梯,8
有心人,8
栋,8
用脑,8
但系,8
支旗,8
刺进,8
不妥,8
乐理,8
吹到,8
快艇,8
那股,8
映着,8
潜意识,8
极大,8
惜字如金,8
用点,8
鬼鬼祟祟,8
练习生,8
奏乐,8
开坛,8
世外,8
吊着,8
站立,8
漠视,8
硕士,8
败坏,8
补钙,8
嫖,8
古怪,8
空前绝后,8
口诛笔伐,8
我举,8
纸杯,8
涮,8
脑残粉,8
保温杯,8
这圈,8
烂掉,8
垂钓,8
纠察队,8
体检,8
愚公移山,8
诗经,8
从古至今,8
铁布衫,8
学人,8
药店,8
变个样,8
梳子,8
九点钟,8
心甘,8
苦艾,8
贫富,8
绝命,8
亲眼,8
暖和,8
水下,8
今个,8
敲敲,8
烂漫,8
园丁,8
气力,8
巷里,8
练功,8
豪赌,8
长眠,8
存着,8
不费吹灰之力,8
大半夜,8
三件,8
稀疏,8
使然,8
傻乎乎,8
占满,8
天降,8
电力,8
新装,8
政府,8
走错,8
担惊受怕,8
有料,8
权杖,8
藐视,8
完善,8
苦心,8
上级,8
愣头青,8
秀出,8
讲解,8
案件,8
参赛,8
既定,8
应不应该,8
十块,8
儿上,8
省心,8
长着,8
至尊宝,8
护照,8
饱腹,8
雪域,8
没错儿,8
退一步,8
几座,8
角度看,8
心眼儿,8
半壶,8
腥,8
话到嘴边,8
职责,8
发麻,8
单词,8
一倍,8
盲从,8
扣子,8
锈迹,8
展现出,8
未解,8
量力,8
蜂刺,8
山体,8
劝解,8
良币,8
偷着哭,8
认账,8
六颗,8
李宏,8
冰面,8
替身,8
不中,8
天公,8
顺水,8
买家,8
一贫如洗,8
史书,8
待人,8
所言,8
我取,8
旧都,8
悲歌,8
剑影,8
来信,8
天罗地网,8
如愿以偿,8
火车票,8
真该,8
漏斗,8
三餐,8
悲壮,8
傻话,8
开户,8
伸张,8
凡庸,8
众矢之的,8
白衣天使,8
黑白胶片,8
恒久,8
痛彻,8
变量,8
扑朔,8
暴怒,8
冥冥中,8
今早,8
二舅,8
附体,8
长安城,8
肖像,8
排好,8
手别,8
演习,8
露怯,8
投靠,8
不破,8
整日,8
战舰,8
通俗,8
物件,8
冒牌,8
印度,8
凑数,8
变美比,8
过冬,8
半分钟,8
恶作剧,8
耳环,8
嗣,8
谈不上,8
举过,8
便当,8
缩短,8
精神饱满,8
满街,8
行当,8
传人,8
一无是处,8
顺序,8
麒麟,8
单打独斗,8
张炜,8
儿郎,8
错怪,8
保姆,8
底细,8
胸襟,8
武打片,8
刚跑,8
无坚不摧,8
骚动,8
人渣,8
吸纳,8
能换,8
丐帮,8
挖个,8
棵,8
次数,8
情形,8
仙人跳,8
萧条,8
那杯,8
不借,8
那怕,8
流失,8
李连杰,8
打飞,8
进发,8
拉钩,8
十三岁,8
芭比娃娃,8
尸骸,8
坚不可摧,8
橘色,8
张艺兴,8
水里游,8
金鱼,8
之王,8
转达,8
勤快,8
眼巴巴,8
살,8
勒人,8
手杆,8
哈数,8
大度,8
子弟,8
飞远,8
残骸,8
逃窜,8
听讲,8
起得,8
일,8
상,8
줄,8
행,8
南海,8
진,8
계,8
晨练,8
程子,8
点到,8
太扯,8
成是,8
求人,8
地头,8
象,8
户口本,8
馊,8
逍遥法外,8
银色,8
楼盘,8
突围,8
头铁,8
难觅,8
苍凉,8
看剑,8
愿赌服输,8
初生,8
不知廉耻,8
虎山行,8
长生不老,8
院,8
十年磨一剑,8
过鬼门,8
城红岩,8
越短,8
何生亮,8
三寸,8
水来土掩,8
小酌,8
当条,8
俊,8
常山,8
开好,8
诓骗,8
孤城,8
记过,8
抄手,8
痰盂,8
计程车,8
入梦,8
干预,8
辛辛苦苦,8
街头巷尾,8
骨肉,8
小强,8
即将来临,8
兴衰,8
标本,8
古往今来,8
天底下,8
壮胆,8
露一手,8
各就各位,8
俗,8
难辨,8
隐约,8
王侯将相,8
未雨绸缪,8
警醒,8
碎玻璃,8
求救信号,8
往北,8
深深地,8
境遇,8
空即是色,8
可鉴,8
专攻,8
受益,8
桂花香,8
龙抬头,8
情调,8
左肩,8
十年寒窗,8
灯芯,8
红桃,8
画皮,8
牙医,8
二十六岁,8
黄泉路,8
一仗,8
断断续续,8
下半年,8
干涉,8
两只手,8
没练,8
北腿,8
顶呱呱,8
礼炮,8
哈是,8
蒙骗,8
烈士,8
李沫,8
爱将,8
吃定,8
灼热,8
杀手锏,8
云天,8
使命感,8
大逆转,8
偏袒,8
恒河,8
驮,8
飘散在,8
多娇,8
粪便,8
小绵羊,8
碉堡,8
玻,8
动脑筋,8
头好,8
玩腻,8
满嘴都是,8
肾脏,8
第一杯,8
直呼,8
干坏事,8
不愿醒,8
面壁,8
佛系,8
夹生,8
迟,8
从头开始,8
套头,8
青松,8
好了没,8
践行,8
裁缝,8
九万,8
废除,8
一块块,8
一百倍,8
想当然,8
听感,8
栖霞寺,8
掌嘴,8
窗上,8
银山,8
跪地求饶,8
皮皮虾,8
年薪,8
趁机,8
先行,8
欣喜,8
透不过气,8
两边倒,8
地裂,8
乱舞,8
群魔,8
新招,8
牵肠,8
美化,8
墙外,8
脚边,8
警钟长鸣,8
大眼,8
你生,8
别扭,8
も,8
弊端,8
臭屁,8
撑腰,8
偷笑,8
孤掌难鸣,8
井底蛙,8
害群之马,8
跃过,8
空门,8
供给,8
陈真,8
发微信,8
雷暴,8
守规矩,8
李若嫣,8
衬,8
孤鹜,8
近水楼台,8
我少,8
集,8
会先,8
烧一,8
圣水,8
火影,8
好车,8
巢穴,8
哈起,8
苦情,8
晚起,8
绫波丽,8
庭院,8
爽哥,8
刀枪不入,8
喝得,8
实体,8
老规矩,8
加份,8
空接,8
至尊,8
红外线,8
撒到,8
阿斯顿,8
袒护,8
单膝,8
截,8
没火,8
留学生,8
弯曲,8
我成,8
只手遮天,8
勾画,8
酒窝,8
烧坏,8
五官,8
予,8
就任,8
射杀,8
法官,8
栖身,8
僵持,8
桥牌,8
赔偿,8
杯底,8
捏住,8
撑下去,8
邱天,8
刘美岑,8
赌神,8
胸脯,8
双子座,8
结痂,8
全速,8
跑跑,8
掙,8
抢到,8
暖阳下,8
万赛,8
周三,8
明堂,8
秋衣,8
目视,8
咸淡,8
风尘仆仆,8
时别,8
杜,8
开点,8
架起,8
瘪三,8
红灯笼,8
误,8
岔道,8
江小白,8
踉踉跄跄,8
见底,8
运筹帷幄,8
救命稻草,8
非比寻常,8
T台,8
单飞,8
灌篮高手,8
推背,8
熊熊,8
马温,8
唇膏,8
只敢,8
金汤,8
创可贴,8
跳上,8
歡迎,8
基督,8
实锤锤,8
雀跃,8
挟,8
摩天楼,8
连篇,8
半途而废,8
跳开,8
脑电波,8
木森,8
没进,8
提拉,8
立地成佛,8
买份,8
店员,8
翩翩,8
大圣,8
乏,8
抒情,8
接地,8
不下雨,8
面红耳赤,8
逆耳,8
打天下,8
顺带,7
恍恍惚惚,7
一盆,7
机里,7
私,7
豆腐脑,7
病菌,7
界外,7
掩耳盗铃,7
射箭,7
苟且偷生,7
添油加醋,7
加过,7
给力,7
独裁,7
实事求是,7
没想通,7
陶,7
绵羊,7
旱季,7
无限大,7
错爱,7
东西南北,7
老太,7
收进,7
炒个,7
热流,7
团结友爱,7
拧紧,7
桩,7
不亮,7
干拔,7
记忆力,7
翻转,7
两百,7
多坏,7
飞机票,7
营养不良,7
落霞,7
从来未,7
沉溺于,7
愁眉苦脸,7
北海道,7
心火,7
怒目,7
当回事,7
长廊,7
逼们,7
数目,7
拼到,7
水晶灯,7
据点,7
矫正,7
偷铁,7
烟熏,7
骨子,7
刀刀,7
放话,7
八面,7
搜救,7
福尔马林,7
飞弹,7
新天地,7
不闻不问,7
越累,7
久而久之,7
疗效,7
腹部,7
不负责任,7
朽木,7
耐不住,7
洋芋,7
无锡,7
二月,7
明白人,7
置,7
清淡,7
半根,7
一切照旧,7
孤雁,7
醉人,7
比着,7
独到,7
平替,7
废材,7
啃食,7
编成,7
面膜,7
藏起,7
照单全收,7
掀掉,7
分一杯羹,7
难为情,7
看人脸色,7
争锋,7
大连,7
着重,7
喜马拉雅山,7
没洗,7
周思瑶,7
认栽,7
只想去,7
云霄飞车,7
忘記,7
纸上,7
理所当然,7
脱出,7
刮点,7
赚取,7
老虎机,7
蜘蛛网,7
节制,7
无痛,7
触感,7
芒果,7
攀点,7
八点钟,7
摸清,7
沈宇,7
白光,7
打哆嗦,7
长队,7
要争,7
周天,7
吉他手,7
情敌,7
闲心,7
低频,7
突突,7
数值,7
把儿,7
顾好,7
装醉,7
台子上,7
专情,7
十五年,7
毛起,7
星巴克,7
腹地,7
学点,7
掏光,7
不良嗜好,7
插满,7
卡一到,7
开太快,7
生物钟,7
框框,7
恋家,7
白斑,7
硅谷,7
痴呆,7
好爽,7
录混,7
成千,7
消费者,7
有害,7
达意,7
仅凭,7
力争,7
体操,7
天兵,7
客套话,7
松散,7
过意不去,7
心路,7
央视,7
卖乖,7
荆晓涵,7
姚政,7
布尔,7
占用,7
平躺,7
烘焙,7
跟得上,7
软骨,7
配菜,7
断掉,7
依托,7
那算,7
搓手,7
心有灵犀,7
人选,7
自此,7
烛台,7
为换,7
名门,7
崂山,7
抱憾,7
换衣服,7
刀锋战士,7
前置,7
低消,7
感要,7
头大,7
上蹿下跳,7
敢说敢做,7
自由发挥,7
崇洋媚外,7
涛声,7
发家致富,7
拴住,7
收留,7
单人,7
例假,7
虎琥,7
白刃,7
残影,7
麻批,7
听烦,7
管够,7
枚,7
污渍,7
多于,7
搓脚,7
铂金,7
洗得,7
出神入化,7
真情实感,7
粘住,7
歌舞厅,7
量变,7
酒钱,7
弘扬,7
心照,7
听不惯,7
好求,7
很沉,7
宝格丽,7
钞,7
死撑,7
叮咛,7
裸露,7
我越,7
止渴,7
铁骨,7
内行,7
恐惧感,7
真勒,7
花蝴蝶,7
零距离,7
剩余,7
飞出去,7
预约,7
拼成,7
举手投足,7
朝气蓬勃,7
明码标价,7
尔特,7
流血流汗,7
睡眼,7
背个,7
詞,7
砸掉,7
读秒,7
德芙,7
驱动,7
越到,7
难懂,7
破除,7
神经错乱,7
被告,7
感覺,7
出現,7
路牌,7
巴厘岛,7
五位数,7
欢,7
几千年,7
闸,7
灰姑娘,7
最晚,7
带出,7
莫西,7
土黑娃,7
忘情水,7
这辆,7
躲到,7
不拉,7
算求,7
水晶鞋,7
狂想曲,7
松绑,7
恨透,7
铃,7
简介,7
军舰,7
卡西欧,7
拦截,7
密码锁,7
哮喘,7
粘贴,7
小点心,7
表姐,7
详细,7
蹦个迪,7
带鱼,7
录首嘻哈歌,7
直哥,7
四两,7
七情,7
取下,7
判决,7
车头,7
鸟笼,7
人不知,7
轻轨,7
暗夜,7
白雪公主,7
上阵,7
万有引力,7
鼻子眼睛,7
精打细算,7
某某某,7
谴责,7
暖气,7
讲些,7
信口雌黄,7
巡回,7
游击,7
虚情,7
吩咐,7
寄居,7
釜山,7
太过分,7
瑞雪,7
最高处,7
头晕目眩,7
再加,7
博学,7
藏匿在,7
唯是,7
买表,7
和服,7
新买,7
失聪,7
물,7
넌,7
으,7
되,7
국,7
出炉,7
相太,7
可来,7
多动,7
砰,7
飞来飞去,7
倍受,7
一错,7
别难过,7
唇枪,7
有里,7
雏鹰,7
蛛丝,7
小屁,7
城头,7
天到,7
百分比,7
死结,7
电子,7
起劲,7
赝品,7
清仓,7
志愿,7
刘俊坚,7
自夸,7
苛责,7
机关算尽,7
稀客,7
暗道,7
萃取,7
各显神通,7
闻风丧胆,7
半岛,7
浮起,7
白猫,7
莉莉,7
不太大,7
暂定,7
若干年,7
上映,7
黑头发,7
死于非命,7
朕,7
战乱,7
没理,7
用意,7
先干,7
奔流,7
鼓声,7
招招,7
紫禁,7
老黑,7
头要,7
有色,7
悬挂,7
斑马线,7
装皮,7
爆满,7
人皮,7
摆上,7
门锁,7
弗莱,7
交到,7
护卫,7
此人,7
计划生育,7
蓝眼睛,7
流浪记,7
一哥,7
归隐,7
佳酿,7
席地而坐,7
花白,7
清茶,7
悟净,7
济公,7
指挥棒,7
惊险,7
草草,7
多姿,7
吵到,7
骂声,7
受害,7
凯撒,7
服用,7
共同点,7
按住,7
ó,7
中是,7
定时,7
狼狈不堪,7
断货,7
下藏,7
堆里,7
咋啦,7
土老帽,7
亲手做,7
首尔,7
写日记,7
真当,7
卖人设,7
开唱,7
滑板鞋,7
冰淇凌,7
一颦一笑,7
水浅,7
久远,7
连带,7
随时欢迎,7
三俗,7
干碎,7
一所,7
吸走,7
飞行器,7
危害,7
尖子生,7
负伤,7
太多会,7
灵堂,7
裸体,7
寒光,7
蜡像,7
猜有,7
一捺,7
够意思,7
越轨,7
大手,7
肉丝,7
絮叨,7
心藏,7
满级,7
蛇皮,7
咋搞,7
快回去,7
关切,7
孩童,7
法令,7
鲜美,7
冷萃,7
咎由自取,7
以柔克刚,7
带好,7
领结,7
闭幕,7
背信弃义,7
头彩,7
念得,7
摩天,7
减速带,7
提案,7
名额,7
入场,7
彩电,7
叄,7
赠与,7
深究,7
更上一层楼,7
拔剑,7
满桌,7
欢天喜地,7
腰子,7
心存,7
上架,7
莫闹,7
凉水,7
超炫酷,7
展会,7
童话般,7
活不下去,7
追剧,7
四月份,7
青蛙王子,7
斑白,7
冒汗,7
三十度,7
杜鹃,7
肉汤,7
骄兵必败,7
受怕,7
干劲,7
断点,7
制止,7
高招,7
别骂,7
具象,7
惊鸿,7
刘璋,7
身姿,7
矿山,7
霸主,7
越久,7
蚂蚱,7
强力,7
决胜局,7
昼,7
认了,7
酒气,7
有风,7
有去无回,7
归根,7
人分,7
喜糖,7
船到桥头,7
船舶,7
前会,7
原地打转,7
名留青史,7
雨纷飞,7
铜墙铁壁,7
战战兢兢,7
苟,7
排行,7
摆手,7
树洞,7
媚眼,7
商讨,7
袋熊,7
终成眷属,7
几十亿,7
太和,7
三十多,7
好好学,7
音乐性,7
制敌,7
心与心,7
父,7
牌照,7
我亮,7
一想,7
山野,7
更有意义,7
千百次,7
原委,7
大费周章,7
地主家,7
童心未泯,7
明枪,7
拿根,7
黄鼠狼,7
玩烂,7
蜂窝,7
村民,7
遗珠,7
衣料,7
暗度,7
见风使舵,7
戏精,7
张奕,7
残疾,7
起管,7
铿锵,7
绿野仙踪,7
遗留下,7
明刀,7
物极必反,7
终须,7
戏说,7
启示,7
遗漏,7
不声不响,7
防卫,7
难眠,7
输光,7
我读,7
橙汁,7
五点钟,7
未到,7
羞耻,7
恶语相向,7
应急,7
光阴似箭,7
告慰,7
心愈,7
心有灵犀一点通,7
经由,7
一草,7
印度人,7
领养,7
寡妇,7
柏油路,7
它教,7
一吨,7
白过,7
脸发,7
传情,7
自寻短见,7
水有,7
私定终身,7
脚掌,7
正相反,7
八几,7
錯,7
原话,7
精选,7
真香,7
成歌,7
九年,7
万两,7
胜任,7
路上行人,7
铁马金戈,7
乌江,7
出世,7
转瞬,7
海底隧道,7
多美,7
娜娜,7
话会,7
谣传,7
旺季,7
浮光,7
傻劲,7
老带,7
入驻,7
推特,7
瑞拉,7
季度,7
唯爱,7
孱弱,7
网恋,7
蓄谋已久,7
捉到,7
心绪,7
独占,7
重重的,7
进歌,7
图像,7
鍊,7
懒散地,7
秋意,7
黑白照片,7
耕种,7
真容,7
烈焰红唇,7
斯是,7
只大,7
走失,7
自爱,7
神智,7
庸常,7
边境线,7
紫水晶,7
正要,7
早班,7
让座,7
念佛,7
千万次,7
海中,7
洋溢,7
一百天,7
看雨,7
镜片,7
统治者,7
真面目,7
九维,7
总给,7
国蛋,7
塑形,7
重拍,7
乱战门,7
吃软饭,7
下套,7
三押,7
大学生,7
毒舌,7
明知故问,7
初生牛犊,7
喑哑,7
碧琪,7
讲武,7
桑田,7
赵宇杰,7
寫,7
選擇,7
不留余地,7
叹口气,7
地利,7
极少,7
一见如故,7
鹅,7
王赫野,7
只鹰,7
填补空白,7
会累,7
陷得,7
南瓜,7
变脏,7
宜宾,7
踢飞,7
活跃,7
鲍勃,7
献计,7
万径,7
无形中,7
提不起,7
衣襟,7
真够,7
配有,7
结集,7
刚落,7
TPZ2.0,7
信号灯,7
众所周知,7
ハ,7
交点,7
浴,7
不如说,7
木筏,7
驳回,7
不规则,7
常用,7
买杯,7
很强,7
夏末,7
刘雅倩,7
单程票,7
拼装,7
抽到,7
热身,7
老母,7
舱门,7
返老还童,7
西山,7
认不得,7
苍狼,7
勾肩,7
胡搞,7
郑皓荣,7
几杯酒,7
新能源,7
百家饭,7
八百年,7
一叶扁舟,7
以风为,7
走家往,7
新新,7
泠,7
推卧,7
分两路,7
伯父,7
心事重重,7
少管,7
過去,7
与你同在,7
幸福生活,7
ด,7
怕冷,7
绿树,7
卡姆,7
别跑,7
龙珠,7
赫兹,7
失信,7
连衣裙,7
再怕,7
英,7
气短,7
狐,7
命护,7
晚会,7
永遠,7
下半转,7
泥菩萨,7
学风,7
雨中曲,7
狼潮,7
尼达,7
幾點,7
他勒,7
阿水,7
美工,7
今似,7
林一恬,7
消肿止痛,7
物尽其用,7
津,7
胡把,7
不破不立,7
三军,7
ꑍ,7
ꁮ,7
犯了罪,7
临河,7
毒牙,7
更艳,7
呼出,7
柔情似水,7
开波,7
贵过,7
斯摩堂,7
那麼,7
我永遠,7
義,7
陈嘉俊,7
流下来,7
地淋下,7
西向东,7
丧着,7
า,7
ท,7
音乐指导,7
围追堵截,7
作家,7
滑溜溜,7
相忘,7
ê,7
殊不知,7
西岭,7
不敢当,7
改變,7
那去,7
淳朴,7
叫住,7
刮骨,7
叮叮当当,7
赠送,7
玩多怕,7
教材,7
意境,7
积油,7
行行好,7
所欲,7
三阶,7
逢场,7
一整块,7
活灵活现,7
格子,7
围攻,7
天各一方,7
敲敲打打,7
黑黑,7
这梦里,7
波比,7
华莱士,7
滕王阁,7
大小通吃,7
玩少怕,7
有借有还,7
笑影,7
戏演,7
五一,7
入学,7
游游,7
杀入,7
号称,7
第几天,7
함,7
께,7
莫拉,7
北京烤鸭,7
二头,7
我心依旧,7
檐,7
贺俊雄,7
群岛,7
招风,7
配乐,7
芝麻开门,7
深切,7
射门,7
从我做起,7
做伴,7
原生态,7
几许,7
런,7
愤世嫉俗,7
之忧,7
多苦,7
我材,7
天南,7
地北,7
尝一尝,7
天安门,7
重情,7
黑娃土,7
库存,7
过太快,7
睁只眼,7
投来,7
鱼卵,7
福来,7
感同,7
轻佻,7
诚信,7
牲畜,7
现实主义,7
那小子,7
香薰,7
一张白纸,7
轻弹,7
倾泻,7
金箔,7
耳旁,7
看些,7
湖底,7
淡薄,7
青白色,7
鬼手,7
四分五裂,7
り,7
暴民,7
南非,7
碰头,7
准点,7
发丝,7
马可波罗,7
蒙古语,7
菊花石,7
雕工,7
靠满,7
荒烟,7
琴台,7
无唱晚,7
亲友,7
封顶,7
Ｌ,7
上加,7
突兀,7
倒贴,7
大蜜,7
马克,7
断绝,7
瓷器活,7
赊,7
为喃,7
深造,7
最先,7
药效,7
耍酷,7
难吃,7
偏颇,7
那批,7
囊,7
超火,7
索南,7
小猫猫,7
融成,7
垃圾袋,7
平定,7
捣蛋,7
看准,7
化在,7
鸡鸣,7
肌,7
打多大,7
展望,7
一磅,7
机缘巧合,7
他装,7
教诲,7
淑女,7
只数,7
法治,7
破烦,7
煤气,7
人种,7
家国,7
蛆虫,7
ꂵ,7
ꐊ,7
ꈴ,7
ꀐ,7
血脉相连,7
土话,7
搞鬼,7
不怕牺牲,7
有水,7
东湖,7
稀巴烂,7
昙,7
阳,7
短跑,7
女权主义,7
滴哒,7
连轴转,7
不楚,7
盾,7
靠靠,7
金钱至上,7
理清,7
恨透了,7
懂不起,7
间距,7
包走,7
五花八门,7
仅此而已,7
哪头,7
老车,7
司,7
航向,7
因得,7
帝王,7
卖个,7
从南,7
先忙,7
退回,7
沾到,7
大越,7
哪一点,7
有把握,7
愚者,7
情网,7
扮演着,7
覆,7
换人,7
树木,7
成冰,7
暗无天日,7
多长时间,7
爆发力,7
拐弯抹角,7
虎哥,7
地写,7
非你不可,7
大排量,7
ッ,7
铁门,7
先知,7
イ,7
贵阳市,7
规模,7
有泪,7
遵义,7
不惜一切,7
胆识,7
章法,7
没人教,7
奴才,7
三份,7
最脏,7
录下,7
浇湿,7
紫薯,7
反常,7
我动,7
嘻笑,7
精妙,7
忍忍,7
下放,7
重新做人,7
彪子,7
欠债还钱,7
泡个,7
听不出,7
少特,7
傻狗,7
管太多,7
自我安慰,7
一步到位,7
树大,7
一汤,7
过上,7
或败,7
发扬,7
않,7
自主,7
水印,7
擦亮眼睛,7
总比,7
王奕,7
开疆,7
瑕,7
天生我才,7
袍哥,7
心焦,7
普渡众生,7
早市,7
抽马哥,7
先白,7
泽宇,7
不会错,7
责骂,7
排放,7
오,7
린,7
积雪,7
焚毁,7
老本,7
修长,7
才华横溢,7
响当当,7
猴儿,7
心田,7
三轮,7
村儿,7
充满活力,7
要养,7
拉索,7
色调,7
身临其境,7
能输,7
过水,7
值狂,7
要塞,7
刚出生,7
裁决,7
中流砥柱,7
弗利,7
锋芒毕露,7
一脉,7
浑噩,7
好得多,7
祥和,7
躁郁,7
林间,7
枯草,7
别名,7
双拳,7
补货,7
加回,7
乱跑,7
做别,7
变来变去,7
飘得,7
阴森,7
田径,7
心肺,7
聊点,7
苦命,7
现眼,7
霜冻,7
几厘米,7
一锅,7
有眼无珠,7
老杜,7
词能,7
追求者,7
不招,7
吃喝拉撒,7
做条,7
大致,7
拐杖,7
振奋,7
结论,7
只身,7
血汗,7
横扫,7
平息,7
打过架,7
来接,7
挥刀,7
发言权,7
长笛,7
钱塘江,7
和睦,7
老到,7
学求,7
能为,7
屋脊,7
吐词,7
一言,7
天光,7
失言,7
错用,7
向钱看,7
脱壳,7
睡大觉,7
褂,7
我受,7
起枪,7
蝉声,7
黑到,7
推掉,7
普罗米修斯,7
静候,7
搞怪,7
尽显,7
钦佩,7
八千里,7
黑眼珠,7
充分,7
一目了然,7
甲方,7
白塔,7
喀什,7
幻像,7
点菜,7
雨停,7
心不变,7
一夏约,7
房檐,7
以此为荣,7
祸根,7
地动山摇,7
真额,7
五十三,7
魏楠,7
上桂,7
付米家,7
雅马哈,7
地过,7
借来,7
真不知道,7
想定,7
天时地利,7
哈嘿,7
冰霜,7
变少,7
跨界,7
拉丁,7
阔以,7
莎莎,7
醉醺醺,7
小脸,7
江澄宇,7
加把力,7
三顾,7
兵法,7
空城,7
那栋,7
耍花招,7
高谈阔论,7
羞辱,7
我歌,7
音都,7
р,7
К,7
й,7
红着,7
绘画,7
总伴,7
守旧,7
几份,7
瞄准镜,7
赵子龙,7
马格南,7
精兵,7
釜,7
薪,7
割下,7
基拉,7
张毅,7
稳过,7
不腻,7
急迫,7
潜,7
害虫,7
咥,7
养狗,7
辕门,7
新月,7
津门,7
进城,7
勾住,7
之花,7
我累,7
长途,7
延安路,7
长青,7
不换,7
几支,7
粤菜,7
放送,7
人菜,7
区县,7
捆成,7
汇流,7
洋相,7
执导,7
唱点,7
开票,7
七匹狼,7
不偏不倚,7
郭轶晗,7
柱子,7
收张,7
谈梦,7
科二,7
旋有,7
我卷,7
耳垂,7
剥上,7
播上,7
洛桑,7
但摇上,7
巡洋舰,7
买光,7
野牛,7
亿人,7
大干,7
怕事,7
比哈,7
穿得,7
排到,7
绽开,7
我绕,7
天兵天将,7
内讧,7
翻跟斗,7
身下,7
屁屁,7
满地找牙,7
弹个,7
富翁,7
羹,7
血用,7
现代化,7
事实上,7
门道,7
亚瑟,7
维语,7
爽翻,7
弹性,7
不守,7
栽个,7
针灸,7
原著,7
存放,7
洋酒,7
驿站,7
稿子,7
太丑,7
临近,7
闲聊,7
会心一笑,7
高能,7
划一,7
毫升,7
梯,7
签收,7
整装,7
蝗虫,7
生而,7
支笔,7
杰尼,7
混入,7
桂花,7
飘走,7
核桃,7
自习,7
顺应,7
抵债,7
鲁迅,7
娘娘腔,7
乔纳森,7
炸烂,7
湘北,7
醉到,7
英雄本色,7
呼气,7
居,7
拉闸,7
姓程,7
首选,7
八楼,7
龙王庙,7
交钱,7
码起,7
时有,7
守护者,7
室内,7
齐承志,7
规章制度,7
岳麓山,7
救人,7
卢佳盛,7
拉稀,7
勇,7
拧成一股绳,7
使力,7
学舌,7
炙手可热,7
垒,7
南滨路,7
夜长,7
亲热,7
我冲,7
抽起,7
刚下,7
想发,7
发狠,7
炸得,7
献出,7
岗上,7
习性,7
国画,7
菩提树,7
翻前,7
二万,7
有得赚,7
南京城,7
古镇,7
长亭,7
硬通货,7
绕口,7
白给,7
改装,7
煤气罐,7
见好就收,7
风扇,7
直击,7
饥肠辘辘,7
一共,7
离地,7
治得,7
胜仗,7
随便说说,7
求神拜佛,7
滚回去,7
不好玩,7
地皮,7
伤胃,7
苏打,7
抬起头来,7
山崖,7
磨掉,7
肆,7
跳到,7
装死,7
冒失鬼,7
天灾,7
王鹤,7
坦言,7
静安,7
效益,7
喝西北风,7
过早,7
是是非非,7
前锋,7
常在,7
闻所未闻,7
前所未见,7
相簿,7
年少无知,7
射出,7
款款,7
幸福感,7
零售,7
吹儿,7
见个面,7
立在,7
六脉,7
枣,7
吃香喝辣,7
巨无霸,7
信号弹,7
拉开距离,7
媽媽,7
佳丽,7
臭钱,7
超低,7
引线,7
己见,7
工艺,7
制造者,7
客场,7
正派,7
销毁,7
场面话,7
神剑,7
车费,7
协会,7
换尿布,7
坐禅,7
三十多个,7
迎神,7
同路人,7
融,7
龙腾,7
上些,7
翻页,7
煞气,7
星宿,7
朱红,7
小唱,7
管得,7
留声机,7
同心,7
整得,7
新老,7
锅盖,7
丢盔卸甲,7
涉足,7
走极端,7
勒座,7
重新制定,7
人到,7
长寿,7
铜梁,7
黑起,7
贪黑,7
抛锚,7
锅头,7
转出,7
刀儿,7
起往,7
真快,7
不吐,7
皮筋,7
发问,7
衰弱,7
呆坐,7
量产,7
郭颖,7
大雕,7
坐得,7
大戏,7
整到,7
一项,7
老广腔,7
客家人,7
驚,7
有阵,7
定居,7
长官,7
先驱,7
水枪,7
无错,7
两首,7
小人得志,7
灵性,7
一窝,7
裹紧,7
棘手,7
独当一面,7
万骨,7
配点,7
妄想症,7
传颂,7
放点,7
上分,7
违抗,7
强制,7
不屑于,7
递到,7
丢个,7
电音,7
揪出,7
字节,7
订好,7
新声,7
搏,7
吹水,7
虫虫,7
系度,7
拷问,7
痕,7
颁奖,7
大江南北,7
进土里,7
旅店,7
还敢,7
诡辩,7
膜,7
事来,7
主业,7
辈,7
漫威,7
赢个,7
光在,7
砚台,7
司马光,7
对联,7
梦之队,7
矩阵,7
这艘,7
人敢,7
曝光率,7
卢浮宫,7
抓拍,7
想个,7
变个,7
背书,7
瑞吉,7
英镑,7
外漏,7
凿,7
索求,7
中飞,7
冲垮,7
熄火,7
珊瑚,7
嵌入,7
淡泊,7
麦丽素,7
安平,7
点炮,7
坐镇,7
帝都,7
夹起,7
真情实意,7
不晃,7
来杯,7
拆台,7
粗口,7
我天,7
贿赂,7
文档,7
加强,7
登天,7
笑纳,7
有目共睹,7
棉絮,7
花田错,7
游在,7
裸,7
吸金,7
落得,7
混出,7
草帽,7
富得流油,7
瓢,7
回心转意,7
滑铁卢,7
开局,7
埃尔法,7
跳脱,7
螳螂,7
解忧,7
望眼,7
物语,7
小腿,7
特种兵,7
人变,7
桌前,7
屁儿,7
取关,7
凝聚力,7
毒素,7
评级,7
性质,7
习以为常,7
军火,7
好几件,7
一两千,7
最火,7
飞轮,7
扣扣,7
独领风骚,7
黑道,7
小王,7
回头率,7
修罗场,7
两米,7
赞同,7
你喃,7
批塞,7
烧个,7
整了,7
越爽,7
翻墙,7
大理石,7
嫁接,7
金曲奖,7
袖口,7
捉住,7
陈佳胜,7
站成,7
绞尽,7
整活,7
多厚,7
插座,7
花手,7
坝,7
剥,7
顺势,7
洒洒,7
上带,7
骂街,7
满汉全席,7
凉快,7
凡士林,7
簿,7
铁血丹心,7
端详,7
二五仔,7
好意思,7
马丁路德,7
假牙,7
兼得,7
潜心,7
硬座,7
轰鸣声,7
骰盅,7
磨破,7
龌,7
磨刀,7
拔光,7
侠盗,7
映出,7
一火,7
填不完,7
理发师,7
铲平,7
拖板,7
二年,7
一拖再拖,7
闭门,7
脸到,7
歌想,7
憧憬未来,7
黑锅,7
修正,7
梅西,7
上风,7
时间轴,7
锁起来,7
鸡儿,7
帝景,7
乱花钱,7
噻话,7
软得,7
菲力,7
香山,7
互助,7
烟子,7
门牌,7
轩,7
圣杯,7
学院,7
看得远,7
火点,7
拳击手,7
魂斗罗,7
雄心,7
内环,7
懒汉,7
这车,7
企业,7
法医,7
圣贤,7
糖浆,7
布鲁斯,7
切勿,7
得个,7
小儿科,7
中弹,7
瞻仰,7
弱势,7
驻守,7
字面,7
把妹,7
阿呆,7
震碎,7
太炸,7
唱成,7
荒地,7
崔,7
全班,7
遇过,7
别当个,7
漂在,7
镜中,7
楼台,7
静电,7
去学,7
守株待兔,7
温泉,7
新颖,7
通勤,7
火帮,7
半山坡,7
掺和,7
直走,7
遮羞,7
撒着,7
撵走,7
没出,7
反拍,7
送死,7
装修,7
申请,7
狠毒,7
冻僵,7
游行,7
我声,7
储备,7
谷歌,7
恰饭,7
射手,7
第三只,7
那部,7
电风扇,7
红砖,7
抹布,7
地心,7
照猫画虎,7
遁,7
牙买加,7
五毒,7
四周围,7
布阵,7
琴瑟,7
戏路,7
梳妆,7
花架子,7
这一棒,7
艾迪,7
好赖,7
养分,7
劳改,7
没料,7
搜刮,7
划水,7
神出鬼没,7
巴到,7
顶个,7
找来,7
城走,7
卖苦力,7
三首,7
打落,7
家犬,7
忙忙碌碌,7
五颗星,7
发牌,7
打场,7
堂子,7
노,7
성,7
두,7
大脚,7
动用,7
扁鹊,7
糍粑,7
大赛,7
拼杀,7
犹太人,7
第三次,7
春药,7
摘下来,7
绰号,7
讨口,7
竞争者,7
低劣,7
减不掉,7
说句话,7
酋长,7
出格,7
好下场,7
혼,7
실,7
태,7
哪座,7
拉拉队,7
搞完,7
这票,7
全心,7
随风而去,7
兰花草,7
兰花,7
刘效松,7
郎梓朔,7
邢晏侨,7
太天真,7
螳臂当车,7
恐惧症,7
深山,7
归西,7
打扑克,7
勾结,7
떻,7
讨嫌,7
예,7
남,7
담,7
신,7
拿过,7
认个,7
翅,7
我穷,7
ཛ,7
一坐,7
条狗,7
不分青红皂白,7
你晓不,7
亮灯,7
福尔摩斯,7
技不如人,7
行让,7
沉默寡言,7
缓过,7
三口,7
不辞而别,7
心别,7
枝叶,7
冤,7
手指尖,7
癌细胞,7
金白银,7
聪明反被聪明误,7
今儿个,7
怯,7
起开,7
比比划划,7
畅饮,7
嘭,7
н,7
拉走,7
万事俱备,7
越痛,7
东到,7
一针见血,7
受难,7
簇拥,7
消融,7
轴承,7
角力,7
取决,7
驶入,7
倾向,7
阴郁,7
仰天大笑,7
晚辈,7
自我陶醉,7
太阳穴,7
眯眯眼,7
送花,7
服药,7
踏板,7
高香,7
所得,7
操行,7
名儿,7
忘得,7
一干二净,7
紧皱,7
现场直播,7
六天,7
干仗,7
挺不住,7
发小,7
用于,7
台球,7
耳钉,7
收缩,7
捉摸不透,7
晨风,7
几排,7
零零散散,7
甘蔗,7
敢动,7
派克,7
早睡早起,7
千百回,7
醉过,7
不留情,7
一段段,7
势如破竹,7
多不多,7
入围,7
孰是孰非,7
心细,7
包房,7
城外,7
去逛,7
换张,7
摇摆不定,7
难住,7
开采,7
提炼,7
发痒,7
来时路,7
问答,7
远山,7
盹儿,7
归去,7
用功,7
水墨,7
窝里横,7
没烧,7
几百块,7
一组,7
切忌,7
虎落平阳,7
别留,7
倒叙,7
单刀赴会,7
仇富,7
八音盒,7
单打,7
嫌疑,7
入耳,7
染料,7
肝脑涂地,7
牛肉面,7
小辫子,7
卫生间,7
肝胆,7
还长,7
皮赞,7
晏,7
羞,7
斧,7
诛心,7
万水千山,7
方方面面,7
研磨,7
傩,7
木剑,7
三十六,7
子民,7
降头,7
念咒,7
施法,7
糯米,7
刺刺,7
判官,7
小算盘,7
不恨,7
倒不如,7
阁下,7
南柯,7
保管,7
我以,7
提钱,7
情窦初开,7
财源,7
食材,7
利滚利,7
倍速,7
相加,7
号召,7
负罪,7
高呼,7
记事儿,7
积水,7
单单,7
血液循环,7
集装箱,7
交通工具,7
架上,7
生吞,7
不可否认,7
富强,7
伙食,7
原形,7
直冲,7
车底,7
我路,7
身家,7
有股,7
挣够,7
南坪,7
一股劲,7
加在一起,7
张靓颖,7
想分,7
嗓,7
我蒙着,7
狂人,7
描绘出,7
飞絮,7
天佑,7
单刀直入,7
披荆,7
外有,7
草低,7
万夫莫开,7
幽怨,7
横起,7
涛,7
利字,7
七侠五义,7
会服,7
拼命三郎,7
润泽,7
六十万,7
每一处,7
付之一笑,7
寒霜,7
自身难保,7
一拍即合,7
挥笔,7
换点,7
蒋,7
荒土,7
热吻,7
减慢,7
王嘉晟,7
微波炉,7
六边形,7
螺纹,7
画作,7
薄荷,7
琥珀色,7
海淀,7
车胎,7
吹掉,7
模棱两可,7
桃李,7
镁光灯,7
许过,7
示爱,7
堆乐高,7
船只,7
捆住,7
作画,7
加减乘除,7
撒手,7
寒意,7
两把刷子,7
缰绳,7
抄过,7
朝鲜,7
阿根廷,7
林像,7
格式化,7
对称,7
发笑,7
不务正业,7
大都会,7
德性,7
驾驾,7
门窗,7
暴乱,7
草稿,7
十一点半,7
说成,7
无穷无尽,7
傻掉,7
主人翁,7
毛巾,7
讨喜,7
车马,7
宴,7
宾客,7
校门,7
回力,7
空军一号,7
那买,7
义字,7
柔,7
打头,7
错位,7
金戈铁马,7
宝气,7
投篮,7
市长,7
读完,7
于五湖,7
宽敞,7
要收,7
以下犯上,7
捶背,7
通用,7
二次元,7
纸片,7
星月,7
接听,7
褪黑素,7
十斤,7
发点,7
比尔,7
独善其身,7
无中生有,7
垂,7
一季,7
漂流瓶,7
书架,7
烟纸,7
典故,7
幻,7
飘忽,7
会带,7
大队,7
枝芽,7
ヒ,7
无精打采,7
漫画书,7
笑而不答,7
驾着,7
水火,7
我载,7
共进,7
候场,7
蜀道难,7
欧冠,7
大会,7
黄头发,7
作乐,7
群聊,7
平衡点,7
高声,7
赤手空拳,7
严打,7
笔锋,7
太醉,7
嚎叫,7
达摩,7
狼藉,7
天崩,7
重出江湖,7
混口饭,7
万贯,7
古龙,7
纹个,7
姿,7
转折点,7
无存,7
神通,7
安康,7
冰岛,7
双击,7
电瓶车,7
伸舌头,7
路遥知马力,7
美颜,7
有点烦,7
大舅,7
扯蛋,7
坚果,7
身正,7
隐隐约约,7
一大帮,7
圈钱,7
保卫战,7
差钱,7
借力,7
声名,7
还记,7
路漫漫其修远兮,7
惊扰,7
崇尚,7
哭脸,7
世外桃源,7
壳里,7
中为,7
值得纪念,7
暖流,7
养家糊口,7
明修栈道,7
狗贼,7
看扁,7
周日,7
手摇,7
一车,7
思乡,7
落成,7
籍贯,7
最烈,7
脚踏车,7
信人,7
天龙八部,7
乡里,7
默默耕耘,7
轻重缓急,7
没红当,7
受气,7
纪念品,7
阔绰,7
握花,7
电影票,7
说心里话,7
交手,7
长大成人,7
很傻,7
几近,7
花过,7
没好,7
尘烟,7
赤着,7
我离,7
微商,7
仰天长啸,7
要犯,7
想办,7
选对,7
天外天,7
拜年,7
岛上,7
不遗余力,7
进门,7
坡度,7
加注,7
多爽,7
连网,7
暴都,7
怂管,7
倒势,7
马头琴,7
雁,7
辞藻,7
寒夜,7
送行,7
誓要,7
麦屯,7
捡钱,7
胡言,7
漏气,7
麦迪逊,7
弹孔,7
中西部,7
惊慌失措,7
花色,7
以和为贵,7
一条线,7
铭心,7
寄存,7
重注,7
没牌,7
腾路,7
家宴,7
基德,7
额外,7
神偷,7
装好,7
不乖,7
一划,7
赢回,7
拧开,7
骄纵,7
累计,7
最小,7
白日做梦,7
卡头,7
王中王,7
火车头,7
装束,7
言一语,7
丸哥教,7
家和院,7
其宗,7
带式,7
打桩机,7
当劣币,7
德雷克斯勒,7
滑翔翼,7
眶,7
每一稿,7
报之以,7
人心所向,7
用爱盖,7
未报,7
仇为,7
归神,7
辫花,7
当炮灰,7
每一辑,7
环顾四周,7
抑郁症,7
洗碗,7
搏击,7
爬个,7
成大器,7
开满花,7
飞儿,7
慢悠悠,7
嘶哑,7
两地,7
零零,7
点来,7
滴进,7
波罗蜜,7
提拔,7
印儿,7
电线杆,7
骑着马,7
太花,7
唇印,7
有模,7
噉,7
緊到,7
賬,7
尘埃落定,7
停手,7
都給,7
軒尼詩,7
闆,7
聚到,7
改天,7
消費,7
還要,7
頭,7
雪糕,7
不忿,7
旷课,7
成交,7
我得,7
底盘,7
人士,7
相配,7
姜文,7
接替,7
大队长,7
琥珀,7
很脏,7
个例,7
快别,7
爱死,7
极意,7
ˋ,7
雷猴,7
诸侯,7
红着脸,7
木已成舟,7
报忧,7
氮气,7
耳后,7
长胖,7
捕风捉影,7
铺子,7
成双成对,7
液,7
走回头路,7
美好时光,7
太烫,7
上开,7
棉麻,7
橘黄色,7
差评,7
闭不上,7
姘头,6
有多美,6
牵到,6
辣果,6
没去,6
侵犯,6
清汤寡水,6
舌条,6
不顶,6
坦途,6
瞭望,6
交友,6
袁,6
榻榻米,6
进大,6
栓,6
黑曼巴,6
挺过,6
同袍,6
我待,6
能行,6
倡议,6
抵不住,6
会活,6
不收,6
自控力,6
最稳,6
唐山,6
阁,6
福州,6
嘶,6
求神,6
趾高气昂,6
侵权,6
决不会,6
总怪,6
却成,6
贴合,6
鞭策,6
我的確,6
看不見,6
霧,6
時鐘,6
冷场,6
福尔,6
非卖品,6
有话直说,6
勒少来,6
甩起,6
惹不起,6
麋鹿,6
没教,6
便秘,6
设成,6
献媚,6
碑文,6
碧眼,6
后生可畏,6
점,6
躺进,6
高跷,6
滴遍,6
伸进,6
眼圈,6
ᴅ,6
最牛,6
补上,6
家后,6
辫儿,6
做爱做,6
离合器,6
会理,6
看花,6
故土,6
葱葱,6
振动,6
更快,6
那台,6
太香,6
理想国,6
迈入,6
那装,6
复读机,6
音域,6
考察,6
经年,6
化身为,6
哥布林,6
法老王,6
古墓,6
侃爷,6
墨西哥,6
最痛,6
水蟒,6
咬帆,6
落伍,6
恭候,6
一颗颗,6
便衣,6
建了,6
开进,6
远海,6
撩起,6
韧带,6
振兴中华,6
一进,6
课文,6
如梭,6
包抄,6
火在,6
迟迟,6
走后,6
伯爵,6
芝士,6
想红,6
植发,6
脚地,6
油腔滑调,6
区别对待,6
头脑发热,6
剔除,6
一阵阵,6
比得上,6
还债,6
天高地厚,6
大师级,6
举到,6
高中毕业,6
没指望,6
干不掉,6
八岁,6
龙潭虎穴,6
撾,6
会梦到,6
咯痰,6
蓄电,6
地产商,6
句词,6
弹气弹,6
子马,6
光要,6
烂棋,6
比三全,6
盖床,6
个瓜,6
但太多,6
防盗,6
自吹,6
巴光,6
酒要,6
没剪,6
沙光,6
还会纱,6
爪过,6
冒虚,6
吃霉,6
莫眼,6
高嗦,6
虐,6
想成,6
两家,6
满人,6
眨巴,6
退位,6
屋里人,6
出头鸟,6
虾子,6
眼子,6
阿曼,6
灾,6
陈老师,6
哀四杏,6
重聚,6
语气词,6
ꑟ,6
ꏁ,6
ꐺ,6
ꊋ,6
墙门,6
朝鲜族,6
릴,6
台湾省,6
民族团结,6
一家亲,6
臊,6
承受不住,6
牵涉,6
面相,6
古诗,6
跑腿,6
转到,6
读取,6
搓麻,6
毕节,6
嚷,6
这所,6
当家人,6
喉咙痛,6
等等等等,6
李外,6
些小,6
酒瓶子,6
下象棋,6
交枪,6
面在,6
完完全全,6
凯尔特人,6
大不大,6
看不顺眼,6
存心,6
厚厚的,6
耗着,6
再放首,6
编配,6
最骚哩,6
沫子,6
蘇柏曼,6
仲有,6
分得,6
不虚此行,6
库尔勒,6
互相帮助,6
菌,6
叙,6
烧饼,6
梅花鹿,6
炙烈,6
潮水般,6
娇,6
张兆婧,6
李宗远,6
敢花,6
泛,6
托付,6
补个,6
部署,6
不善言辞,6
大都市,6
掩盖住,6
羽墨,6
眉笔,6
瓜货,6
神伤,6
匹马,6
眼不见,6
一说,6
救死扶伤,6
别揽,6
几面,6
海关,6
扮成,6
笑面虎,6
伪善者,6
无须,6
老骥伏枥,6
长眠不起,6
爱奇,6
别当真,6
特长,6
笨手笨脚,6
嗤之以鼻,6
山包,6
帽子戏法,6
干着,6
办公,6
胶囊,6
盛典,6
亲戚朋友,6
四合院,6
看山,6
树梢,6
之军,6
入画,6
叫嚷,6
进军,6
搅浑,6
碰嘛,6
沉底,6
眉间,6
张灯结彩,6
一年到头,6
不像样,6
孜然,6
尹岳洋,6
胡清文,6
偷天换日,6
더,6
미,6
胆小如鼠,6
黄宇希,6
搵,6
起先,6
未够,6
美在,6
可憎,6
鼻息,6
大发慈悲,6
先下,6
天来,6
美色,6
三遍,6
小不点,6
金桥,6
大船,6
托窍办,6
河北区,6
噔,6
广播电台,6
一把手,6
揉成,6
孩子王,6
卖惨,6
长滩,6
吊带,6
备用,6
王八蛋,6
有肉,6
很纯,6
场边,6
刻化,6
胎神,6
梳妆打扮,6
连载,6
湖广,6
柏林,6
下饭,6
当伏,6
钢化,6
钻哥,6
疯过,6
这地,6
身缠,6
努力奋斗,6
随到,6
汉尼拔,6
冷暖自知,6
三零戴,6
三万英尺,6
几十万个,6
乐色,6
阿祖,6
牧民,6
白娃,6
腊,6
化缘,6
行话,6
雪豹,6
转晕,6
九少来,6
化茧,6
杀猪,6
陈伯,6
澳洲,6
逗是,6
你晓不嘛晓不嘛晓不嘛晓不嘛,6
当官,6
痛藏,6
白跑,6
吐个,6
惨咯,6
以防万一,6
体脂,6
飞咯,6
数个,6
天冷,6
洁白无瑕,6
将帅,6
炮灰,6
如日中天,6
官硕,6
貂皮,6
冰棍,6
锅包肉,6
寄居蟹,6
云爸,6
凉山州,6
亲密关系,6
右腿,6
小店,6
愤恨,6
表率,6
开拓者,6
霸凌,6
语录,6
狗眼看人,6
短片,6
猥琐,6
沉迷在,6
心灵感应,6
打赏,6
演过,6
默片,6
机让,6
赌命,6
一万遍,6
捷达,6
陈奕迅,6
当给,6
特立独行,6
嘉,6
塔尖,6
眼珠子,6
老想,6
铅球,6
家徒四壁,6
吴孟达,6
会发,6
忘过,6
小菜,6
黑箱,6
刁民,6
暴君,6
发春,6
漱口杯,6
锦衣,6
姑爷,6
平生,6
迷漫,6
低吟浅唱,6
照射到,6
刚健,6
高耸,6
不规矩,6
冷掉,6
才智,6
铮铮铁骨,6
叙说,6
当不起,6
他学,6
纪念章,6
心理准备,6
课后,6
时限,6
榜首,6
一无所知,6
子文,6
狗屎运,6
天儿,6
憋住,6
感兴趣,6
萧萧,6
朝气,6
要素,6
收放,6
保命,6
千军,6
红茶,6
对味,6
白骨,6
凄惨,6
捎去,6
扇风,6
痛好,6
戴眼镜,6
乱咬,6
撕破脸,6
碎掉,6
三圈,6
水装,6
原材料,6
得治,6
切多,6
撇点,6
糙练,6
中缝,6
呼图壁,6
舒服些,6
科尔顿,6
面嗦,6
自始至终,6
蝇头小利,6
退学,6
谈笑风生,6
提前准备,6
一家子,6
停当,6
好几口,6
电报,6
分配,6
产生误会,6
忙里偷闲,6
字正腔圆,6
脚趾,6
脏别,6
婆婆妈妈,6
温州,6
烧伤,6
发的牌,6
维秘,6
如钟,6
独角,6
罢手,6
综合,6
丞,6
扫除,6
逛遍,6
课桌椅,6
我爷,6
踏碎,6
商家,6
吟诗,6
盘儿,6
贯通,6
脾胃,6
酒窖,6
难以置信,6
三百六十度,6
独一,6
漏电,6
富贵荣华,6
位面,6
猛犸象,6
垫脚,6
另一只,6
万宝路,6
不用谢,6
水蒸气,6
风能,6
小草,6
干爆,6
七百,6
米缸,6
好几种,6
烟蒂,6
冬兵,6
晚一点,6
邻里,6
と,6
去触,6
冰糖,6
截然不同,6
心累,6
冷面,6
达尔文,6
嫁衣,6
掏耳渣,6
记儿,6
蚂,6
爲,6
痛才,6
常会,6
怄气,6
样板,6
越高,6
左眼,6
牛顿,6
逛过,6
大把大把,6
衔,6
浪客,6
更稳,6
枯藤,6
仙子,6
客在,6
报刊,6
放给,6
时长,6
类比,6
血洗,6
至高无上,6
撩拨,6
重度,6
临界点,6
过重,6
爬妮,6
山顶洞人,6
记倒,6
举步维艰,6
压死,6
电玩,6
必胜,6
呱是,6
省吃俭用,6
脱臼,6
蛮不讲理,6
爆裂,6
胜算,6
雁无归,6
双鬓,6
远望,6
一弯,6
四散,6
水来,6
兵荒马乱,6
离乡,6
尸首,6
马匹,6
迫害,6
首领,6
地被,6
包罗,6
过大,6
黑漆漆,6
开发商,6
太瓜,6
日志,6
三楼,6
门徒,6
够格,6
游刃,6
接力赛,6
一棒,6
稳坐,6
管求,6
输到,6
管辖,6
冷暴力,6
水深,6
黑吃黑,6
白鲢,6
三国演义,6
披巾,6
死切,6
吼成,6
钻配,6
懂起,6
协调,6
讨巧,6
偷奸耍滑,6
请假,6
无良,6
耍赖皮,6
拼着,6
三五成群,6
装狠,6
急于,6
拉黑,6
黄果树,6
一听,6
混血,6
回屋,6
嘴皮子,6
铁窗,6
勇敢的人,6
轿子,6
我付,6
头数,6
劳伦,6
确切,6
碧绿,6
枭雄,6
爽文,6
自爆,6
过出,6
向导,6
临危不惧,6
奋勇,6
刘默,6
教养,6
施暴,6
倚靠,6
热巴,6
石榴,6
恶名,6
子弹头,6
麻绳,6
名称,6
报不完,6
聪慧,6
留退路,6
布鞋,6
乔杉,6
花俏,6
塔尔,6
最野,6
充值,6
打好,6
高额,6
三星堆,6
为人正直,6
大义凛然,6
按压,6
迅雷不及掩耳之势,6
切耍,6
快切,6
弄弄,6
久别重逢,6
衷心,6
跳段,6
乌蝇,6
超超,6
爬满,6
没得装,6
往事如烟,6
切喝,6
拥护,6
全责,6
摆摊,6
官儿,6
挑食,6
舍我其谁,6
妙笔,6
视死如归,6
幸运地,6
爱马,6
国土,6
称头,6
五角钱,6
他点,6
几片,6
南河头,6
试一哈,6
狗胆,6
吓破,6
越整,6
整找,6
面巴起,6
天呆家头,6
妹人,6
长帅,6
打屁,6
伙当,6
两火,6
切戒,6
网所,6
弄瓜,6
绷哈,6
真瓜,6
多狗,6
像层,6
你婆,6
歌火,6
意见箱,6
我切府,6
去乎,6
竞品,6
洗哈,6
烟缸,6
谢大,6
喃安,6
禁不起,6
用处,6
长裤,6
闯红灯,6
花绽放,6
咔角角,6
皮托,6
香港脚,6
七点钟,6
金典,6
莫眶,6
慌录,6
想浪,6
鸽鸽,6
老果果,6
风心,6
没趣,6
只点,6
逃犯,6
喽啰,6
拨号,6
怵,6
轰隆,6
年年有余,6
没车,6
五万,6
下楼去,6
禅,6
同道,6
照抄,6
范畴,6
最爽,6
挨刀,6
竖立,6
就义,6
读错,6
原地待命,6
重影,6
夜长梦多,6
乌龙,6
闻鸡起舞,6
淡然,6
货物,6
早变,6
武侯,6
挑个,6
代志林北,6
误以为,6
傻人,6
熊心,6
伸向,6
精神支柱,6
生不如死,6
电话亭,6
歌开,6
突击,6
料子,6
梅子,6
分队,6
希尔顿,6
黄嘉慧,6
緊,6
黑当风,6
黄灯,6
全凭,6
部门,6
旗袍,6
出乎预料,6
蝉联,6
摇一摇,6
涂点,6
距离远,6
老赖,6
红宝石,6
调剂,6
水浒,6
变黑,6
掀不起,6
避暑,6
藏宝图,6
沒法,6
桖,6
真爽,6
十八般武艺,6
风流债,6
几台,6
卸甲,6
我儿,6
几百种,6
派大星,6
等同,6
突击队,6
最低谷,6
作案,6
烧满,6
铁盒,6
陈卓,6
气盛,6
演到,6
逝,6
虎虎生风,6
移形,6
冲得,6
爱答不理,6
调查,6
鱼子酱,6
邮寄,6
怨气,6
矫揉造作,6
光膀子,6
八万,6
宏,6
辞退,6
从从容容,6
狭路相逢,6
盘腿,6
宣战,6
完面切,6
一码,6
发怒,6
栽倒,6
揭幕,6
没胆,6
开衫,6
中环,6
多罗,6
加单,6
哥俩,6
上柱,6
流水账,6
卡路里,6
一语,6
天下兴亡,6
能断,6
独行侠,6
孝顺,6
兴亡,6
零星,6
遥,6
杜梦,6
甩棍,6
面卖,6
标标,6
上纪,6
际遇,6
几行,6
电是,6
太扎心,6
再累,6
家请,6
呆住,6
催得,6
屏拼,6
几米,6
太细,6
闪购,6
护体,6
原野,6
圈点,6
这太劲,6
闲着,6
坠子,6
蓬莱,6
必不可少,6
霹,6
霹雷,6
轰藏,6
中演,6
棚帅,6
啃到,6
开业,6
特邀嘉宾,6
燥出,6
下边,6
柳岸,6
共合,6
完戏,6
闯黑,6
几刀,6
电到,6
宅宅宅,6
尖庄,6
有如,6
零零碎碎,6
用刀,6
太大别,6
劣汰,6
走汗,6
真不错,6
离世,6
人机,6
血盆大口,6
吐沫,6
指点江山,6
怪天怪,6
莱文,6
鸭哥,6
昂昂,6
扮猪,6
过街老鼠,6
长进,6
连忙,6
咳得,6
皇城,6
乱了套,6
三块,6
走下坡,6
善待,6
猫叫,6
办卡能,6
头为,6
三亿,6
平凡人,6
只见,6
듣,6
阶上,6
北纬,6
乡野,6
笛声,6
静安区,6
合租,6
改行,6
一家独大,6
王人青,6
张乐,6
陈琦沅,6
升腾,6
鲁,6
太入,6
人见人爱,6
子圆,6
行舟,6
铁锤,6
犯险,6
能治好,6
暗黑,6
小毛驴,6
平权,6
演义,6
第六版,6
现代汉语,6
男盗女娼,6
男尊女卑,6
男字,6
词共,6
女字,6
精子,6
例句,6
卑鄙无耻,6
女女,6
判罚,6
草甸,6
拟定,6
挤爆,6
醉倒,6
辛辣,6
阿克,6
业障,6
讲理,6
错得,6
警官,6
摔心,6
残缺不全,6
素颜,6
父权,6
劲脆,6
说漠,6
辣味,6
童劲脆,6
流了泪,6
纵横驰骋,6
皆准,6
搭心,6
搏动,6
口服液,6
心即,6
火山口,6
归往,6
呼吸器,6
既得,6
开化,6
亲骨肉,6
原由,6
孟宇,6
一时间,6
多着呢,6
采集,6
露茜茜,6
种类,6
双双,6
酣醉,6
空心,6
想醉,6
骚客,6
诗酒,6
不为五斗米折腰,6
葛洛夫,6
彪马,6
安大魂,6
魂飞魄散,6
不胜,6
る,6
司不爱,6
攒着,6
市侩,6
秋水,6
醉樽前,6
就断,6
头骨,6
奏折,6
拂去,6
败兵,6
整瓶,6
浇筑,6
感慨万千,6
自若,6
撩菜,6
红中,6
看勿惯,6
梅威瑟,6
乃伊组,6
狗窝,6
气人,6
棺里,6
开智,6
写段,6
侪像,6
曹家渡,6
初额,6
额伐止,6
草花,6
头额,6
几则,6
句额,6
老撒度,6
笃册,6
来额,6
神知,6
胡知,6
勿要,6
一席,6
帆布鞋,6
深到,6
报平安,6
顏色,6
封閉,6
郁可,6
维维,6
两三行,6
脂粉,6
孵,6
哪项,6
不忘佛,6
逗霸,6
脸会变,6
问嘎哈昂,6
ꃆ,6
ꃴ,6
ꋻ,6
ꂮ,6
ꇰ,6
ꀒ,6
ꃪ,6
ꆧ,6
ꊸ,6
索玛花,6
ꐛ,6
ꎹ,6
一義胜合,6
富华,6
ꎔ,6
吼哈,6
人开,6
操办,6
信会,6
怪里怪气,6
辍过学,6
云涌,6
灵风,6
道雀,6
众目睽睽,6
勺儿,6
永垂,6
古往,6
何彦霄,6
上活,6
汗血,6
奶其,6
比高,6
田碧川,6
两三斤,6
谷子,6
张九龄,6
不趟,6
虱子,6
爱动,6
香风,6
首脑,6
和样,6
肝装,6
五捧花,6
重来次,6
恰恰舞,6
拗卵,6
燕尾服,6
敲到,6
十狮,6
味素,6
尿海别,6
抽龙筋,6
喝龙血,6
混吊,6
琛,6
爱鲲,6
死就死,6
冰燎,6
病从口入,6
符来,6
怒沸,6
未禾,6
周浩,6
老将,6
上合,6
毕其功于一役,6
叫帅,6
옆,6
现实斗争,6
器材,6
新地带,6
安帅,6
管耍,6
吃断,6
腕会,6
玉素甫,6
玉观音,6
起要,6
形勒樣,6
點苦頭,6
破命運,6
詛咒,6
新車,6
備案,6
惡靈,6
潰散,6
還有裝,6
市場,6
田和音,6
奥吉鱼,6
罗裳,6
不睬,6
扭扭,6
飘舞,6
后妈,6
纸叠,6
住处,6
大宝,6
赵滢,6
惠民,6
倒放,6
ñ,6
ń,6
条例,6
煞费苦心,6
青筋,6
看才,6
无迹可寻,6
空穴来风,6
林胜,6
观众席,6
富丽堂皇,6
可比性,6
湫,6
登高望远,6
浪口,6
人一多,6
几十个,6
撒欢,6
寒颤,6
太醉别,6
辞职,6
关关,6
手切,6
铁头,6
李逵,6
月季,6
顾帅,6
陆思恒,6
翟潇闻,6
赵政豪,6
ม,6
ไ,6
肥美,6
信物,6
玩去,6
改制,6
愿真爱,6
有朋自远方来,6
废书,6
拜三拜,6
尖峰,6
六粒,6
考到,6
非池中物,6
勾走,6
轩尼水,6
包下,6
坐坐,6
拍响,6
焦虑症,6
青梅竹马,6
苦要,6
滇池,6
安打安,6
窟,6
林宝,6
共同努力,6
잖,6
周恩来,6
一百周年,6
红是,6
猛龙过江,6
酸溜溜,6
半关,6
窗卸,6
俩眼,6
皇甫少华,6
霍尔果斯,6
曾共渡,6
飘泊,6
已静下,6
剩一晚,6
鼠草,6
愈加,6
邦德,6
早去早回,6
脸变,6
万恶,6
通行证,6
拟人,6
吸粉,6
此起彼伏,6
压个,6
新老交替,6
鸡尾酒,6
王力宏,6
被褥,6
我无语,6
一人份,6
认领,6
允诺,6
不爱读,6
坠坠,6
一瓣,6
几通,6
合则,6
恒,6
只鸟,6
漠,6
莱特,6
铁骨铮铮,6
边关,6
第三季,6
聚义,6
延安,6
四分之一,6
巩玮平,6
羽,6
曹仕军,6
支队,6
风炎,6
韶华,6
一触,6
初遇,6
挺身而出,6
回敬,6
头牌,6
温婉,6
绛,6
灌晕,6
万宁,6
太烦,6
潇潇,6
咖让,6
己任,6
坚如磐石,6
碎花,6
钢枪,6
增多,6
惊叹号,6
英杰,6
风流人物,6
牟利,6
比快,6
尖端,6
勒住,6
脏东西,6
我气,6
血雾,6
深耕,6
所謂,6
真實,6
破风,6
老美,6
拥吻,6
有活,6
谁他妈,6
泛红,6
奇思妙想,6
邮差,6
军歌,6
别当,6
动弹,6
无的放矢,6
海螺,6
菜谱,6
传输,6
千纸鹤,6
沧海一粟,6
葵花,6
牛郎,6
哥腰,6
灰头土脸,6
文青,6
公社,6
绿茵,6
黯然,6
连饭,6
破破烂烂,6
分比下,6
正唱得,6
几十米,6
木棍,6
那层,6
挺进,6
避风,6
和稀泥,6
我想养,6
杀回,6
风力,6
巨棒,6
稀里糊涂,6
永康,6
几星期,6
好酷,6
栓着,6
不传,6
一落,6
寺,6
吆喝,6
高街,6
北到,6
酸菜,6
成茧爱,6
点快,6
京,6
桃,6
缺人,6
传世,6
山传,6
寓言,6
回想起来,6
菜刀,6
剃头,6
封条,6
打得火热,6
吃光,6
要脸,6
断句,6
提溜,6
月底,6
车位,6
吃不上,6
点小烟儿,6
白些,6
白捉,6
白放住,6
光想,6
姜戈,6
曼森快,6
看丧,6
圾,6
八十岁,6
四针,6
满载而归,6
冷饮,6
很会,6
畸形儿,6
里心,6
地洞,6
载满,6
丛生,6
淡去,6
掉下去,6
命名,6
洗头,6
生肖,6
开豪车,6
望江楼,6
露珠,6
大佛,6
朴鲨,6
悴,6
仙外,6
仙爱,6
泥人,6
当仙外,6
尖尖,6
几代,6
尽收,6
散散心,6
臭味相投,6
三环路,6
钱权,6
兔崽子,6
爹和娘,6
订单,6
超时,6
飘移,6
缓和,6
饶过,6
墙纸,6
空难,6
只字不提,6
包哥,6
开张,6
我明,6
真烦,6
遭遭,6
保准,6
滚出去,6
缸子,6
干得,6
不困,6
歹歹,6
歹是,6
听候,6
夺取,6
蛇毒,6
内包,6
野火烧不尽,6
似懂非懂,6
一提,6
保健,6
臭河,6
北海,6
我何,6
吭声,6
원,6
主子,6
单薄,6
共赴,6
列祖列宗,6
吃货,6
因克,6
照照,6
指头,6
防范,6
获罪,6
大熊,6
爆红,6
져,6
游动,6
转一转,6
红过,6
缺爱,6
个夜,6
百孔,6
拔葱,6
煞红印,6
忙活,6
没跑,6
好象,6
广告歌,6
越久越,6
考斯基,6
采着,6
心更野,6
裱,6
时二零年,6
走来走去,6
拍些,6
纪实性,6
分点,6
数千年,6
槐柏,6
小号手,6
噘,6
弛放,6
两万步,6
过街天桥,6
二零二二,6
椰林,6
躺下来,6
酬谢,6
颠着,6
步姿,6
甭说,6
不早不晚,6
如雨挥,6
存盘,6
既往不咎,6
请换个,6
设施,6
事过,6
漫画家,6
迅速行动,6
完四,6
洗洁精,6
张衡,6
地动仪,6
新一期,6
瓷读,6
博尔赫斯,6
鲁米,6
玉女,6
金童,6
谢意,6
薄比,6
多比,6
冷藏室,6
宇宙射线,6
天鹅座,6
没着没落,6
返程票,6
效用,6
轻生,6
论及,6
毫无疑义,6
九棵树,6
完海,6
搓成,6
鸽群,6
无愧于心,6
怂人,6
称得上,6
好饭,6
三网,6
没捕,6
十三天,6
病情恶化,6
滚筒,6
目光炯炯,6
陨石坑,6
第七次,6
笑掉大牙,6
一笑置之,6
水土流失,6
妙极了,6
深明,6
明大义,6
推而广之,6
防治,6
打远光,6
风土人情,6
天谈,6
每本,6
衰杀,6
马特们,6
水漂,6
玩儿完,6
罄竹难书,6
有树,6
没树,6
经度,6
双重性格,6
受用终身,6
勘探,6
不迟,6
致力于,6
陀思妥,6
耶夫斯基,6
该投,6
我降,6
海象,6
灌见,6
肝儿,6
花上,6
前程万里,6
海洋馆,6
乞力马扎罗山,6
呜受,6
交一交耍,6
原以为,6
战犯,6
默不作声,6
胡海泉,6
还会来,6
家书,6
山脊,6
惦念,6
死心,6
宽广,6
留憾,6
童言,6
秉持着,6
穷年,6
遣词,6
手稿,6
服装店,6
搞坏,6
柴米,6
台南,6
這是,6
王老五,6
蕾丝,6
氤氲,6
老实人,6
上散,6
中仁,6
客有,6
不分场合,6
膝下,6
挣大钱,6
低音炮,6
花季,6
出走,6
王家卫,6
チ,6
フ,6
ェ,6
ス,6
ル,6
汚,6
心妹,6
厮儿,6
手动,6
左键,6
右键,6
狂遭,6
鲍爱如,6
杀拢,6
钓鱼岛,6
寒窗,6
揪心,6
喝咯,6
脱咯,6
胸大,6
群发,6
有违,6
彷,6
彿,6
之初,6
躺卧,6
羞愧难当,6
想夜,6
患有,6
炎症,6
甜梦,6
上蜡,6
嘶喊,6
保护主义,6
云外,6
气候学,6
心甜人,6
石梓,6
孙一涵,6
吕翼,6
娆,6
冲浪板,6
菠菠,6
战局,6
过目不忘,6
气压,6
燕窝,6
必定会,6
小道消息,6
全校,6
义务教育,6
死忠,6
箱底,6
灵气,6
山穷水尽,6
三二一,6
执笔,6
位请,6
防空警报,6
金榜题名,6
擦汗,6
残垣断壁,6
寂灭,6
天通,6
众叛亲离,6
嗷嗷,6
杨佬,6
袋里,6
展柜,6
我眼,6
行善,6
罚酒,6
烧卖,6
延到,6
遇水,6
赚满,6
县,6
轮子,6
水电,6
孝道,6
馆儿,6
食客,6
旋,6
单身公寓,6
有限责任,6
台北市,6
广陵散,6
浑天,6
口吐白沫,6
柱香敬,6
求個,6
順,6
柱香拜,6
關聖,6
來財,6
反起,6
赤兔马,6
符來,6
真人真事,6
果瓜,6
更新换代,6
发高烧,6
斩杀,6
恶果,6
三镇,6
枪膛,6
二郎,6
誓死,6
分针,6
楼耀,6
讲卫生,6
努力做到,6
30%,6
橡树,6
总拨,6
疆界,6
几元,6
起脚,6
从勒,6
儿骗,6
踏出来,6
变差,6
認個門,6
旺來,6
一醉,6
哥要,6
羽绒服,6
不唱,6
过好,6
包夹,6
禁闭,6
好家伙,6
儿喊,6
几百米,6
小心眼儿,6
心掏,6
一首一首,6
唱响,6
第三段,6
合伙人,6
堆个,6
塔布,6
拿布瑞吉,6
八布瑞吉,6
眼皮子,6
小毛,6
花甲,6
参拜,6
巡游,6
啧啧,6
十二个,6
散財,6
藏到,6
童子,6
臉迎,6
發起,6
中要,6
江流,6
寸土寸金,6
鼓是,6
求雨,6
可逆,6
口水仗,6
撴,6
竹马,6
人行,6
甜蜜蜜,6
趟浑水,6
青少年,6
德国,6
神雕,6
交际花,6
飞是,6
鹌鹑,6
幻梦,6
锯,6
一斗,6
相貌,6
心裡,6
套个,6
灭种,6
猛是,6
最热,6
留起,6
皮革,6
常说,6
南北极,6
遵守规则,6
保全,6
下切,6
剑客,6
一等,6
杀害,6
半数,6
刮到,6
逗号,6
金额,6
杰伦,6
穷鬼,6
里开,6
安全区,6
枪法,6
竹子,6
下限,6
震耳欲聋,6
晃悠,6
言论自由,6
彼当,6
拿伐,6
吴多,6
老多红额,6
交关,6
年朗,6
拿度,6
射术,6
社,6
欧陆,6
柔里,6
我摊,6
一分货,6
还价,6
张帆,6
汉语拼音,6
中等,6
歪理,6
必败,6
步带,6
老掉牙,6
有多黑,6
绳,6
汉阳造,6
广州日报,6
满配,6
伙缴,6
童子军,6
红巨星,6
前记,6
不废力,6
混一挂,6
全办,6
后虑,6
干管,6
没定,6
赌个,6
皮壳,6
战后,6
离歌,6
产品化,6
宰羊,6
杀虫剂,6
端的,6
凶神恶煞,6
不出所料,6
爆料,6
黄绿,6
软柿子,6
刀叉,6
石棺,6
算到,6
欢留,6
种魔豆,6
扎旗,6
夜门,6
东北虎,6
波棱盖,6
摔破,6
俄地,6
南蛮,6
意为,6
改咯,6
倒计,6
蜂巢,6
先撒个,6
中凝众力,6
抽破大晖,6
压榨机,6
布拉吉,6
告谕,6
听铃铃,6
骚拿,6
这战,6
饭二敬,6
难哥,6
聪别,6
鬼怪,6
雨衣,6
过桥,6
莫港,6
伢子,6
星城,6
巅峰状态,6
踔,6
厉,6
总笑,6
厚爱,6
酒酒,6
阔气,6
划船,6
心才,6
信里,6
浏阳,6
一招一式,6
名表,6
我备,6
如期,6
出关,6
发福,6
撮,6
忧虑,6
武侠,6
长沙人,6
毑,6
精武门,6
娭,6
学海无涯,6
色即是空,6
当日,6
课间操,6
抵抗力,6
预示,6
神色,6
伤亡,6
敢唱,6
云别,6
漫无边际,6
肆意妄为,6
垂涎,6
诗书,6
多大别,6
连锁,6
紫气东来,6
花到,6
赖着,6
安居乐业,6
暗度陈仓,6
休,6
马王堆,6
东山再起,6
尺码,6
环岛,6
返航,6
王心凌,6
大鸟,6
暂别,6
局部地区,6
家境,6
不入,6
棉衣,6
全忘,6
全城,6
乔斯,6
游弋,6
化为灰烬,6
倒卖,6
佣人,6
石油,6
总七扭,6
八拐,6
要花,6
时予,6
王哥,6
三国志,6
通州,6
黑社会,6
ロ,6
人工智能,6
那扇,6
星人,6
学妹,6
胩,6
多岁,6
三缺一,6
点根,6
三围,6
连本带利,6
熄掉,6
拦下,6
底端,6
人海茫茫,6
极少数,6
只选,6
手到擒来,6
一块钱,6
露天,6
娇气,6
好菜,6
冲出去,6
震慑,6
一事,6
会见,6
远超,6
术业,6
再出,6
岳麓书院,6
上别,6
单杀,6
雄霸,6
可疑,6
拜神,6
卖身契,6
卖场,6
站不稳,6
锈了,6
百草,6
做礼拜,6
生了病,6
车把,6
乱入,6
雪中送炭,6
真枪,6
闽南,6
写断,6
门到,6
淮河,6
进贡,6
偃月,6
财运,6
学都学,6
仓,6
完花,6
风向标,6
鸡块,6
别笑,6
丰碑,6
废沙,6
我样,6
重特,6
兰大,6
KILL.1,6
孙启皓,6
史宗伦,6
能握,6
新桃换旧符,6
厚德载物,6
拳道,6
打野,6
百代,6
邮件,6
百里,6
不送,6
街坊邻居,6
上房,6
揭瓦,6
人唱,6
比武,6
射程,6
高姿态,6
投手,6
开盘,6
更想,6
色彩斑斓,6
电脑前,6
哪去,6
关口,6
阿玛尼,6
商业化,6
软绵绵,6
双膝,6
辗转难眠,6
投注,6
结了,6
派出所,6
论个,6
信天,6
腥风血雨,6
从何而来,6
难安该,6
那铁,6
挫骨,6
约法三章,6
晚期,6
不修,6
墙头,6
辅助,6
精锐,6
背过,6
真刀真枪,6
一筐,6
运输,6
填海,6
回炉,6
穿堂风,6
堪称,6
恰到好处,6
雪藏,6
体格,6
气炸,6
穷乡僻壤,6
聪,6
仓鼠,6
警觉,6
心里有数,6
撤销,6
牢骚,6
琳琅,6
发完,6
耳里,6
跌跤,6
单二娃,6
火砖,6
起票,6
一做,6
资治通鉴,6
上口秀个,6
二郎神,6
王羲之,6
一整片,6
掌权,6
没装,6
心如止水,6
伤感情,6
话里有话,6
多好,6
拍了拍,6
脸谱,6
大卫,6
那声,6
酷爱,6
哈人,6
下单,6
月薪,6
转为,6
鲁滨逊,6
带队,6
你系,6
排便,6
黑大,6
执,6
无权,6
家禽,6
几转,6
吃得起,6
李太白,6
玩窄,6
咬过,6
谈着,6
订做,6
凳,6
肠粉,6
塞住,6
凉爽,6
俚语,6
维达,6
啖,6
真系,6
无益,6
残粉,6
付诸,6
弥赛亚,6
根扎,6
该轮,6
促进,6
我体,6
系要,6
猜丁壳,6
五险,6
节奏感,6
水桶,6
寺院,6
炸开,6
建个,6
滴斯,6
计时器,6
三六九等,6
阳关大道,6
冬阴功,6
盖伦,6
滑步,6
筷,6
撚,6
套住,6
石化,6
三大,6
超快,6
把脉,6
先找,6
住宿,6
课程,6
今次,6
俊俏,6
六六,6
村帮,6
金星,6
份量,6
队来,6
积灰,6
同班,6
清洁工,6
眼想,6
姜太公,6
工作狂,6
同盟,6
熟读,6
军鼓,6
古今,6
实习,6
洞里,6
繁重,6
龟兔,6
东街,6
煎蛋,6
当水,6
京腔,6
录着,6
九品,6
芝麻官,6
张罗,6
点缀着,6
潜规则,6
新专,6
浴血奋战,6
包着,6
永世,6
强到,6
无愧,6
我强,6
无碍,6
花束,6
插入,6
光芒四射,6
林渝植,6
瞬息万变,6
百转千回,6
自摸,6
发白,6
喊停,6
三家,6
苦撑,6
开战,6
漫过,6
预估,6
工作人员,6
冷门,6
偏不信,6
妖姬,6
贼船,6
显山,6
扮酷,6
手带,6
太水,6
刀鞘,6
敢想敢干,6
乘胜追击,6
尖演,6
见怪,6
最次,6
酸味,6
暴露出,6
这人海,6
终其一生,6
禁地,6
雨淋,6
风卷,6
大将,6
弯弯的,6
推出,6
会开,6
每根,6
呼风,6
鹦鹉学舌,6
被遗弃,6
常伴,6
合身,6
寄来,6
大洋,6
装怪,6
猛士,6
千金难买,6
第一条,6
宏图,6
顶破,6
忘带,6
状,6
一声令下,6
七宗罪,6
花完,6
名扬天下,6
掐到,6
踩住,6
百分之九十,6
表来,6
新星,6
这波,6
挂点,6
阿森纳,6
银龙鱼,6
茶具,6
少许,6
导购,6
狂怒,6
吃完饭,6
双鱼座,6
万人迷,6
飞太高,6
郑伊健,6
喊出来,6
一万倍,6
像筑,6
人该,6
陀,6
珊,6
全心全意,6
十面埋伏,6
油锅,6
太矮,6
变向,6
法庭,6
诓,6
天灵盖,6
周董,6
社会底层,6
防风,6
惨剧,6
自来,6
东方不败,6
飞镖,6
博大,6
齐整,6
抗起,6
可敬,6
蓝鲸,6
华夏儿女,6
嘉萌,6
宽宏,6
七十年,6
李佳,6
献声,6
诗朗诵,6
哈达,6
几千公里,6
手写,6
落榜,6
耶路撒冷,6
阿姆斯特朗,6
厌世,6
前戏,6
没红,6
散台,6
缭乱,6
内存,6
何美延,6
飞流直下,6
肥皂剧,6
不泄气,6
盘盘,6
街道办,6
摇滚乐,6
压扁,6
黄老,6
顺到,6
留余地,6
屈膝,6
吉米,6
预设,6
玩儿命,6
神掌,6
趁火打劫,6
腰酸背痛,6
流行音乐,6
三十秒,6
厉不,6
甲级,6
裤头,6
节日快乐,6
赵晴,6
王星宇,6
里拉,6
展览,6
高仿,6
备,6
百口,6
草船借箭,6
皇叔,6
说道,6
数万,6
吹伴,6
擒,6
横扫千军,6
提过,6
两朗,6
匾,6
王可,6
进进出出,6
收听到,6
湖蓝,6
单接,6
扩大范围,6
诈唬,6
Б,6
П,6
м,6
у,6
ч,6
э,6
水乡,6
此去,6
感在,6
酒劲,6
蜂拥,6
诸多,6
辣酱,6
接待,6
棒球帽,6
护身符,6
破口大骂,6
上周,6
赶往,6
起雾,6
悲鸣,6
攒劲,6
双关,6
大红大紫,6
有多累,6
夏利,6
白莲花,6
看门狗,6
不嘛,6
正眼,6
腊月,6
发吐,6
表里,6
想留,6
太极拳,6
沾花惹草,6
献,6
提炼出,6
限,6
许多次,6
秃头,6
郁,6
红糖,6
南山,6
越有,6
镀,6
版块,6
烂词,6
海龟,6
痛仰,6
表态,6
无线,6
电车,6
入场券,6
生路,6
生个,6
魔头,6
霍霍,6
间接,6
炫耀着,6
势利眼,6
讽里,6
兽性,6
病开,6
一个样儿,6
光赖,6
名正言顺,6
论坛,6
拖入,6
编凑,6
选购,6
泄漏,6
自动挡,6
啧,6
嘴吐出,6
爱迪生,6
魔戒,6
夸下,6
结疤,6
初始,6
痂,6
道菜,6
那哥,6
没拿到,6
一言九鼎,6
鹿晗,6
富兰克林,6
收银台,6
对口型,6
仲夏,6
哈登,6
难耐,6
脚跟,6
假眼,6
从今天起,6
莽夫,6
到此结束,6
现过现,6
蓉城,6
米兰,6
点后,6
正负,6
再痛,6
子些,6
签不完,6
推子,6
扫个,6
行政,6
大床,6
抽根,6
预防,6
狐臭,6
吊胃口,6
洗完,6
摇尾乞怜,6
有前,6
囊中,6
做首,6
亲眼看到,6
唱出来,6
油渍,6
挠,6
小天鹅,6
包花,6
用不来,6
男模,6
难说,6
叶紫,6
必中,6
不紧,6
分不出,6
汤米秋,6
折射,6
中规中矩,6
乐山,6
手腕带,6
照哈,6
再切,6
跳不出,6
香精,6
商务车,6
自燃,6
生涩,6
郭德纲,6
提了,6
敦豪,6
指缝,6
够买,6
起想,6
节假日,6
背部,6
从今往后,6
深水,6
冷热,6
诊所,6
上句,6
酒席,6
坐稳,6
很挤,6
外环,6
橄榄枝,6
背包客,6
所属,6
保驾护航,6
八句,6
第一件,6
剂,6
欠债,6
带伞,6
北境,6
刺头,6
魔女,6
微亮,6
美好生活,6
惊魂,6
好久好久,6
下葬,6
不足为奇,6
笑眯眯,6
截获,6
文物,6
烟嘴,6
臀部,6
安分守己,6
出了名,6
在理,6
颁,6
我办,6
掺假,6
烧烧,6
旧时代,6
猛禽,6
出发点,6
散射,6
未免太,6
水星,6
利欲熏心,6
敌视,6
篆刻,6
硬伤,6
三位数,6
固执己见,6
大有人在,6
盛行,6
热切,6
嬉笑怒骂,6
全线,6
远大于,6
再放,6
山东省,6
武士刀,6
七位数,6
别玩,6
中世纪,6
避难所,6
俗粉,6
错别,6
彩色笔,6
安眠,6
赚来,6
再争,6
临走前,6
看不下去,6
那支,6
调色板,6
千米,6
栏,6
慢动作,6
敲诈,6
卖价,6
少花天,6
置身于,6
红地毯,6
á,6
坐船,6
唐朝,6
聊骚,6
쳐,6
손,6
저,6
불,6
취,6
끝,6
感人,6
行大运,6
笃信,6
七嘴八舌,6
降下,6
逮落,6
提倡,6
门后,6
体感,6
痛感,6
无所顾忌,6
上全,6
动脑子,6
熬不过,6
骄,6
免提,6
最高峰,6
倦意,6
几秒钟,6
家财万贯,6
触手可及,6
杜绝,6
红豆,6
当头炮,6
小儿,6
停车场,6
闷儿,6
妥善,6
十字,6
大鼓,6
佑,6
功效,6
泄,6
儿戏,6
乱动,6
阳关道,6
重峦叠嶂,6
说句实话,6
撑不下去,6
囚徒,6
怔,6
大言不惭,6
有变,6
安全帽,6
吃喝玩乐,6
好会,6
果敢,6
不直,6
盖儿,6
保住,6
点题,6
斗转星移,6
愿景,6
忆起,6
积,6
菩提,6
叫床,6
山腰,6
老少,6
慎言,6
好险,6
高粱,6
衣冠,6
克哈,6
放下屠刀,6
石像,6
妖言惑众,6
悬空,6
摄氏度,6
一臂之力,6
隐居,6
鱼死网破,6
事已至此,6
多说无益,6
去路,6
临死,6
杨成,6
熙,6
庸才,6
来者,6
几载,6
龙凤,6
就战,6
灭绝,6
往下掉,6
古板,6
招行,6
云霞,6
短发,6
指出,6
无量,6
阳间,6
同病相怜,6
冤案,6
驸马,6
妻儿,6
叩拜,6
修为,6
索命,6
血海,6
轻纱,6
华,6
关张,6
过来人,6
诺,6
莫非,6
加微信,6
眼炮,6
外皮,6
补刀,6
执迷,6
男生女生,6
当风,6
意料中,6
气血,6
并驾齐驱,6
分红,6
斯塔,6
璎珞,6
大爱,6
无疆,6
药丸,6
投掷,6
有错,6
博取,6
麦芽糖,6
除根,6
达标,6
公民,6
学太乖,6
硬盘,6
注销,6
热忱,6
敌方,6
冲来,6
我炼,6
变红,6
十年一剑,6
身轻如燕,6
我卿,6
躯干,6
生忌,6
五位,6
非往,6
蛤,6
习得,6
天将,6
疲劳,6
备战,6
生僻,6
回程,6
万倍,6
呕心沥血,6
瓶瓶罐罐,6
克里斯,6
死命,6
回流,6
例行公事,6
随大流,6
落点,6
坚贞,6
孵化,6
双子,6
晚宴,6
出奇,6
两袖清风,6
天真无邪,6
小意思,6
点腿,6
袒露,6
仙鹤,6
姨妈,6
四肢发达,6
名下,6
述说,6
没买,6
二笔,6
扫雷,6
脑瓜,6
消消,6
比人,6
辩驳,6
吉时,6
兴旺,6
变白,6
玩得转,6
熟别,6
笑里藏刀,6
床垫,6
零头,6
齐心,6
屠戮,6
占山为王,6
哪道,6
鳞片,6
梅兰菊,6
空欢喜,6
夸大,6
湍急,6
清流,6
短浅,6
捋,6
接轨,6
黑车,6
括号,6
钉子户,6
铁麦命,6
分到,6
欲念,6
神别,6
大业,6
火来,6
头子,6
脑干,6
发烂,6
流离失所,6
番茄,6
问鹿,6
老前辈,6
无间,6
移不开,6
秋天里,6
瞎编,6
千万种,6
四川话,6
猪肉,6
咬紧牙,6
代谢,6
枯枝,6
赌债,6
海贼王,6
秀个,6
吴岱林,6
六合彩,6
稳稳,6
哪里找,6
榻,6
非常简单,6
异议,6
制冷,6
履行,6
发号施令,6
庆功,6
难求,6
经文,6
扣人心弦,6
收款,6
天价,6
荷花池,6
王梦帆,6
天太黑,6
会战,6
舌剑,6
噩运,6
减迈,6
八六拍,6
永久性,6
脸全,6
有根有底,6
有分有合,6
新郎官,6
酸别,6
痛带,6
最高级别,6
我属,6
黑个,6
有多紧,6
红票,6
下步,6
切过,6
打结,6
珠,6
理应,6
打入,6
遂,6
连不上,6
便利,6
绕路,6
管道,6
平川,6
碟片,6
不落,6
刀把,6
贪吃,6
心如死灰,6
巷子口,6
左拥右抱,6
次要,6
细沙,6
精品,6
小刀,6
翼,6
跟进,6
该用,6
挡个,6
旅客,6
小山村,6
韧劲,6
关紧,6
马要,6
三刀,6
扑空,6
打怪,6
忽远唤,6
壮志未酬,6
难料,6
沙尘,6
心若,6
熬出头,6
女郎,6
郑智化,6
旧车,6
体校,6
鲸,6
信得过,6
厂里,6
做强,6
厂名,6
湾流,6
和平鸽,6
十六个,6
悟道,6
断桥,6
青丝,6
滚滚红尘,6
逼上梁山,6
一属,6
彭于,6
柚子,6
超级玛丽,6
这下,6
记不起,6
冰刀,6
先说,6
马脚,6
尿布,6
搁置,6
奔溃,6
兵戎,6
愁云,6
真脏,6
数年,6
夺去,6
外传,6
下定义,6
愁绪,6
更为,6
宣推,6
这范儿,6
反观,6
剃度,6
清香,6
不长进,6
没商量,6
舍,6
径直,6
华发,6
人生如梦,6
红衣,6
不甘示弱,6
百步,6
滴下,6
完别,6
满屏,6
定海神针,6
绕开,6
惠顾,6
加固,6
海草,6
没多久,6
蜜妞,6
地斗,6
祖上,6
火箭筒,6
造梦,6
钯,6
看前,6
牛气,6
蓄力,6
摆架子,6
那爱,6
靡靡之音,6
下围棋,6
大支,6
赞颂,6
检举,6
狡黠,6
咋呼,6
喝成,6
夜行衣,6
敌众我寡,6
贱骨头,6
地别,6
赤膊,6
当众,6
处看,6
泾渭,6
西郊,6
箴言,6
而行,6
破铜烂铁,6
缴获,6
飞花,6
法制,6
包场,6
狂犬病,6
痛风,6
九点,6
ㄧ,6
万里晴空,6
怪圈,6
振翅,6
в,6
я,6
一件件,6
肥沃,6
每滴,6
只带,6
球样,6
硬骨,6
村头,6
邋里邋遢,6
剩个,6
补足,6
附带,6
沉思,6
我住,6
连连,6
不输,6
两杆,6
老忘,6
松着,6
跶,6
霜鬓,6
尽一壶,6
宫院,6
照单,6
变胖,6
老钱,6
梭,6
最该,6
番号,6
鲜红色,6
贵不贵,6
非礼,6
菜板,6
勒死,6
随地,6
菲,6
风云人物,6
猝死,6
抬腿,6
近点,6
古人类,6
俯,6
能拉住,6
言情,6
史洪乙,6
牛睿婷,6
回凤超,6
比脸,6
秀发,6
淮水,6
移步,6
亘古,6
航空母舰,6
完才,6
工整,6
喷粪,6
音讯,6
不碎,6
污点,6
毛孔,6
大匹哥,6
幫,6
節拍,6
九街,6
捨,6
再給,6
小艾,6
這樣,6
亢龙有悔,6
甘来,6
好稀饭,6
惹雅痞,6
闷头,6
脖,6
王梦菲,6
甘露,6
露骨,6
出海,6
拨浪鼓,6
可看,6
扶摇,6
坐车,6
僵局,6
天多,6
生火,6
那盏,6
笼中鸟,6
做买卖,6
半颗,6
馊主意,6
赌场,6
似箭,6
太破,6
脱不掉,6
既视,6
西式,6
积聚,6
旧日,6
六合,6
石头城,6
望极,6
遮遮掩掩,6
耍猴儿,6
腰部,6
胡桃,6
往南飞,6
泛白,6
刘嘉雄,6
整顿,6
挺快,6
重伤,6
四十四,6
未尽,6
尽在不言中,6
没说出,6
礼拜日,6
抢跑,6
鸟去,6
深埋在,6
迁移,6
鹿死谁手,6
心死,6
嫁妆,6
家常菜,6
晕染,6
锡纸,6
别耍,6
没结,6
加理,6
半弯,6
换档,6
哈超,6
琼瑶,6
连营,6
撒过,6
泼皮,6
忠孝,6
礼义,6
红利,6
动怒,6
丁晓逵,6
遮掉,6
整场,6
焚,6
天龙,6
无所畏,6
手点,6
气定神闲,6
霞天,6
惺忪,6
皮笑肉不笑,6
轻言,6
代诗琪,6
颜恬,6
变出,6
造化弄人,6
赢够,6
赠予,6
惊蛰,6
马虎,6
山有,6
剑拔弩张,6
凡夫俗子,6
莫让,6
空城计,6
昆曲,6
冲杀,6
不早,6
赶尽杀绝,6
爱演,6
别先,6
讲不出,6
念成,6
苍霞,6
九百,6
拱手,6
一晃眼,6
狂狂,6
几幅,6
可耻,6
飘满,6
钱娇,6
减脂餐,6
卒,6
喷得,6
还管,6
狠别,6
往家,6
沙洲,6
屠宰场,6
逃离现场,6
三米,6
调节,6
落网,6
自力更生,6
拓荒,6
咽不下,6
照烧,6
声中,6
扣下,6
刮胡刀,6
眼影,6
三十万,6
紧跟着,6
完架,6
真没想到,6
抢来,6
没气,6
胸无大志,6
粒,6
眼藏,6
异,6
外线,6
编织成,6
要放得,6
亚克力,6
记笔记,6
下眼,6
争先后,6
伯德放,6
一手交钱,6
一手交货,6
磐石,6
注解,6
脚后跟,6
不太爱,6
监督,6
交涉,6
放生,6
缇,6
控看,6
卡扣,6
登高,6
钢钉,6
兴许,6
脊柱,6
酱料,6
好命,6
过用,6
火球,6
表示感谢,6
殴打,6
伊拉克,6
世界大战,6
玩完,6
参战,6
鞋垫,6
太拉,6
地利人和,6
十十,6
身怀绝技,6
力鸣,6
抢光,6
砍瓜切菜,6
萝莉,6
岱,6
神永富,6
篼,6
金钥匙,6
孟婆汤,6
很坏,6
限制级,6
加速度,6
一变,6
来宾,6
近在眼前,6
无色,6
陋巷,6
沉得住气,6
兴旺发达,6
解套,6
早到,6
没野够,6
拔地而起,6
楼底下,6
毛儿,6
簸箕,6
盯住,6
有理,6
内点,6
烂事,6
左腿,6
白虎,6
即可,6
投稿,6
商机,6
瓜皮帽,6
随即,6
真假难辨,6
硬仗,6
佛家,6
扙,6
砂砾,6
洋文,6
月饼,6
夹层,6
比克,6
勒歌,6
匪徒,6
头戴,6
想些,6
爱比,6
将领,6
缝补,6
跨起,6
昏倒,6
挥手告别,6
牵过,6
浑然天成,6
一百块,6
加木,6
飘到,6
趴起,6
旧情,6
满山,6
半仙,6
威逼,6
书读,6
付诸流水,6
제,6
不中用,6
小树,6
돈,6
느,6
껴,6
잘,6
급,6
장,6
起路,6
中看,6
呵斥,6
큰,6
下坡,6
연,6
脾,6
一言不合,6
听不来,6
无数张,6
雨过,6
罚款,6
알,6
过海,5
叔,5
巨婴,5
正步,5
小肚鸡肠,5
窥,5
本末,5
变弱,5
明德,5
開個,5
警示,5
哪管,5
操场上,5
这一仗,5
理工学院,5
势不两立,5
每处,5
鼓足,5
基层,5
病魔,5
足下,5
冰峰,5
看住,5
肾上腺,5
哥子,5
四张,5
侃侃而谈,5
投奔,5
言中,5
关起,5
惟有,5
加薪,5
黑涩费,5
忌口,5
黑得,5
丝儿些,5
半路上,5
寨子,5
完勒,5
乃样,5
捐献,5
太菜,5
几套,5
儿些,5
马王庙,5
发病,5
潜行,5
更佳,5
火钳,5
遭人,5
整把,5
先死,5
苦口良药,5
挑拨离间,5
吃票,5
越长越,5
残次品,5
器皿,5
九霄,5
友爱,5
화,5
情绪高涨,5
搓衣板,5
我迎,5
虚实,5
持之以恒,5
别忘,5
ཨ,5
做手术,5
搔首弄姿,5
斩尽,5
一笑了之,5
火烛,5
天机,5
雄伟,5
时请,5
搅动,5
江上,5
日益,5
落叶归根,5
有何意义,5
两百个,5
闭路,5
氮泵加,5
啓,5
星期二,5
冲剂,5
骨感,5
留学,5
伤情,5
拔尖,5
布什,5
凝视着,5
心心,5
几天几夜,5
终章,5
秋末,5
洋房,5
垃圾箱,5
我朝,5
家教,5
张起,5
场戏,5
幸存,5
预演,5
杀意,5
斗狠,5
夏非,5
不归,5
氨基酸,5
迷窍,5
怕热,5
桌椅,5
依附,5
浓密,5
屋頭,5
人花,5
飽,5
没有话说,5
太多哩,5
十八层,5
苦瓜,5
哈子,5
新哩,5
多几倍,5
五米,5
烟点,5
拇,5
水龙头,5
泡椒,5
勒首,5
团结湖,5
抢回,5
锅碗瓢盆,5
手递,5
超短裙,5
乱结,5
色既是空,5
最狂,5
先点,5
波士顿,5
院儿,5
大肆,5
恼人,5
分辨真假,5
成魔,5
果妹,5
高智商,5
摔死,5
夹着尾巴,5
羊角,5
屯,5
没把握,5
脊骨,5
三火,5
威尼斯人,5
女粉,5
八百个,5
对标,5
本命年,5
雀,5
住院,5
半在,5
淋巴,5
接受批评,5
体无完肤,5
热量,5
连滚带爬,5
决不能,5
乌黑,5
淋到,5
水在,5
真哩,5
苦不堪言,5
莫昂,5
疫苗,5
堆堆,5
三十八,5
薄情,5
子玩,5
血拼,5
癌症,5
粘合,5
一江,5
试听,5
原形毕露,5
人事,5
魂牵梦绕,5
我坏,5
跟我学,5
笔杆,5
王道,5
骚气,5
绕圈子,5
塔顶,5
所及,5
李斯,5
丹妮,5
正义感,5
千禧,5
这团,5
划清界限,5
畜生,5
滾,5
搞搞,5
那趟,5
辞掉,5
精武,5
三七二十一,5
灵醒,5
人面,5
情面,5
根正苗红,5
有序,5
破掉,5
见利忘义,5
妈个,5
莫斯,5
超然,5
内蒙古,5
ꇿ,5
ꋍ,5
ꐯ,5
ꇯ,5
터,5
민,5
隔路,5
顺道,5
推崇,5
乌龙茶,5
脑门子,5
心尖,5
这篇,5
羊杂,5
宝于,5
贺卡,5
晒黑,5
瘪,5
伊犁,5
汾酒,5
赶忙,5
雪崩,5
白玉兰,5
地铁线,5
江南水乡,5
想往,5
唯唯诺诺,5
能算,5
联通,5
开胃,5
覆去,5
每每,5
印上,5
好美,5
临睡前,5
亚侬,5
杜明轩,5
在此之前,5
蔚蓝色,5
甜筒,5
黑帮,5
他关,5
交不起,5
二七,5
逐鹿中原,5
话音,5
宣武,5
真累,5
图纸,5
卤,5
血缘,5
痒痒,5
委员,5
欺辱,5
植被,5
别喝了,5
迷弟,5
阉割,5
博大精深,5
伯克利,5
硬刚,5
起眼,5
随之而来,5
剧里,5
追捕,5
里尼,5
民乐,5
天秤,5
有恃无恐,5
三件套,5
尤为,5
盘龙,5
編曲,5
档案,5
学长,5
一念间,5
保藏,5
车程,5
时间表,5
墩,5
高下,5
看云,5
曾毅,5
屉子,5
下得,5
徒留,5
此情此景,5
全家人,5
四不像,5
飞龙,5
亦能覆舟,5
弧度,5
摇得,5
趟水,5
杂耍,5
沈锦天,5
林一函,5
善哉,5
伯牙,5
莲,5
父爱,5
天猴,5
不对劲,5
vip.163,5
捧得,5
太糟,5
狂得,5
上下左右,5
孤魂野鬼,5
提前结束,5
切除,5
摩登时代,5
训,5
没入,5
街景,5
河北省,5
串场,5
臭虫,5
狂轰滥炸,5
劈柴,5
明儿,5
骤降,5
爱爱,5
能当,5
再入,5
发过来,5
过热,5
张淦森,5
钉耙,5
一大半,5
扁担,5
狂妄自大,5
皑皑,5
牛犊,5
茅庐,5
鸡头,5
半套,5
显化,5
人偶,5
养眼,5
尸,5
布袋,5
欲裂,5
乔装,5
滚起,5
不伴,5
此劫,5
皮靴,5
海胆,5
扒手,5
烧柴,5
割肉,5
美男子,5
祈愿,5
亲个,5
马背上,5
反攻,5
一千块,5
九岁,5
抽签,5
蹦蹦跳跳,5
梦成,5
悦刻,5
野餐,5
迎战,5
长江大桥,5
嘿吼,5
莫在,5
茁壮,5
大年初一,5
电灯,5
心来,5
逗像,5
哇哇,5
顶不顶,5
疗程,5
带球,5
丹,5
步步为营,5
好痛,5
透个,5
地沟油,5
鬼迷心窍,5
待续,5
井盖,5
忘忧,5
冷冷,5
追回,5
惹麻烦,5
喊过,5
剪子,5
保鲜,5
庄重,5
摩斯,5
毛躁,5
西撇,5
贝尔,5
千千万,5
关键点,5
颠颠,5
神速,5
故作神秘,5
流在,5
再生,5
裂口,5
来次,5
干翻,5
最红,5
痛痛快快,5
快些,5
恩惠,5
伸直,5
挡风玻璃,5
掏枪,5
酸楚,5
多云,5
口风,5
放炮,5
威望,5
听海,5
虚拟现实,5
韵味,5
愚笨,5
强装,5
别谈,5
气管,5
荒山,5
发昏,5
迟来,5
玄机,5
如水,5
无眠,5
反动,5
塌落,5
失策,5
耸立,5
浮生若梦,5
磨碎,5
警笛,5
丽人,5
浩瀚无垠,5
之音,5
送礼,5
指标,5
谈一谈,5
酒色,5
瞎猜,5
小人儿,5
声母,5
垃圾场,5
察言观色,5
假鞋,5
仲裁,5
当爷,5
游记,5
夜的黑,5
一声声,5
に,5
当为,5
波澜壮阔,5
不杀,5
宣称,5
锅贴,5
锁门,5
戒断,5
拨弦,5
电路,5
穷尽,5
始终如一,5
男孩子,5
徒增,5
实验室,5
冒昧,5
留头,5
汤力,5
有雨,5
教师,5
自寻烦恼,5
绿光,5
成功之路,5
热力,5
出师表,5
台车,5
会败,5
真金不怕火炼,5
越界,5
石头缝,5
费点,5
再到,5
逃逸,5
零散,5
他俩,5
破洞,5
同名,5
歹,5
二十万,5
字幕组,5
沟里,5
换挡,5
螺旋,5
忘记掉,5
伍佰,5
回防,5
两碗,5
趁热打铁,5
个富,5
纸牌,5
走钢丝,5
来别,5
趋炎附势,5
真本事,5
藏身,5
吃口,5
接连,5
价儿,5
赔率,5
俗话说,5
天理,5
三焦,5
调理,5
红墙,5
仙人指路,5
沥青,5
寒暑,5
大国,5
艋,5
树苗,5
幸失,5
装拿个,5
标语,5
恋恋不舍,5
灰溜溜,5
狠劲,5
几千里,5
明智,5
增益,5
醉态,5
所剩,5
抽口,5
胸腔,5
绝不放弃,5
越会,5
舺,5
达西,5
张信哲,5
多万,5
我伤,5
破功,5
如松,5
锁起,5
更远,5
迸发出,5
风餐露宿,5
莫文蔚,5
病会,5
酸臭,5
亏本,5
自保,5
主人公,5
转化成,5
泣不成声,5
企鹅村,5
订台,5
受限制,5
让给,5
开眼,5
讲价,5
背后议论,5
次元壁,5
施加,5
耍无赖,5
屁股后头,5
由不得,5
要面子,5
里子,5
停火,5
搭伙,5
想错,5
导游,5
炉子,5
最暗,5
最让人,5
点事,5
选有,5
享用,5
碰一鼻子灰,5
交际圈,5
家会,5
宫阁,5
迷迷茫茫,5
发短信,5
铜锣湾,5
得天独厚,5
动动手,5
心安理得,5
班底,5
切碎,5
加点油,5
问好,5
隆重,5
苏菲,5
声调,5
被定,5
未酬,5
倾家荡产,5
尽人事,5
降魔,5
篮子,5
皮夹克,5
表里如一,5
青菜,5
卸甲归田,5
故事会,5
直爽,5
夙念,5
不知情,5
艺名,5
结扎,5
酒肉,5
换骨脱胎,5
李仁成,5
了如指掌,5
惹下,5
看部,5
能夠,5
講話,5
插袋,5
难兄难弟,5
无几,5
昌,5
咸阳,5
胃疼,5
压到,5
胡须,5
哑起,5
直射,5
不贵,5
野比大雄,5
拜登,5
勾心,5
口型,5
转向灯,5
入账,5
提线木偶,5
碰掉,5
毒品,5
敢作敢当,5
有位,5
笑骂,5
静脉,5
无敌手,5
拳下,5
打右,5
成片,5
洞洞,5
干倒,5
淤青,5
牌楼,5
金牛座,5
挺拔,5
跑龙套,5
充电器,5
试错,5
窃喜,5
唐僧肉,5
帝,5
肆意挥霍,5
别慌,5
弹指之间,5
喜出望外,5
抹平,5
上层,5
攀枝花,5
手拉手,5
忠臣,5
侃迪莎普,5
甩尾,5
去争,5
克罗,5
儿去,5
市面,5
爱和迎,5
若想,5
保洁,5
焦,5
弱势群体,5
哀怨,5
拉玛,5
快慢,5
狂吟,5
领海,5
欧恒,5
迪丽,5
大巴扎,5
白相,5
土堆,5
换双,5
前额,5
高血压,5
分发,5
尊师重道,5
老命,5
跨出,5
对质,5
美味佳肴,5
聃,5
是非分明,5
成篇,5
独闯,5
招募,5
用点力,5
阿布,5
吐鲁番,5
雪人,5
微醉,5
印子,5
大马,5
机枪,5
超长,5
披露,5
部飞片,5
批嘴,5
成空,5
神说,5
江油,5
破开,5
猪杂,5
荣辱,5
对话框,5
收皮,5
受折磨,5
沏,5
迪塞尔,5
冷酷无情,5
抖抖,5
大飞,5
自然而然,5
号机,5
教学楼,5
胸上,5
豆儿,5
血里流,5
黔,5
开水烫,5
肠胃,5
乱猜,5
末端,5
晴天霹雳,5
风该,5
后不后悔,5
挞,5
大西洋,5
考好,5
求子,5
天没亮,5
情场,5
好些,5
比心,5
包装袋,5
拖出去,5
上吊,5
大金刚,5
自卖,5
急转弯,5
相近,5
坐过,5
高架桥,5
花粥,5
雪国,5
长篇,5
巴顿,5
逗笑,5
设立,5
过量,5
冰欠,5
碳水,5
娃莫得,5
能教,5
不敬,5
越亮,5
幸,5
侧面,5
千手,5
丑事,5
决出,5
嬴政,5
下半生,5
十块钱,5
楚河汉界,5
不戴细,5
九眼桥,5
头装,5
咖啡色,5
太丝,5
沙宝亮,5
沙比,5
去一趟,5
教徒,5
海参,5
特技,5
四环,5
冷血动物,5
拐卖,5
野兔,5
湘潭,5
无涯,5
伊甸,5
叁,5
福田,5
红脸,5
投石问路,5
葡京,5
公海,5
泛着,5
难以想象,5
忌,5
教會,5
裡,5
欺诈,5
灵丹妙药,5
苏打水,5
鸵鸟,5
时光倒流,5
大结局,5
忍过,5
霹雳舞,5
壮举,5
反哺,5
烹煮,5
站得住,5
围住,5
找过,5
第一辆,5
送达,5
哈瓦那,5
成色,5
深挖,5
满背,5
烂仔,5
杜比,5
全景,5
附在,5
天旋地转,5
空军,5
花得,5
团建,5
刘悦然,5
朱卓天,5
几眼,5
拔高,5
唯说,5
捂着脸,5
武则天,5
一聊,5
餐桌上,5
激光枪,5
其利断金,5
抱拳,5
吉星高照,5
购物袋,5
过猛,5
呼吸机,5
最超,5
弟中弟,5
做够,5
雅致,5
立于,5
心理医生,5
定做,5
万人敌,5
土家族,5
光明顶,5
捷豹,5
学一哈,5
见龙,5
中国银行,5
重组,5
争名夺利,5
浩劫,5
打晕,5
眷念,5
卦象,5
出卖灵魂,5
毁灭性,5
我困,5
生日蛋糕,5
第七,5
器械,5
皮尔斯,5
附加,5
首曲,5
雷峰塔,5
金钱豹,5
欧元,5
哈格,5
在历史上,5
路虎,5
爱琴海,5
梳个,5
心静,5
小事儿,5
之夜,5
第一场,5
黄盖,5
费事,5
吓人,5
数载,5
碳,5
態度,5
大宏,5
蛮牛,5
安踏,5
几千遍,5
签订,5
曼巴,5
可爱多,5
狗嘴吐不,5
交缠,5
邓旭,5
换影,5
丧钟,5
复,5
划拉,5
着装,5
七上八下,5
播送,5
邓超,5
热心,5
莫停,5
郑安琪,5
苞米,5
窦唯,5
鼻屎,5
丰登,5
麦麦,5
陈伟霆,5
螺蛳,5
声波,5
庸者,5
胖胖,5
孤灯,5
曾落,5
之辈到,5
铭心刻骨,5
真为,5
球棒,5
局里,5
天会亮,5
母帶,5
不时,5
卡带,5
拼凑出,5
出神,5
赵俊吉,5
背头,5
李姐,5
乐子,5
风霜雨雪,5
毫安,5
好几万,5
之至,5
勤,5
情窦,5
你念,5
不断前进,5
阿布扎比,5
以一当十,5
五脏,5
方才,5
题字,5
渡劫,5
会时常,5
圣诞夜,5
举旗,5
骑骆驼,5
因缘,5
徐汇区,5
撂倒,5
餐具,5
戴帽子,5
稳固,5
讨厌鬼,5
我罪,5
大醉,5
社交圈,5
给与,5
脚面,5
挨冻,5
四野,5
丝丝,5
晒晒,5
锦衣卫,5
牧人,5
含苞欲放,5
先兆,5
挥不去,5
静观其变,5
殺,5
江辰,5
疲累,5
原上,5
铜锈,5
葛彦彬,5
戏曲,5
李兰迪,5
ก,5
ย,5
充到,5
愤,5
点餐,5
洋洋洒洒,5
嘿哈,5
乘个,5
北鼻,5
怪人,5
达拉,5
金皖,5
100%,5
混录,5
下别,5
见色,5
亚历山大,5
死机,5
挠头,5
事靠,5
戏超,5
爆吊,5
表现力,5
二百,5
忽慢,5
忽快,5
法子,5
剔牙,5
板正,5
像样儿,5
他酷,5
遮天蔽日,5
友人,5
那就好,5
帮帮,5
心当,5
就行,5
擺,5
不吭声,5
人言,5
卡不上,5
狂乱,5
盛满,5
像素,5
肖雪立,5
魅,5
每月,5
髮,5
繽紛,5
我會,5
销声,5
栽下,5
蔑迹,5
原动力,5
八号,5
玲珑,5
白月光,5
兴隆,5
床头灯,5
几月,5
全网,5
蓝天白云,5
补补,5
时机成熟,5
驾轻就熟,5
刀客,5
涨潮,5
怕累,5
敲钟,5
梢,5
烟波,5
差个,5
辛德,5
珠穆朗玛峰,5
蹙,5
花好月圆,5
暖暖的,5
不动声色,5
身在江湖,5
滴人,5
地味,5
撒上,5
下厨,5
っ,5
て,5
及时雨,5
枉费,5
踢踏舞,5
四对,5
蒙古,5
志在四方,5
记忆犹新,5
死对头,5
正路,5
语重心长,5
神界,5
一千次,5
五四运动,5
病夫,5
魄,5
變化,5
傳,5
困于,5
早些,5
凝,5
猛然间,5
剧变,5
万次,5
怒骂,5
那家店,5
洋洋得意,5
瑶,5
感召,5
卖相,5
戴好,5
破圈,5
新潮,5
包养,5
量子,5
第一站,5
串通,5
威登,5
突出重围,5
贴心,5
蛾眉,5
峨眉山,5
海是,5
抚,5
不许动,5
心诚,5
泛滥成灾,5
频频,5
欲言又止,5
蛇蝎,5
热火朝天,5
喷射,5
劳碌,5
如家,5
破罐破摔,5
崔健,5
天敌,5
七万,5
魔幻,5
换车,5
漂亮话,5
爱乱,5
翻不完,5
迎上去,5
蜀,5
隐于,5
喜极而泣,5
我围,5
粗人,5
是夜,5
洗漱,5
旅行家,5
自白,5
谁定,5
太多酒,5
两三千,5
柳州,5
五秒,5
乖妹,5
陸放,5
經歷,5
一波儿,5
活过来,5
你动,5
你富,5
ꇤ,5
清洁剂,5
揭掉,5
一跤,5
青春年少,5
沃田,5
荡歌,5
一盖,5
一跨,5
照量,5
ꊰ,5
ꄩ,5
ꌙ,5
过能,5
周圍,5
磨炼,5
迷题,5
李大钊,5
史记,5
共创,5
闹声,5
天会轮,5
温情,5
程晨,5
乐呵呵,5
功德,5
二仙,5
利己,5
瞎眼,5
马利当,5
瓦片,5
天一,5
入喉,5
靈魂,5
转围,5
谢子通,5
老妇,5
感觉不好,5
挺酷,5
放酒,5
巴望,5
沛公,5
ꁨ,5
ꉐ,5
靴,5
块砖,5
苏墨,5
蓝忘机,5
魏无羡,5
徐凤年,5
天策,5
苍云,5
藏剑,5
霸刀,5
七秀,5
大娘,5
唾手可得,5
驾里,5
石室,5
ꃨ,5
王顶,5
⑧,5
腌,5
腊八,5
口杯,5
狮子林,5
命护鲲门,5
盲枪,5
下船,5
梦织音,5
旋地,5
飞遍,5
설,5
慕,5
翻策,5
柏宇,5
ꑓ,5
ꋪ,5
ꄓ,5
ꁊ,5
ꏤ,5
ꊷ,5
ꆣ,5
暖洋洋,5
飞鸿踏雪,5
叫坏,5
叫胜,5
叫败,5
彭家桥,5
说人话,5
生可,5
最配,5
火枪手,5
造楼,5
电棒,5
拉音,5
別個,5
復,5
重慶,5
忉,5
楼阁,5
發生,5
ㄟ,5
细说,5
那明,5
性价比,5
老爆,5
期末考试,5
祝您,5
过季,5
打拍子,5
信口开河,5
争吵不休,5
手足无措,5
熨,5
冰释,5
查阅,5
努尔哈赤,5
那灯,5
癞蛤蟆,5
闯一,5
叮当响,5
人装,5
不瞒你说,5
王大毛,5
爱爱得,5
大恶恶,5
横刀,5
李佳琦,5
收藏品,5
远距离,5
租房,5
空留,5
聚集地,5
伸张正义,5
人送,5
阿富汗,5
救活,5
松口气,5
只手,5
我为,5
悲悯,5
奔周,5
水再,5
小兔子,5
准得,5
极其,5
没面子,5
磨盘,5
村口,5
风韵,5
爱藏,5
大葱,5
清华北大,5
动刀,5
晨星,5
宝子,5
送命,5
梳起,5
仰着,5
演示,5
峰回,5
老狗,5
原告,5
抬抬,5
發白,5
格鲁,5
土屯,5
这步,5
水儿,5
没心,5
吴语,5
四十万,5
梦芸,5
青史留名,5
老实巴交,5
真伪,5
放胆,5
丽江,5
毛想,5
狼牙,5
阵脚,5
见不着,5
我脑,5
下宠,5
一了百了,5
旺角,5
季節,5
宕机,5
最香,5
刚起,5
兜儿,5
万宝,5
说不得,5
不怎么样,5
命里注定,5
學校,5
電話,5
没鞋,5
带少,5
低低,5
音律,5
紧绷着,5
周传雄,5
五十岁,5
正游过,5
干为,5
地库,5
海浪般,5
难当,5
交战,5
盛开着,5
艾力,5
煽起,5
河畔,5
帮亲,5
硬邦邦的,5
十六七,5
山岚,5
第九,5
惊呼,5
巨制,5
顶不住,5
功成身退,5
坑位,5
张静怡,5
讲清楚,5
狗仔队,5
戈多,5
Ó,5
火炮,5
燕,5
明枪暗箭,5
整首歌,5
我太近,5
冰山一角,5
夹带,5
丁飞,5
扫帚,5
张毅成,5
枯黄,5
四通八达,5
口臭,5
顷刻之间,5
白玉,5
荧光棒,5
清晰可见,5
张明开,5
降大任,5
蘑菇云,5
整挺,5
很响,5
鸡窝,5
拷,5
二十多岁,5
挂面,5
不举,5
成事在天,5
绝活,5
黯然神伤,5
来者不善,5
制成,5
响叮当,5
付清,5
替代品,5
朗姆酒,5
马鞍,5
对天发誓,5
阿油,5
群里,5
三生,5
狂徒,5
百把,5
宝山,5
尽心,5
静心,5
别有用心,5
没聊,5
苗儿,5
暗礁,5
阴冷,5
教员,5
所望,5
同血,5
同宗,5
上杠,5
红中捞,5
共盼,5
试箭,5
万民,5
守常,5
不守常,5
能惧,5
周期律,5
铁索桥,5
赤焰,5
三座大山,5
紫石英,5
白帆,5
鸭绿江,5
号声,5
周士钰,5
张伟,5
汪勇江,5
信伏倩,5
郭晶婷,5
高蔷,5
满志滢,5
十七年,5
商路,5
军徽,5
铸,5
哀鸣,5
最重,5
极具,5
接续,5
守卫者,5
强军,5
不畏强权,5
涓涓,5
不塞,5
中部,5
酒湾,5
壑,5
攀越,5
高丘到,5
清凉山,5
桃月里,5
柳眉,5
目秀,5
椎骨,5
无私奉献,5
钢铁长城,5
英勇无畏,5
可绘,5
来家国,5
雄鸡,5
吸附,5
现有,5
张子健,5
哪国,5
终身,5
一泡,5
照明,5
搬个,5
高不高,5
签合同,5
各取所需,5
指姆儿,5
烧钱,5
被称作,5
小们,5
眼力,5
双收,5
对不上,5
な,5
郑州,5
波纹,5
里学,5
翻自,5
天杀,5
浸染,5
置若罔闻,5
扩充,5
代笔,5
出厂,5
小猩猩,5
不读,5
配件,5
腐,5
趴体,5
半载,5
探头,5
비,5
늘,5
讲者,5
最高分,5
老油,5
缙云山,5
假假,5
挺立,5
南柯一梦,5
檀木,5
行家,5
雷暴雨,5
起因,5
母儿,5
昏昏,5
装聋作哑,5
大肉,5
房产,5
作幅,5
画练舞,5
不可收拾,5
哭穷,5
羊毛,5
输入法,5
派送,5
跟斗,5
中路,5
矛盾体,5
撒泡,5
打版,5
埋汰,5
炸碎,5
割断,5
错落,5
克制不住,5
八月份,5
薛凯琪,5
蒸蒸,5
抱进,5
火是,5
隽永,5
那片海,5
有坏,5
佳绩,5
地界,5
钱数,5
放声大哭,5
企及,5
活不了,5
伸缩,5
억,5
놈,5
위,5
吃香,5
要加,5
夸夸,5
广告牌,5
副本,5
家产,5
培训班,5
照搬,5
生与死,5
开膛手,5
接客,5
牺牲品,5
司空见惯,5
核子,5
退格,5
几晚,5
难民,5
闭麦,5
心花怒放,5
與,5
环抱,5
回肠荡气,5
装备齐全,5
酒神,5
气运,5
面是,5
咸不咸,5
嘴编,5
堕入,5
王英,5
王明,5
半路出家,5
医疗,5
多糟,5
宣发,5
开大点,5
狂越,5
立足于,5
穿著,5
留香,5
黄花,5
振奋人心,5
哥说,5
遗像,5
吽,5
省去,5
厨子,5
铛铛,5
诉说着,5
彼岸花,5
输家,5
作孽,5
不露痕迹,5
摩顶放踵,5
地彻,5
大才榱槃,5
来战,5
洒热血,5
离分,5
远道而来,5
演艺,5
疯言疯语,5
转晴,5
弥留,5
普洱,5
躲藏在,5
跷,5
所见,5
高高挂起,5
泡进,5
动容,5
即逝,5
阐释,5
好惨,5
韧性,5
演好,5
迷到,5
灯别,5
山亭,5
闷酒,5
别爱,5
教他,5
毛泽东,5
从梦中,5
轮盘,5
大名,5
会痛,5
真惨,5
蹚,5
吃海鲜,5
绝万径,5
只准,5
何浩诚,5
长而,5
云和海,5
见异思迁,5
原料,5
出花,5
看走眼,5
热到,5
飘出,5
睡饱,5
作戏,5
想像中,5
燈,5
镶进,5
相亲相爱,5
吵吵闹闹,5
不偷,5
20%,5
调味,5
卖萌,5
歌頌,5
催化剂,5
贴完,5
举目,5
傻了眼,5
处分,5
程锦远,5
浪着,5
直上云霄,5
万福金安,5
很瘦,5
算啦,5
零落,5
别梦寒,5
查无此人,5
翻座,5
古话,5
采药,5
应先,5
止于,5
十梦,5
前像活,5
昏昏沉沉,5
谈谈情,5
词义,5
路太差,5
不太差,5
凭吊,5
巨飞,5
盛筵,5
巡捕房,5
萨满,5
寿比,5
歪眼,5
呼朋引,5
碰触,5
胶着,5
江盼,5
桃花开,5
拾掇,5
流窜,5
敬业,5
五指,5
酿造,5
裤脚,5
大丰收,5
负荷,5
畏缩,5
甲乙丙丁,5
公鸡,5
扎扎,5
同眠,5
精干,5
门庭,5
不老,5
幡然醒悟,5
嚣,5
腹背受敌,5
根才,5
陪审,5
磁力,5
激流,5
草莽,5
屏风,5
耳语,5
变化莫测,5
挺大,5
西元前,5
大壮,5
陶新,5
潍,5
赵子轩,5
中国人民解放军,5
中国人民武装警察部队,5
总队,5
秦皇岛,5
权猿,5
折旧,5
圆舞曲,5
哑剧,5
举例,5
成心,5
哪首,5
힘,5
追别,5
开幕,5
救生衣,5
黑狗,5
大大咧咧,5
缄默,5
铭刻,5
已读,5
提速,5
信任危机,5
突袭,5
租界,5
庶,5
邓歌,5
独门,5
淡黄,5
血型,5
倾心,5
献殷勤,5
流媒体,5
郑铭宗,5
赎,5
被判,5
コ,5
ト,5
稳健,5
生当做人杰,5
调味料,5
敌我,5
面说,5
最能,5
学前班,5
蛊,5
虚脱,5
豆腐渣工程,5
五角,5
沫,5
乌蒙连,5
入魂,5
张育,5
装下,5
上过,5
颁发,5
赛亚人般,5
随从,5
枕着,5
撒一泡,5
预习,5
以内,5
香肩,5
準備,5
毒害,5
毫秒,5
决断,5
玦,5
艳阳,5
备考,5
船政,5
耀眼夺目,5
指挥官,5
隐喻,5
遮丑,5
蜜桃,5
瞎掰,5
能火,5
再活,5
此酒,5
二爷,5
一百万个,5
花椒,5
成精,5
我荡,5
觅食,5
余音,5
回甘,5
水边,5
不脏,5
萌样,5
打散,5
最黑,5
鸟叫,5
孽畜,5
土气,5
吃不消,5
高压,5
摇尾巴,5
弯下去,5
风调雨顺,5
逑,5
年老,5
鬼故事,5
大门口,5
海陆空,5
发发发,5
翻下,5
无孔不入,5
会合,5
法儿,5
三秒钟,5
嘴笨,5
蛐蛐儿,5
射进,5
追雨,5
相互间,5
人哩,5
艰深,5
我拉起,5
腦殼,5
脱线,5
釉,5
魂敬,5
铮铮的,5
画太美,5
龙背,5
追云,5
龙字,5
蚱蜢,5
王琳凯,5
涂城,5
一啸直,5
得雨,5
开竹,5
地浪,5
气绕,5
景秀,5
失速,5
驰骛非,5
敢龙腾,5
训诫,5
向西,5
关禁闭,5
愚钝,5
垂死挣扎,5
脊梁骨,5
天定,5
立定,5
角角,5
埋到,5
马里,5
瓦房,5
小于,5
一万二,5
嘴太臭,5
牙刷,5
力拔,5
加进,5
山之巅,5
听风,5
不剩,5
拉远,5
抓马,5
前科,5
口水直流,5
能别,5
学生妹,5
大四,5
瘤,5
愣神,5
翻字典,5
座次,5
像种,5
学步,5
街球,5
妈些,5
铁树,5
发放,5
一望,5
嘟囔,5
独唱,5
徐徐,5
三百六十五个,5
寻寻,5
老爱,5
通神,5
涌入,5
人杰,5
无妄,5
很配,5
蛋炒饭,5
逆光,5
许文强,5
熠熠生辉,5
发给你,5
打锤,5
儿烟,5
手儿,5
匡,5
波形,5
坝坝,5
弄混,5
逞,5
熬出,5
牙套,5
页面,5
寻找机会,5
稍作,5
歌坛,5
构造,5
升降,5
付不起,5
真言,5
字画,5
北国,5
旁友,5
卡得,5
耐得,5
看嘛,5
搞乱,5
金马,5
碧鸡,5
湖北佬,5
凶得,5
多份,5
爆出,5
同归,5
镜里,5
龙脉,5
黑土地,5
划痕,5
变色龙,5
半山,5
白马王子,5
美甲,5
真相大白,5
黑八,5
录得,5
羽扇,5
点满,5
欲速则不达,5
散架,5
白到,5
真像,5
别致,5
靶,5
流产,5
亏心事,5
太顺,5
迷迷糊糊,5
清清楚楚,5
非常容易,5
开屏,5
撒哈拉沙漠,5
激流勇进,5
精炼,5
文采,5
多妙,5
装蒜,5
狼兵,5
盲流,5
扯起,5
气量,5
我喜,5
推个,5
捻起,5
补贴,5
家用,5
红颜色,5
一百三十,5
只教,5
天脚,5
虚竹,5
金蛇剑,5
抖落,5
程,5
勺子,5
挂科,5
勒场,5
接风,5
当铺,5
拍板,5
九点整,5
北碚,5
力帆,5
康姆士,5
两江,5
佐料,5
落座,5
公布,5
丘二,5
追债,5
朝夕相处,5
小宝宝,5
瓦坎达,5
小市民,5
百种,5
感謝,5
長,5
砍掉,5
翻车,5
当菜,5
多顾虑,5
翻来,5
二十四岁,5
学说,5
恩恩怨怨,5
几人能,5
张磊,5
稀里,5
起起,5
伏伏,5
全拿去,5
身居高位,5
喊响,5
那输,5
大得多,5
停提,5
再长,5
伪神,5
这眼,5
奇形怪状,5
这得,5
通报,5
欲哭无泪,5
行军,5
早自习,5
几双,5
解气,5
不知足,5
到岸,5
回克,5
乱糟糟,5
恶狗,5
程咬金,5
远渡重洋,5
缪斯,5
香槟色,5
领唱,5
三本,5
电门,5
淡蓝色,5
小行星,5
通讯,5
岩石,5
シ,5
현,5
粘上,5
巴克利,5
高清,5
no.1,5
弼,5
重合,5
吸到,5
滋长,5
说过,5
耍流氓,5
更嘻哈,5
完爆,5
一诺千金,5
走壁,5
密集,5
家底,5
品格,5
命门,5
江东父老,5
补习班,5
校外,5
翻起,5
茶壶,5
酸辣,5
主沉浮,5
三分之一,5
跑来跑去,5
全部打,5
卖假,5
单反,5
看家,5
合计,5
大字报,5
无归处,5
恒心,5
一连,5
好贵,5
耕田,5
老輩子,5
特別,5
妹兒,5
還沒有,5
貴,5
勒個,5
車兒,5
这招,5
弄坏,5
足疗,5
追梦者,5
缺耍,5
监棚,5
飞换个,5
咬痕,5
六婆,5
预售,5
词作者,5
莫喊,5
新开,5
医得,5
杜宾,5
瓜瓜,5
合力,5
过想,5
几楼,5
两排,5
要备,5
三巡,5
取向,5
情为,5
铁皮,5
皆大欢喜,5
根茎,5
西游记,5
忍者神龟,5
土豆泥,5
往下流,5
下游,5
不花,5
闭合,5
安静下来,5
远光灯,5
省省,5
超远,5
起落架,5
礼让,5
尺,5
燃上,5
心得,5
栖息地,5
大住,5
泼冷水,5
紫薇,5
能值,5
孔雀开屏,5
猕猴,5
心比天高,5
天鹅肉,5
处女,5
无罪,5
升天,5
真枪实弹,5
网路上,5
别傻了,5
会出,5
田间,5
要分,5
战衣,5
稀奇古怪,5
围剿,5
天王星,5
一箭,5
习惯于,5
族群,5
仪表,5
欲罢不能,5
编出,5
家想,5
溜溜,5
低处,5
喜鹊,5
马匪,5
割喉,5
事理,5
昼夜不分,5
炸飞,5
磨个,5
满酒,5
神州大地,5
扮相,5
多少年来,5
薪火,5
冰火,5
厚实,5
擂主,5
攀着,5
维和部队,5
卡子,5
尊称,5
车间,5
膝,5
返程,5
浆糊,5
胃酸,5
NO.1,5
带不带,5
桃子,5
重造,5
公事公办,5
蓬松,5
首唱,5
知多少,5
桂林,5
雷厉风行,5
如梦初醒,5
生辉,5
争端,5
留宿,5
千里路,5
云和月,5
三千块,5
瑟,5
文人墨客,5
欠揍,5
关外,5
刚写,5
氢气球,5
几千万,5
之气,5
插播,5
人字拖,5
信神,5
来去匆匆,5
生物课,5
吓傻,5
居心叵测,5
歃血为盟,5
笔迹,5
视网膜,5
再往,5
敢为人先,5
众志成城,5
强权,5
出洋相,5
尖刀,5
提刀,5
绷着,5
一入,5
中任,5
文言文,5
苦行僧,5
多高,5
清场,5
本应,5
曾几何时,5
前兆,5
爱情鸟,5
抽时间,5
液说,5
有材,5
相持,5
桂,5
沉住,5
剪得断,5
此道,5
问错,5
每盏,5
全天,5
缺水,5
吃过饭,5
雷彬艺,5
啪嗒,5
卖得,5
阿尔斯通,5
生财,5
真迹,5
摩西,5
红海,5
横批,5
吴宇森,5
人出,5
脸部,5
拍开,5
冲过,5
烤箱,5
揼,5
比尔盖茨,5
脚趾头,5
马龙,5
百味,5
绷起,5
这班,5
佳运,5
越近,5
饭钱,5
有利,5
一搏,5
越野,5
洛基,5
自创,5
马蜂窝,5
朱茵,5
乔治,5
原厂,5
理查,5
大洋彼岸,5
莫过于,5
一个点,5
压倒性,5
汇率,5
左右开弓,5
骑行,5
老字号,5
有包,5
档位,5
成个,5
黑镜,5
率领,5
炮制,5
清蒸,5
宝安,5
阿婆,5
汤系,5
例牌,5
阿莫,5
升級,5
煲仔饭,5
得奖,5
见解,5
压马路,5
之手,5
宫廷,5
学着点,5
不体面,5
稍安,5
主理,5
数学课,5
图形,5
王波,5
妄语,5
一锅端,5
巡逻,5
松松,5
气功,5
葡萄干,5
兼,5
心锁,5
伊宁,5
名副其实,5
窄路,5
别掉,5
起别,5
置之死地而后生,5
笑场,5
趣事,5
锯齿,5
座山雕,5
点水,5
远古,5
象形文字,5
搁着,5
要不得,5
灵山,5
公仔,5
东海岸,5
留好,5
为争,5
小便,5
点样,5
拼上,5
嗝,5
异形,5
比一比,5
没种,5
门禁,5
关键球,5
运算,5
质地,5
很秀,5
瓶装,5
国粹,5
西岸,5
一丁,5
若真,5
幽静,5
高薪,5
蒙口,5
高尔夫,5
可说,5
刀声,5
相比之下,5
残暴,5
敢爱敢恨,5
隐退,5
凯歌,5
起家,5
怪才,5
不鸣则已,5
地久,5
皮裤,5
曼哈顿,5
大老爷们,5
不遂,5
要论,5
会令,5
凶残,5
海天,5
愿用,5
出着,5
样样,5
一指,5
支离,5
杠上,5
人输,5
时至今日,5
方知,5
豁出去,5
冒个,5
超都,5
不可避免,5
后花园,5
摔门,5
老眼昏花,5
平缓,5
伤筋动骨,5
剪刀手,5
言喻,5
我前,5
曲江,5
老贝,5
洗劫一空,5
泯,5
开掉,5
压哨,5
会害,5
加时赛,5
没名,5
无数双,5
心高气傲,5
无所遁形,5
掉以轻心,5
全自动,5
钱该,5
东汉,5
当阳,5
供养,5
虽远必,5
长虹,5
棒棒糖,5
戴表,5
落实,5
抢滩,5
哥有,5
董直,5
快播,5
传教士,5
不利,5
欢呼雀跃,5
上升期,5
国门,5
健,5
思恋,5
宵小,5
开宗立派,5
臭脸,5
收米,5
新年快乐,5
百慕大,5
圈起,5
球型,5
走人,5
角儿,5
伤不起,5
胸怀大志,5
小拇指,5
庞,5
多有,5
八戒,5
华北,5
强得,5
得意忘形,5
闲到,5
纸面,5
最前沿,5
叱诧风云,5
排在,5
好多遍,5
不太清,5
寿命,5
几辆,5
间谍,5
睡眼惺忪,5
锐评,5
半个世纪,5
橄榄球,5
牛津,5
刷到,5
格洛克,5
坡子,5
艾佛森,5
刷屏,5
几夜,5
懒觉,5
抵拢,5
握麦,5
镁粉,5
晚自习,5
想得通,5
李昱佳,5
刘潇寒,5
姜瑞雯,5
杨辰,5
陈嘉胤,5
李源津,5
低音提琴,5
刘索菲,5
林再,5
机械舞,5
特里,5
祖卡木,5
像姆爷,5
热胜红,5
板报,5
披甲,5
礼券,5
会浪,5
乖皮,5
黑和白,5
亿万个,5
玖玖玖加,5
数以,5
千万亿,5
独壹,5
抖震,5
万星灿,5
烧开,5
Ö,5
驶得,5
两袋,5
成正比,5
去整,5
卡通片,5
两千,5
女士,5
顺滑,5
开脱,5
太精彩,5
可恨,5
那帮人,5
称个,5
撬动,5
半醒,5
没算,5
哥带,5
呼声,5
盘里,5
干净利索,5
包邮,5
莫大,5
顺心如意,5
无依,5
雄壮,5
读不透,5
仔女,5
热似,5
一号线,5
特邀,5
凉气,5
吭气,5
量级,5
多愁善感,5
克隆,5
拉文,5
妈宝,5
画框,5
污名,5
别逗,5
诗集,5
手风琴,5
急性子,5
女兵,5
王爷,5
威名,5
地铁口,5
直来直去,5
幅度,5
恶气,5
关押,5
叫花子,5
大维,5
韦恩,5
鱼尾纹,5
揭秘,5
混吃,5
臭骂,5
死海,5
卧倒,5
笔纸,5
铸入,5
低唱,5
背任,5
繁花似锦,5
相安,5
自醒,5
微雕,5
骑鹰,5
风雨如磐,5
首龙,5
人于,5
女排,5
扣杀,5
那愿景,5
七十个,5
蔓,5
会吐蕊,5
深入骨髓,5
杂苗,5
月桂,5
王璠,5
成语,5
过爱,5
你治好,5
发夹,5
摊个,5
升级成,5
蹉,5
合金,5
射线,5
强势,5
走红,5
腾飞,5
炒冷饭,5
淘金路,5
相差,5
投资人,5
黑鬼,5
点知,5
首座,5
签过,5
高之寒,5
条约,5
乐评人,5
狂叫,5
小样,5
搭车,5
五金店,5
好长,5
陕西省,5
口角,5
睡美人,5
耍个帅,5
太阳系,5
老千,5
大虫,5
生猛,5
大殿,5
醇厚,5
媚,5
来宝,5
强迫症,5
看用,5
练武功,5
隔音,5
佳音,5
中式,5
画室,5
日程,5
想慢,5
镇定剂,5
丑闻,5
书签,5
鼓吹,5
侠们,5
涩,5
虚线,5
咕噜咕噜,5
最鲜,5
冰糖葫芦,5
悦耳,5
大团结,5
仲,5
李雅芃,5
徐将,5
太棒,5
转场,5
无奇,5
疯起来,5
打牙祭,5
价格不菲,5
七八个,5
限号,5
立起,5
投中,5
六十四,5
用水,5
宇航员,5
佳话,5
你头,5
谭玉堂,5
耳背,5
更甜,5
他怕,5
猜猜看,5
男明星,5
血压,5
下线,5
水逆,5
享有,5
利亚,5
真酷,5
发卡,5
米开朗基罗,5
标点符号,5
欧米茄,5
坎坎,5
太对,5
跌个,5
寡淡,5
字辈,5
发电站,5
恩德,5
崭露头角,5
八仙桌,5
保送,5
谨防,5
一截,5
挝,5
哥老,5
塔下,5
鼻头,5
马赛,5
果冻,5
观光,5
炮击,5
曲听,5
爆笑,5
户主,5
逐年,5
立点,5
家规,5
水电费,5
箍,5
辈份,5
东奔西走,5
新一季,5
剧照,5
正片,5
价值连城,5
踢进,5
永动机,5
公元,5
全人类,5
万块,5
再带,5
人权,5
异国,5
联,5
初次见面,5
工作日,5
多分,5
危机四伏,5
멀,5
냥,5
피,5
반,5
친,5
탄,5
꾸,5
것,5
중,5
今年夏天,5
天文台,5
披头士,5
收看,5
铁板,5
我压,5
帮人,5
学过,5
拉进,5
面壁思过,5
白吃,5
大暴雨,5
买栋,5
笔在,5
罗布泊,5
获,5
点好,5
刚出,5
新唱片,5
资本主义,5
平等待遇,5
伴儿,5
烧毁,5
津巴布韦,5
券,5
暖心,5
手当,5
时装周,5
并不大,5
背带裤,5
山风,5
瞎晃,5
好活,5
利爪,5
信儿,5
恍如,5
弄醒,5
那匹,5
进爱,5
李荣浩,5
百感交集,5
人留,5
不厌其烦,5
穿山越岭,5
三不管,5
凤尾,5
谜面,5
装神,5
手会,5
拉过,5
花童,5
塌下来,5
发胶,5
烧酒,5
苦肉计,5
上切,5
洗车,5
返送,5
幽会,5
厂区,5
没含,5
潜移默化,5
低龄,5
种豆得豆,5
抢走了,5
打折扣,5
抢占,5
蒙太奇,5
呕吐物,5
声色,5
多要,5
脚筋,5
天像,5
这倒,5
骞,5
吹拂,5
盛情,5
仍旧会,5
老二,5
打钱,5
金价,5
缩头乌龟,5
拓展,5
高进,5
清点,5
勾手,5
金丝,5
云巅,5
自掘坟墓,5
练轻功,5
天象,5
叮铃,5
秋叶,5
哈扎,5
迈得,5
鼎,5
民俗,5
鸡鸭,5
法师,5
喷火,5
福祸,5
击鼓,5
辨,5
自古以来,5
幡,5
复读生,5
冤魂,5
无过,5
关某,5
放平,5
护驾,5
魁梧,5
酒菜,5
战死沙场,5
真废,5
屁多,5
要约,5
满大,5
气吞山河,5
乱花,5
炫丽,5
前台,5
宠辱不惊,5
殿,5
改名,5
时速,5
亭,5
田螺,5
得罪人,5
聊个,5
严密,5
我骗,5
抽身,5
每部,5
三瓶,5
诈,5
队列,5
排不上,5
数据分析,5
至极,5
摆渡,5
脏馆,5
没成,5
扳不倒,5
楷模,5
功亏一篑,5
下半身,5
这一晚,5
送卓卓本,5
前菜,5
百年之后,5
九月,5
省事,5
结拜兄弟,5
体表,5
内心世界,5
电筒,5
很深,5
开怀,5
哇呀呀,5
萨克斯,5
他用,5
出刀,5
有气无力,5
大钟,5
板砖,5
多用,5
耳蜗,5
不予理睬,5
地段,5
发生意外,5
鞘,5
见长,5
毒气,5
作恶,5
我立,5
言败,5
联军,5
直通,5
八碗,5
脱手,5
主刀,5
云台,5
顶风,5
小溪,5
蝈蝈,5
僧人,5
阴风,5
命数,5
亲身经历,5
傲视,5
妇女,5
寺庙,5
下达,5
那人,5
下方,5
观星,5
幸福美满,5
生命体,5
变动,5
阎王爷,5
仙气,5
本金,5
仰头,5
花骨朵,5
急速,5
猪脚,5
整首,5
烟丝,5
一动,5
打次,5
拼到底,5
就此打住,5
传言,5
风对,5
点睛,5
看眼,5
靓丽,5
倾慕,5
邮箱,5
不识抬举,5
哄笑,5
世风日下,5
中标,5
大同小异,5
大乐透,5
发出声音,5
炮台,5
紧盯,5
自认,5
耍把戏,5
保底,5
望月,5
创世纪,5
晚礼服,5
厨神,5
四押,5
哪家,5
酿,5
再忍,5
共商大计,5
规章,5
不太硬,5
铁麦,5
魔法师,5
生离死别,5
大闹,5
玛塔,5
这间,5
畏手,5
畏脚,5
刨开,5
耐受力,5
单孤,5
拼劲,5
骗走,5
贱命,5
水上漂,5
效忠,5
台底,5
千方百计,5
为营,5
独角戏,5
仿,5
特例,5
佳肴,5
荷,5
炼就,5
买套,5
就业,5
矮子,5
活口,5
码字,5
御剑,5
中行,5
挣来,5
华东,5
倒掉,5
虚弱,5
袍,5
父老乡亲,5
好战,5
同乡,5
千百遍,5
爹爹,5
讲授,5
玻璃片,5
露出马脚,5
佩奇,5
几百公里,5
有山,5
搞些,5
胜败,5
对口,5
阿尔卑斯山,5
掂量,5
自然法则,5
猎杀,5
街街,5
不负众望,5
公放,5
鬼节,5
众山,5
硫酸,5
官话,5
某处,5
相纸,5
盘中,5
愚人,5
百听,5
柱间,5
望见,5
微秒,5
焚化,5
劫匪,5
橙子,5
从心,5
彩带,5
忠,5
孝,5
穷到,5
脚气,5
半拍,5
先动,5
纯色,5
聚光,5
潘帅,5
心神,5
策略,5
王淼,5
闪动,5
有岸,5
小搏,5
追兵,5
那风,5
这命,5
中二病,5
跪久,5
打字机,5
船会,5
痴痴,5
醉话,5
冲别,5
麦穗,5
快马加鞭,5
分头,5
阁楼,5
弃权,5
咸鱼翻身,5
富饶,5
出面,5
吵杂,5
拆不散,5
无心插柳,5
歌写,5
星级,5
莫愁,5
新茶,5
挣个,5
分娩,5
钢琴曲,5
三九,5
扛得住,5
队员,5
夜班,5
倒吸,5
崇敬,5
切歌,5
道不明,5
各安,5
飘飘荡荡,5
不知深浅,5
光天化日,5
怪腔怪调,5
还太早,5
躲起来,5
浩,5
灵丹,5
下决心,5
缚鸡之力,5
着实,5
裂纹,5
物化,5
贵点,5
四下,5
偏心,5
比赢,5
登机口,5
胖来,5
点生,5
尿片,5
太水想,5
小太监,5
前早,5
全想造,5
甜守,5
痘,5
挽联,5
吐进,5
定有,5
崩裂,5
该败,5
东拼,5
西凑,5
斗有,5
错建满,5
讥诮,5
哔掉,5
格拉,5
益智,5
说不上来,5
游击战术,5
探入,5
胡懿,5
后录,5
雪山飞狐,5
他野,5
弄堂,5
且慢,5
怪杰,5
淋上,5
е,5
穹,5
拆下,5
快当,5
心惊,5
退票,5
衣冠禽兽,5
旧伤,5
蹿,5
喜成,5
两三个,5
四起,5
黑料,5
有嘻哈前,5
慢像,5
某点,5
急用,5
算来算去,5
东歪西倒,5
节骨眼,5
跳票,5
拆解,5
别靠,5
特征,5
生天,5
阿达,5
我梦中,5
麦浪,5
真怕,5
账来,5
分化,5
讲课,5
进退两难,5
绞架,5
从河东,5
酒逢知己,5
鑫,5
赴死,5
二十七,5
序,5
拉弓,5
闲扯,5
蛰,5
金迷纸醉,5
涉猎,5
大约,5
会到,5
卑贱,5
规劝,5
可好,5
主席台,5
敲定,5
管家,5
这批,5
烟屁,5
侵透,5
秒表,5
耕作,5
金刚钻,5
谷,5
再接再厉,5
义愤填膺,5
别拦,5
不学无术,5
筐,5
避世,5
云卷云舒,5
现今,5
镜中人,5
够快,5
镜像,5
ㄎ,5
ㄤ,5
西楼,5
无息,5
剖开,5
孕育出,5
饮马,5
擦鞋,5
接有,5
半盒,5
吃惊,5
小树林,5
玩弄着,5
机子,5
红透,5
不便,5
摇身一变,5
精神分裂,5
射穿,5
爱当,5
精明,5
穿成,5
人生道路,5
景物,5
壮观,5
昏天暗地,5
一不做,5
种树,5
成活,5
法杖,5
增强,5
扔下,5
手无寸铁,5
罗德曼,5
黑玫瑰,5
鸥,5
白卷,5
拼爹,5
哀求,5
听太多,5
九块,5
太苦,5
经不住,5
二不休,5
我们仨,5
照见,5
健康成长,5
诵经,5
却面,5
天上人间,5
腾出,5
两段,5
聊斋,5
弹得,5
施工,5
一开,5
十字路,5
不能逃避,5
拖垮,5
盗亦有道,5
向外,5
惦记着,5
冯笑,5
奥妙,5
长高,5
证实,5
纵观,5
交过,5
先入为主,5
隐匿,5
脱光,5
大合唱,5
数据线,5
未婚,5
未嫁,5
相欠,5
下文,5
市场营销,5
自控,5
各凭本事,5
放低,5
令箭,5
大波浪,5
救生圈,5
偷税漏税,5
知乎,5
过激,5
划上,5
激素,5
额度,5
光宗耀祖,5
入怀,5
没玩过,5
落灰,5
椅背,5
长腿,5
配图,5
擅自,5
遗失在,5
小贾,5
史蒂芬,5
打法,5
复合,5
赛博,5
撒网,5
浩克,5
最不缺,5
毛肚,5
爬越,5
红心,5
沙坪坝,5
样式,5
小悔,5
作呕,5
对别,5
被拉低,5
糖分,5
朝朝暮暮,5
越烈,5
蝶,5
随烟,5
鱼肚白,5
曲目,5
被单,5
物价,5
守好,5
输在,5
薛之谦,5
吹破,5
一挑五,5
他别,5
打扰到,5
吃力,5
始末,5
贫寒,5
念想,5
身居,5
一句句,5
三十块,5
干粮,5
搬回,5
怆然涕下,5
逐鹿,5
炸出,5
七十二,5
人当,5
话不投机,5
堂吉诃德,5
战机,5
九尾,5
挑战者,5
艳阳高照,5
宣读,5
巨响,5
打渔,5
黄子,5
首位,5
嚼舌根,5
改变现状,5
债主,5
寄人篱下,5
一大块,5
问要,5
圆心,5
圆圈,5
冢,5
戎马,5
案上,5
孤烟,5
酩酊,5
吹角连营,5
砂石,5
酣畅淋漓,5
之人,5
怎会怕,5
含笑,5
广泛,5
小红书,5
花痴,5
投放,5
人后,5
显贵,5
领个,5
野味,5
求生欲,5
戴起牌,5
切开,5
祭祀,5
结算,5
高压电,5
大一岁,5
狼人,5
跨世纪,5
抄到,5
靠垫,5
膏药,5
论文,5
洛城,5
做秀,5
条纹,5
一叠叠,5
踮,5
杯里,5
我时,5
遣散,5
流川枫,5
小鬼头,5
捕鱼,5
我存,5
单依纯,5
大半,5
盖子,5
我许,5
充了,5
戴假,5
蜕,5
鼓得,5
光像,5
做庄,5
风吟,5
风过,5
摔过,5
上堂,5
天门,5
行得,5
笑脸相迎,5
要动,5
福报,5
猛龙,5
风大,5
心服,5
下位,5
九天,5
凳子,5
招摇撞骗,5
奶瓶,5
抻,5
扶贫,5
峻岭,5
稻草人,5
盲盒,5
填上,5
化学反应,5
二路,5
进阶,5
甩出,5
さ,5
节目组,5
中介,5
滑梯,5
发新歌,5
遛弯,5
伤心落泪,5
迷乱,5
叫唤,5
二十三岁,5
辟邪,5
南街,5
撑得住,5
心去,5
膘,5
傻帽,5
免去,5
换作,5
池中,5
太暗,5
依依不舍,5
皎,5
佛前,5
荼,5
砝码,5
但求,5
兰特,5
票面,5
群架,5
关刀,5
今时,5
井下,5
声讨,5
高官,5
规整,5
大涨,5
场下,5
赶鸭子上架,5
几辆车,5
红布,5
涂料,5
布料,5
庆贺,5
一览无余,5
躲躲藏藏,5
受苦,5
见面会,5
喊破,5
再别,5
床尾,5
还装,5
登堂入室,5
顶天,5
报价,5
凉皮,5
鱼线,5
遥遥无期,5
爱国,5
太乖,5
开球,5
飘动,5
陡,5
神到,5
共苦,5
匪气,5
搞不好,5
专研,5
没饭,5
强奸,5
黄鬼,5
比到,5
影帝,5
绕道,5
钱和权,5
欧哥,5
拜码头,5
威远,5
用情,5
霓裳,5
罪罪,5
问风,5
勤为,5
出用,5
小蛮,5
换锦服,5
草垛,5
张伊然,5
我太狂,5
不宜,5
打人,5
妇炎洁,5
追得,5
梦头,5
程程,5
学他,5
嫌贫爱富,5
哩人,5
一扣,5
摆得,5
金标,5
瑞斯,5
急刹,5
小蜜蜂,5
清华,5
再赌,5
走兽,5
새,5
움,5
一大早,5
네,5
분,5
달,5
애,5
강,5
백,5
작,5
똑,5
小老鼠,5
二娃,5
먹,5
几儿,5
饱读,5
得太早,5
江山美人,5
一怒,5
风骨,5
崩盘,5
踏青,5
不枉,5
鸿雁,5
自问,5
背刺,5
气数,5
六道轮回,5
张嫚宸,5
抓稳,5
叶俊和音,5
青花瓷,5
楼兰,5
北斗七星,5
蜻蜓点水,5
大屏幕,5
玄,5
严,5
打高尔夫,5
笙箫,5
半包,5
越牛,5
别饶,5
高亢,5
巍巍,5
数月,5
刘柏辛,5
江山如画,5
万世,5
易如反掌,5
孔明,5
一骑,5
心术不正,5
疏狂,5
黄页,5
孤魂,5
尽收眼底,5
铁马,5
复燃,5
阳寿,5
为求,5
彬子,5
无期,5
真要,5
哪路,5
不正经,5
已故,5
牧马,5
闲云野鹤,5
保持平衡,4
掇只,4
纷繁,4
深藏不露,4
自转,4
破折号,4
语态,4
這條,4
气韵,4
仿古,4
油然而生,4
来丁山,4
宝马香车,4
搿,4
有朵,4
乌镇,4
事体,4
言话,4
倷,4
启示录,4
轰轰,4
不太长,4
电灯泡,4
对症下药,4
眼熟,4
山西太原,4
搬离,4
张大嘴巴,4
岔开,4
棋逢敌手,4
撒个,4
山当,4
扇动翅膀,4
比重,4
三百公里,4
十一月,4
跟唱,4
王烁,4
能看懂,4
造假,4
家才,4
拐跑,4
半夜里,4
三好学生,4
要信,4
龙城,4
摘不掉,4
上银幕,4
装醉为,4
播出去,4
艺里,4
新马泰,4
唐诗三百,4
剪纸,4
换边,4
狗刨,4
捷报,4
山王,4
跌破,4
考前,4
风景优美,4
帕子,4
闯当,4
放浪形骸,4
排起队,4
大黄蜂,4
呆头呆脑,4
接头,4
唱法,4
五岳,4
大悲,4
摆置,4
丢们,4
知味观,4
包容性,4
炒牛河,4
捉摸,4
无虑,4
抢票,4
连成线,4
杭州话,4
路车,4
哥谭,4
不太像,4
喜剧之王,4
新家,4
三顿,4
来画,4
加成,4
哪见,4
世事难料,4
正脸,4
想取,4
做证,4
一般般,4
诵读,4
蜀地,4
向南,4
若狗,4
帆布袋,4
爱背,4
海湾,4
大姨,4
笑语,4
开够,4
衔接,4
妙语连珠,4
背黑锅,4
跳街舞,4
椰子树,4
这钱,4
单子,4
龙拳,4
人够,4
时路,4
认求,4
能源,4
国宝,4
走管,4
实行,4
临阵脱逃,4
精分,4
摊子,4
扫去,4
炮合,4
王鲁飞,4
改当,4
老翁,4
错闭,4
越闻越,4
飘落在,4
来放,4
已得偿,4
幻变,4
倪方来,4
跃,4
变与幻,4
的花海,4
吹哈,4
蒲扇,4
知根,4
有缘人,4
智齿,4
身于,4
将致,4
稍有不慎,4
眼睁大,4
葬送,4
陪同,4
想说爱,4
限于,4
庄子,4
斯巴达克斯,4
退败,4
半圈,4
疯来,4
爆快,4
梅花桩,4
南无,4
镶边,4
郑智远,4
货车,4
相摆,4
大起,4
大落,4
姘,4
新村,4
端酒,4
大锅,4
跳崩,4
防寒服,4
般儿,4
王蛤蟆,4
包甜,4
手机号,4
道儿,4
阿彬,4
有花,4
王振宇,4
认罪,4
招架不住,4
心气儿,4
比乎,4
点用,4
杭州人,4
菜园,4
奏琴,4
那绕,4
日进,4
硬装,4
个音,4
西双版纳,4
写到,4
吊针,4
百事,4
有根,4
鲁豫有约,4
起搏器,4
停止不前,4
很凉,4
省吾身,4
更火,4
低到,4
水库,4
鲤鱼打挺,4
比拿个,4
牙膏,4
失去知觉,4
大厅,4
不亲,4
美洲,4
海深,4
集聚,4
几趟,4
揭示,4
喷薄,4
口述,4
不喜,4
恍,4
穷林,4
孝心,4
少青,4
拘票,4
修怪,4
次货,4
总愛,4
自破,4
不攻,4
北洋,4
自知之明,4
发急,4
结语,4
我太强,4
无度,4
归为,4
跳莎,4
跳莎莎,4
味王,4
伪君子,4
美到,4
路标,4
大金,4
传神,4
乱写,4
太蠢,4
点狠货,4
外向,4
蒙圈,4
谈婚论嫁,4
奇门遁甲,4
尔克,4
金少,4
细糠,4
山猪,4
吃不来,4
厚薄,4
不点,4
农药,4
赏点,4
恶言,4
其名,4
刚进,4
梆硬,4
叔伯,4
贵物,4
定到,4
想换个,4
美好世界,4
手冲,4
面不改色,4
入骨,4
两三次,4
酒进,4
顶得,4
想会,4
你算个,4
娇妻,4
养不活,4
贫富差距,4
用过,4
炸场,4
融解,4
花粉,4
照梳,4
挂带,4
恰逢,4
有件,4
增高,4
伞兵,4
收服,4
防伪,4
再理,4
我丧,4
开不来,4
圣代,4
巴宝莉,4
养伤,4
祝英台,4
梁山伯,4
差些,4
詹胜,4
移情别恋,4
口点,4
花红,4
弟娃些,4
护送,4
几勒,4
七辣,4
风评,4
飘零,4
暗香,4
烟雨楼,4
白雪皑皑,4
廉,4
下颚,4
吸口,4
冲毁,4
人参,4
溺,4
不退,4
坐骑,4
几千几百,4
千人,4
来得早,4
门当户对,4
恐高,4
死死的,4
安安,4
自已,4
走后门,4
如狗,4
集会,4
儿一,4
多强,4
隐身,4
正比,4
忘怀,4
某日,4
借酒浇愁,4
贴膜,4
掠走,4
曾经沧海,4
顷刻,4
几处,4
普照,4
之势,4
壮志凌云,4
多丑,4
核对,4
仇视,4
胁迫,4
财务,4
换班,4
撇脱,4
随身带,4
歇歇,4
和善,4
最恶,4
差到,4
天文,4
戳戳,4
金块,4
通货膨胀,4
人人有责,4
一对一,4
装不出,4
干呕,4
祸不单行,4
家常,4
沉痛,4
亮度,4
版面,4
满座,4
急呀,4
会爱上,4
整把来,4
蒙起来,4
重拾,4
竹海,4
无情无义,4
往下沉,4
闭紧,4
凹凸,4
第一声,4
帮不了,4
忸怩,4
懂娃,4
晚活,4
剩一,4
纵享,4
绝情谷,4
超神,4
维多,4
水仙花,4
谢帆,4
吉里,4
一切办法,4
冉冉升起,4
待会,4
断过,4
不予,4
弗朗,4
蜜糖,4
一整,4
会不离,4
招待所,4
逗着,4
人愿,4
安享晚年,4
接得克骗,4
操走,4
安拿,4
破记录,4
民把,4
做手脚,4
选往,4
四路,4
大兴,4
颐和园,4
另辟蹊径,4
蚁,4
旱,4
巴莫,4
吃桃,4
棍扫,4
能奈,4
儿云,4
간,4
떠,4
剔骨,4
钓点,4
咂勒种,4
咂嘴,4
老和尚,4
分崩离析,4
贴紧,4
没哈数,4
要敬,4
贯彻到底,4
有酒,4
前排,4
去不去,4
摸金校尉,4
当爸,4
双指,4
至始,4
至终,4
佩琦,4
长篇大论,4
破路,4
最苦,4
不买账,4
哈娜,4
蕾,4
成名曲,4
老血用,4
绝食,4
拂晓,4
勾八,4
冬冬,4
毛骗,4
恐,4
包得,4
薄弱,4
黒,4
储存,4
QQ号,4
记都,4
接艾,4
绝唱,4
讨要,4
换件,4
小酒,4
千克,4
路由,4
半面,4
有多强,4
郭舒文,4
任胤蓬,4
天南海北,4
无一,4
泥娃娃,4
江珂,4
风阴,4
晴时,4
无荒,4
好乐,4
还赖,4
刮伤,4
输个,4
不必要,4
懒到,4
跟姐,4
沉积,4
没脸,4
谈过,4
老马,4
流都,4
방,4
同爱同,4
该放,4
留张,4
优柔,4
百尺竿头,4
要徒,4
梦太多,4
银线,4
讲错,4
半死不活,4
雪儿,4
刘畅,4
孙鑫,4
清冽,4
直言不讳,4
倍感,4
食草动物,4
汤长个,4
演变,4
暗箭,4
敢干,4
停不住,4
不疲倦,4
着凉,4
稳准狠,4
百家,4
跑堂,4
生死状,4
动身,4
霍氏,4
一溜,4
马溜,4
翻箱倒柜,4
大马路,4
慢放,4
我无路,4
起來,4
渗入,4
默许,4
籽,4
赞不绝口,4
夺回来,4
蛮荒,4
灰蒙,4
中计,4
提高警惕,4
图图,4
担待,4
实施,4
一嘴,4
嫩芽,4
离间,4
再造,4
批量,4
步棋,4
放佛,4
糟心,4
零用钱,4
或許,4
兌現,4
飆,4
爬上去,4
累要,4
躲猫猫,4
一换,4
前凸,4
土牛,4
我糊,4
拾取,4
广柑,4
龙龙,4
变低,4
48.8,4
万八千,4
压下来,4
雅痞,4
出台,4
塔利,4
注意安全,4
二手车,4
名模,4
风和雨,4
歌詞,4
靠椅,4
别站,4
西格玛,4
旧友,4
冻起,4
轻装,4
我间,4
碰一,4
打呼噜,4
人死,4
骑个,4
暗怼,4
赞誉,4
绒毛,4
集资,4
胡求,4
撒格,4
图财,4
翻点,4
军师,4
折成,4
看哥,4
倍率,4
卡刷个,4
伙猛,4
小组,4
你勒人,4
烧菜,4
蜕皮,4
清好,4
留底,4
行错,4
解数,4
最响,4
字号,4
整支,4
新北市,4
手争,4
虚有,4
穿不下,4
年轻一代,4
发际,4
妙妙妙,4
没关,4
挡得住,4
란,4
碘酒,4
钟欣,4
敢过来,4
不为过,4
付账,4
附上,4
只值,4
考完,4
难买,4
笔去,4
敌友,4
贺川,4
除算儿,4
椒,4
穿肠,4
半城,4
先戴,4
天仙,4
他帅,4
金丝雀,4
十件,4
因身,4
只卖,4
山泉,4
蒜泥,4
歇嘿,4
礼品,4
伟哥,4
吃不住,4
既有,4
八点档,4
压飞,4
春心荡漾,4
尾兽,4
闭闭,4
管辖区,4
十二分,4
帕拉,4
求知,4
进驻,4
个球,4
立碑,4
母体,4
扎手,4
毒刺,4
虎穴,4
瞎扯,4
人迹罕至,4
鬣狗,4
同归于尽,4
CD机,4
一退,4
透出,4
游戏币,4
光剑,4
踏步,4
你配,4
整体,4
首当其冲,4
姐弟恋,4
绿草,4
白骨精,4
男女关系,4
两面派,4
免谈,4
时事,4
下错,4
八级,4
人关,4
乙方,4
好多天,4
失神,4
夸父逐日,4
榴弹,4
有机,4
制造机,4
狙杀,4
磡,4
弗洛伊德,4
盘棋,4
塞进去,4
相匹配,4
分毫,4
每字,4
逛公园,4
洺,4
相看,4
答辩,4
顶撞,4
当哥,4
嗷嗷叫,4
不硬,4
威慑,4
说白,4
越燥,4
前年,4
道德败坏,4
巨兽,4
出声,4
巨臭,4
解体,4
迷途知返,4
推荐信,4
益生菌,4
旦夕祸福,4
前见,4
拨云见日,4
猎枪,4
夸夸其谈,4
水泡,4
三十年河东,4
盒里,4
晕车,4
转型,4
附身,4
宁缺毋滥,4
矬子,4
没工夫,4
安迪,4
遭得,4
十条,4
回头一看,4
几百首,4
车停,4
捂到,4
移出去,4
群主,4
记记记,4
婆问,4
香喊,4
货堆,4
维也纳,4
响尾蛇,4
这累,4
滴酒,4
批事,4
纳兹多,4
灯丝,4
互相残杀,4
抽大,4
始皇,4
吕不韦,4
出土,4
会骗,4
脱下来,4
如龙,4
居民,4
拆光,4
爱理不理,4
假闺蜜,4
下蛋,4
传染给,4
跑出去,4
水滴石穿,4
尔萨,4
满到,4
干涩,4
身板儿,4
爆肝,4
车去,4
车往,4
伪劣产品,4
水洗,4
中午饭,4
通臂,4
嘴儿,4
环法,4
之辈,4
散弹枪,4
聊干,4
像妮琪,4
吞肚,4
田蜜,4
还开,4
能回,4
说晓川哥,4
温室花朵,4
湾区,4
胡了,4
茅山,4
太淡,4
五套,4
无稽,4
李建,4
于嘉萌,4
陈铭线,4
文火,4
引火上身,4
加闭,4
猬,4
米娜,4
少花点,4
塔里木,4
沙海,4
虎头,4
几罐,4
张泽宥,4
寄予厚望,4
之大,4
恭迎,4
礼仪,4
坦荡荡,4
乐高,4
吸烟,4
彭乙航,4
艾瑞欧,4
奶嘴,4
腥红,4
肠道,4
逾期,4
透肉,4
借贷,4
铺平,4
张哥,4
所能,4
或阳,4
木桶,4
木鱼,4
小黑子,4
坏透,4
长疮,4
拉勾,4
两万块,4
哪截,4
楼脚,4
郎君,4
石柱,4
行色,4
堵起,4
玩嘻哈,4
翻假,4
爱难,4
能见,4
温床,4
韩,4
莱昂纳多,4
没轮,4
说哩,4
拿哩,4
磨成,4
笑点,4
眉梢,4
宇航,4
偷起,4
省钱,4
行渐,4
人渐,4
鱼洞,4
正向,4
第四年,4
无神论,4
歪嘴,4
听取,4
維持,4
當,4
搭手,4
吹瓶,4
耍哩,4
指母,4
低点,4
形而上,4
失乐园,4
炸断,4
伐木,4
尊老爱幼,4
佩,4
大半生,4
黄纸,4
伙弄,4
胃痛,4
几顿,4
绕圈圈,4
皮包骨,4
半寸,4
但学,4
一晃而过,4
唬人,4
前先要,4
右拐,4
泼出,4
病毒感染,4
人举,4
三妻四妾,4
孔子,4
鼻托,4
寒凉,4
小茹,4
接不上,4
整宿,4
十五六岁,4
小崽们,4
困难重重,4
赵楚峰,4
圆缺,4
正经人,4
氹,4
咒怨,4
唱快,4
开裆裤,4
那先,4
得学,4
三连冠,4
摆在面前,4
还握,4
后怕,4
脚臭,4
珠穆,4
瓷带,4
不合时令,4
仇解,4
并论,4
黄猿,4
威哥焯,4
顶不起来,4
爆说,4
水井,4
尤物,4
越战越勇,4
太爽了,4
得路,4
生意人,4
抽成,4
低能儿,4
我勒种,4
打太多,4
王炸得,4
卡加,4
太红,4
显露出,4
太子党,4
消完,4
杨戬,4
五打,4
众越,4
凯龙瑞瑞,4
供应,4
九寨沟,4
西施,4
饭桶,4
差太多,4
爆胎,4
结界,4
拿范,4
好股,4
罗家,4
艾鼠,4
整了件,4
马哥,4
闲切,4
果酱,4
曲奇,4
走私,4
会轮,4
太饱,4
手术台,4
耍烂,4
任可,4
波派,4
菠萝蜜,4
单眼皮,4
五角星,4
滑冰,4
礼服,4
开展,4
全球通,4
肚子疼,4
移山,4
苹果派,4
火咯,4
施瓦辛格,4
泡菜,4
笑了笑,4
卖火柴,4
用户,4
竞速,4
第八,4
想藏,4
喷火龙,4
Inc.2019,4
每关,4
沙地,4
沉在,4
索隆,4
火龙,4
照完,4
代替品,4
钱往,4
星儿,4
中拉,4
腰杆子,4
民以食为天,4
姥爷,4
王晶,4
生到,4
鼹鼠,4
结下,4
玩笑话,4
流涕,4
难以捉摸,4
咸咸的,4
里海,4
几打,4
很骚,4
晒衣,4
百达斐丽,4
出出,4
简称,4
万事通,4
撇要,4
钉钉子,4
超先要,4
领班,4
钻扮,4
外科,4
七折,4
移,4
风湿,4
黄四郎,4
披到,4
出柜,4
总请,4
坎肩,4
跳绳,4
几成,4
装书,4
兮兮,4
西昌,4
赤胆,4
不懈,4
液化气,4
藏右,4
砸门,4
置信,4
镇压,4
填词,4
勤勉,4
锄强扶弱,4
众多,4
增进,4
会面,4
是非功过,4
行文,4
东成西就,4
钢印,4
崭,4
我者,4
素衣,4
负载,4
中分,4
挑明,4
出水,4
华强,4
缺墨,4
惊起,4
李奥纳多,4
裙,4
柳丁,4
鸟鸣,4
南风,4
怡鑫,4
刘瑞阳,4
画成,4
苏堤春,4
波光粼粼,4
医者,4
几栋,4
乱洒,4
有大,4
爸要,4
木屋,4
湖人队,4
披肩,4
头房,4
抽奖,4
被勒出,4
纱窗,4
掀拉吓,4
过收,4
莫耍,4
于事无补,4
迁徙的鸟,4
酒柜,4
检验,4
没得路,4
花蜜,4
自取,4
太欠,4
刹割,4
没票,4
惹人爱,4
老莫得,4
吸音棉,4
满墙,4
境外,4
遛鸟,4
努力创造,4
字爽,4
水泊,4
车技,4
克利夫兰,4
泛舟,4
文墨,4
现世,4
木质,4
干吗,4
按响,4
丽影,4
五虎将,4
吊炸,4
华山,4
直上,4
作假,4
劈个,4
之首,4
前后左右,4
镜框,4
一尘,4
人心隔肚皮,4
地中海,4
元朝,4
拉斯维加斯,4
两面性,4
没用过,4
埋着,4
细语,4
喷撒,4
撑开,4
塑像,4
欧式,4
梧桐叶,4
黄梅天,4
大雪纷飞,4
白烟,4
没准儿,4
放射出,4
肺部,4
湿热,4
戏虐,4
跑不了,4
空港,4
北美,4
最土,4
发发,4
苍劲,4
棺,4
嗶哩,4
划划,4
逃匿,4
韩剧,4
小磨,4
某年某月,4
迷信,4
赏脸,4
敢当,4
灵符,4
马家湾,4
早当家,4
干求,4
每片,4
撒拉,4
撞落,4
贵州省,4
太慈桥,4
坡大猫,4
投井,4
抵满,4
疯起,4
入爱,4
飞过来,4
城隍庙,4
医护人员,4
山楂,4
一波又起,4
一波未平,4
往年,4
惰气,4
信守,4
学医,4
沾湿,4
树荫,4
会谈,4
张伯川,4
你爷,4
强滴,4
点金,4
息息相关,4
六便士,4
新型,4
轻敲,4
预制,4
够味儿,4
告哈嘛,4
喃叫,4
李纹,4
扫咯,4
儿刹,4
丁点儿,4
几給,4
人非求,4
多拿样,4
泡温泉,4
白哩,4
酉阳,4
哥谢,4
郭琪,4
脂干,4
鱼油,4
支链,4
百公斤,4
我涨,4
恤谢,4
沃土,4
蓝湖,4
歌太炸,4
钱越,4
拍戏,4
二遍,4
宝马车,4
发软,4
串串香,4
互帮互助,4
马杀鸡,4
全省,4
太少整,4
成吨,4
左拐,4
各平,4
碰哈,4
想下,4
差哩账,4
一百一十,4
该囊个,4
储蓄卡,4
揽佬仔,4
想加,4
见闻,4
下树,4
松动,4
烹调,4
鱼肉,4
颓败,4
正像,4
楼外,4
侵略者,4
娇媚,4
红叶,4
杨怿,4
曲调,4
逃进,4
路种,4
拉开序幕,4
请容,4
穿金,4
敛财,4
一命呜呼,4
冠名,4
一两,4
上种,4
受惊,4
玛丽莲,4
采耳,4
皮开肉绽,4
月夜,4
同飞,4
酷夏,4
毒瘤,4
蓝灯,4
倾述,4
华盛顿,4
传家宝,4
首页,4
下红印,4
血书,4
政企,4
姚,4
感让,4
之颠,4
拔苗,4
卖家,4
ᴄ,4
ᴋ,4
虫草,4
赖子坡,4
素朴,4
勒神带,4
一砖,4
ꐮ,4
ꏣ,4
ꁘ,4
ꉂ,4
ꀁ,4
菜里,4
当别,4
万马,4
自取其辱,4
一统,4
黎智,4
安居,4
蒙古族,4
亿个,4
于棠,4
旺发,4
庞图,4
晖,4
烜,4
陈杰,4
ꌌ,4
른,4
탕,4
침,4
素来,4
哎来,4
中华文化,4
一脉相承,4
壮族,4
乡亲们,4
自强不息,4
西门町,4
隔海相望,4
妈生,4
台湾同胞,4
不忘初,4
沧州,4
뛰,4
몸,4
묶,4
족,4
섯,4
밷,4
坚措,4
艾耀,4
勒门,4
哈对,4
发飘,4
发泡,4
把勒个,4
清理门户,4
四零,4
女厕所,4
错队,4
吃里扒外,4
賊,4
正蛮,4
老苍,4
催带,4
现况,4
留胡子,4
泛音,4
破钱,4
卷根,4
滑入,4
深怕,4
后海,4
六块,4
牛牛,4
荆楚,4
大有,4
袁乾,4
西日布,4
管子,4
偷点,4
电饭煲,4
骂骂,4
搭白,4
最奥,4
日脑,4
勺头,4
不鬼闹,4
接条,4
等价,4
看护,4
你弹,4
赦免,4
特仑苏,4
片子,4
姐夫,4
归家,4
少吃点,4
子弟兵,4
算賬,4
麻花,4
儿好,4
噱,4
金漢,4
金算,4
金漢歌,4
萬丈,4
煞氣,4
劍,4
我來,4
岂敢,4
闖過,4
衝敢,4
好漢敢,4
癢,4
兩,4
随地吐痰,4
遭宰,4
給,4
曾經,4
大点,4
我肯,4
幸福快乐,4
天国,4
勒魂,4
出脱,4
死罪,4
黑灯瞎火,4
头屑,4
很多很多,4
像片,4
情圣,4
烧干,4
傻逼们,4
当前,4
葱仔,4
不愁,4
骚不骚,4
马热罚,4
撒起,4
有底,4
会头,4
产起,4
結果,4
生下,4
两粒,4
老大哥,4
装聋,4
偷跑,4
点油,4
芝麻酱,4
吹开,4
才气,4
外码,4
龟山,4
风寒,4
高雄,4
斗阵,4
门要,4
山西大同,4
领土完整,4
大中华,4
蚵,4
早眼,4
野了介,4
台湾人,4
饮水,4
活生生,4
往下面,4
鬼门关,4
总学,4
只谈,4
带去,4
余温,4
观测,4
从那以后,4
事上,4
品相,4
他杀,4
红着眼睛,4
敷,4
来整,4
分镜,4
必究,4
知识产权,4
无损,4
版如,4
抓瞎,4
华林,4
眼见,4
上上下下,4
豹子头,4
我考,4
太轻,4
给面子,4
护心,4
最猛,4
枯海,4
罪恶滔天,4
二零,4
打井,4
黄叶,4
二零一,4
力力,4
最值,4
交卷,4
身怀,4
第几回,4
左臂,4
寒暑假,4
扫尽,4
地怪,4
上点力,4
有火,4
帮理,4
重案,4
凿穿,4
售后,4
人头攒动,4
随声附和,4
咽进,4
雨大,4
这哥,4
无神论者,4
干瓶,4
纳闷儿,4
实干家,4
自立门户,4
仅限,4
气性,4
弱不禁风,4
乒铃,4
傲着,4
得悄,4
传动,4
冲击钻,4
人哥,4
费费,4
落像,4
音乐声,4
八嘎,4
高速运转,4
麟,4
兵马俑,4
灵灵,4
发紧,4
太小太,4
愛過,4
一赛赛,4
受骗,4
太大非,4
钢筋铁骨,4
神仙下凡,4
多磨,4
亡命之徒,4
灰黑,4
必承其重,4
玫瑰色,4
边见,4
头文字,4
挨到,4
张怡宁,4
真蠢,4
哈库,4
噪音量,4
靠心,4
没气针,4
先删,4
先拉满,4
花衣裳,4
多种多样,4
迷了眼,4
名与利,4
顶礼膜拜,4
酷当,4
见多识广,4
审哈,4
试想,4
唱赞歌,4
幸运儿,4
贬义词,4
醺,4
脑梗,4
时养,4
抵过,4
和利,4
口岸,4
哪酿,4
湖西,4
窗不带,4
得动,4
棕林,4
冰刚,4
下克,4
散散,4
组装,4
金鸡独立,4
橡皮船,4
磁卡,4
拍进,4
遛弯儿,4
月月年年,4
很嘻哈,4
一十九,4
哈狗帮,4
紅色,4
自由散漫,4
王炸牌,4
往土里,4
我唱尼是,4
光洒,4
詹,4
朝南,4
评,4
耶安啦安,4
七环,4
关颖,4
牛纸,4
有史,4
发紫,4
兩個,4
耶誕,4
聖誕節,4
叮噹,4
耶诞,4
偷情,4
不念,4
光阴荏苒,4
静看,4
这水,4
首个,4
可寅,4
太阳雨,4
万语,4
飞蝶,4
开学,4
走花,4
肯迪,4
火遍,4
痛爱,4
敲烂,4
转够,4
泪转,4
千言,4
钟祺谢,4
丧气话,4
要有光,4
恶狼,4
冷菜,4
该留,4
剩半罐,4
哭肿,4
正为,4
粘不腻,4
犹豫未决,4
骨质,4
摆臂,4
硬拉硬,4
CS1.5,4
履行义务,4
首尾,4
疏解,4
连成一气,4
太密,4
第一手,4
抽断,4
FM97.4,4
扣碎,4
班儿,4
泰罗,4
低层,4
白龙,4
老卵,4
魏允熙,4
奥特,4
拆开来,4
精心设计,4
前嫌,4
奔雷,4
我牌,4
无微不至,4
多人多,4
杨溢升,4
说变,4
好少,4
炒股,4
系边,4
钓到,4
护甲,4
味好,4
披个,4
狂澜,4
花子,4
蔡梦珏,4
胡圣羽,4
靓模,4
张远,4
狂言,4
断言,4
匀,4
何廖侣,4
江堤,4
旁晒,4
包里装,4
Mk3.0,4
金沟,4
踏踏实实,4
条奔周,4
举世,4
远亲,4
公文包,4
佰,4
学飞,4
币头,4
四只,4
一二三四,4
要成,4
小道,4
三万五千,4
神农架,4
水源,4
鄂西北,4
这无解,4
听琴,4
下趟,4
快炸,4
罢工,4
猖,4
太有样,4
是力,4
去造,4
比方说,4
享,4
人掉,4
迈大,4
丁俊晖,4
搋,4
心在动,4
它本,4
歌多,4
香饽饽,4
正上方,4
嘴脏,4
劲头,4
酸加,4
仪,4
椭圆,4
玉皇大帝,4
几脚,4
特能,4
腦帶,4
实实在在,4
空天,4
夏之光,4
秦天,4
刘璇,4
爬山虎,4
保我豫,4
双桨,4
可有,4
劝导,4
只欠东风,4
莫提,4
洋流,4
童,4
涌进,4
咬人,4
布好,4
梦里流,4
大坑,4
怪客,4
河路,4
夏之禹,4
金花,4
仅此一次,4
海平线,4
十一点,4
秉承,4
透明人,4
棋局,4
客服,4
如麻,4
年岁,4
梳妆台,4
局促,4
女权,4
冰种,4
浪涌,4
陆上,4
烦着,4
增大,4
中望,4
玄武,4
迎新,4
辞旧,4
问一问,4
轻声细语,4
东三省,4
挺会,4
温润,4
多瑞,4
连鼓,4
免单,4
小跑,4
但花,4
空堆,4
约场,4
租金,4
首秀,4
犊子,4
人忙,4
撒开,4
比过,4
无异于,4
公狗,4
楼底,4
顽抗,4
花枝招展,4
酿噪,4
瓜新血,4
去伪存真,4
最笨,4
健全,4
驴子,4
毛绒玩具,4
耐尔,4
特纳雄,4
椰汁,4
会差,4
笑贫不笑娼,4
犯着,4
酒吧街,4
知一白,4
难闻,4
第一块,4
这栋,4
名贵,4
有起,4
不称职,4
五棵松,4
警笛声,4
破散,4
披头散发,4
木吉他,4
花灯,4
挂肚牵肠,4
烤火,4
弹匣,4
词和曲,4
小写,4
续上,4
时爱上,4
时爱,4
茗,4
转化,4
会议室,4
紫竹林,4
美先,4
探遍,4
桃桃,4
芝芝,4
正式版,4
弄脏了,4
石沉大海,4
旅人,4
唱支,4
收在,4
拜瑞思,4
惹次,4
能淡定,4
部渡,4
戦,4
战部渡,4
红谷滩,4
英雄城,4
起拉个,4
儿儿,4
伊力,4
为儿,4
八上,4
怪白,4
繁空,4
明灭,4
ꌫ,4
索玛花泛,4
ꑾ,4
ꐱ,4
ꌬ,4
当间儿,4
利整,4
惹天,4
放光芒,4
烟吸,4
小萝卜,4
奇沃夫,4
望一望,4
抽丝剥茧,4
快飞,4
折法,4
蚊,4
渣化,4
化渣化,4
杀血,4
朱雀,4
格桑旧,4
陈翔,4
梦断,4
逐远云空,4
欢情,4
双鱼,4
哐,4
ꂙ,4
ꋠ,4
崽兒,4
撒泼,4
红旗街,4
偷儿,4
一迈,4
如何是好,4
方便袋,4
散散漫漫,4
银行存款,4
哪活,4
多哈,4
子子子子,4
格依哟,4
士士士士,4
车轨,4
用做,4
辛为,4
盗刻,4
中藏,4
一毛,4
往东,4
挥过,4
鸟悄,4
大白,4
上岁数,4
地废,4
山后,4
ꆦ,4
ꅸ,4
ꆳ,4
ꄂ,4
ꊌ,4
ꁣ,4
ꊽ,4
ꉛ,4
ꏸ,4
ꉖ,4
ꋊ,4
ꎆ,4
那山高,4
ꇗ,4
ꈎ,4
煎起,4
彝家,4
ꉉ,4
卡牌,4
超耍,4
苏世,4
拿拿龙,4
眼不前,4
电视新闻,4
仁果,4
特弄,4
办门,4
小章,4
夹鸡,4
煎饼果子,4
跨区,4
玩儿票,4
繁乱,4
罗罗刚,4
芫荽,4
腐乳,4
豆芽菜,4
玉峰花,4
脸是,4
打服,4
心不甘,4
离断,4
这四菜,4
胡前,4
电三马,4
截必,4
收纳,4
克千,4
桥东,4
炙烤,4
益晗,4
野迪,4
灵车,4
金志,4
畜,4
王韵韵,4
狗太多,4
这味,4
礼毕,4
颠起,4
我鲲鲲,4
专业训练,4
舍不滴,4
五本,4
杠开,4
看舍,4
公牛队,4
跛兒,4
眼框,4
兰初,4
楼月幸,4
观药,4
炎凉,4
淰,4
汜,4
无措,4
曹长卿,4
下断,4
何易锋,4
轮儿,4
还够,4
装装样子,4
绝口,4
勞資,4
哀樂,4
騎起,4
調,4
差點格,4
日系,4
许殇,4
李浔欢,4
江厌,4
江澄,4
检阅,4
腰膀,4
镶个,4
我牙上,4
十万二十万,4
小眯眯,4
椰树,4
复出,4
无风不起浪,4
坐考,4
头放根,4
远大理想,4
困不困,4
纯阳,4
明教,4
唐门,4
长歌,4
温华,4
九遇,4
飞听遍,4
讨生活,4
道尔,4
事端,4
过腔,4
跟鸿钧,4
찰,4
싶,4
걷,4
负罪感,4
教菜,4
變,4
點樣,4
拉锯,4
暗区,4
台柱子,4
干成,4
泄个,4
志趣,4
派爱犯,4
外别,4
戏里戏,4
艾热来,4
毒蛾,4
面给,4
十七八岁,4
跑啦,4
勁,4
天钱,4
上洒,4
过太多事,4
实睡,4
九十岁,4
扭起,4
早回,4
願意,4
幾天,4
又過,4
貶義詞,4
貧窮,4
潛意識,4
德斯,4
成梅賽,4
安換,4
兒時,4
最後點,4
酒換成,4
长啸,4
星会,4
时不我予,4
中国共产党,4
思念家乡,4
望望,4
心噶几,4
党同,4
紫砂壶,4
刘胡兰,4
深入人心,4
牢记在心,4
旧址,4
德里,4
二十几个,4
路树,4
黔南,4
中國,4
非常感激,4
끓,4
희,4
펴,4
钟南山,4
苏世超,4
玄武湖,4
如玉,4
天下英雄,4
卡纳瓦,4
受不受,4
靠不住,4
抽剩,4
行在,4
儿水来,4
摆摆手,4
大家伙,4
或早或晚,4
最糟,4
印堂,4
亦正亦邪,4
飞风,4
投怀送抱,4
没得事,4
整多,4
低拉低,4
买花,4
花帽,4
传统服装,4
传奇人物,4
太浅,4
祖训,4
地开天,4
地大天,4
最爱漏,4
炸起来,4
香甜可口,4
矮油,4
消毒,4
张卫,4
胰岛素,4
一百只,4
斧劈,4
假狗,4
苦海无边,4
忠言逆耳,4
太岔,4
傻歪货,4
不牛,4
猩猩,4
粘液,4
点酒,4
牛惯,4
高任,4
轰然,4
圈落,4
墜,4
儿咿儿,4
莫小斐,4
奔忙,4
潇湘,4
星屑,4
独身,4
霎那,4
最假,4
萨克斯管,4
断剑,4
牛比,4
混先,4
討厭,4
給你,4
離,4
問題,4
雖然,4
身體,4
夢里,4
九龄,4
喝别,4
开后,4
越开,4
行天下,4
海蓝,4
致辞,4
仁义道德,4
赤帝,4
弢,4
黄海,4
老胡,4
笙,4
显身手,4
不扶墙,4
表现出色,4
渐快,4
黄芪,4
长好,4
投食,4
毛遂自荐,4
爬墙,4
哭醒,4
研习,4
调直,4
剑圣,4
之药,4
刮乐,4
西巴,4
蔫住,4
腆,4
楼子,4
活驴,4
脸放,4
酒兑,4
起名,4
滴流,4
耳根子,4
最天,4
抽人,4
軍,4
撐,4
喋喋,4
跳远,4
藏龙卧虎,4
之高,4
交椅,4
下半场,4
京都,4
望穿秋水,4
再拜,4
实打实,4
早恋,4
心用,4
篮网,4
卷上,4
港台,4
臭豆腐,4
一摆拳,4
黄雀,4
天大地大,4
讲求,4
盘古开天,4
竹杖芒,4
岳麓,4
热销,4
英雄汉,4
不心,4
住满,4
塞纳河,4
组团,4
人行横道,4
亲眼见到,4
大比分,4
永生永世,4
疾,4
悲喜交加,4
驯化,4
凌枫,4
打样,4
何山,4
玄黄,4
夜光杯,4
无缝,4
干上,4
适量,4
几十天,4
打头阵,4
河岸,4
大专,4
请客吃饭,4
顺子,4
搞得定,4
抽点,4
多一半,4
再道,4
彻夜不眠,4
三十而立,4
画地为牢,4
运行,4
郭莹,4
陈莹,4
卡着,4
那情,4
刮破,4
跳下,4
孤鸟,4
小王子,4
一无所获,4
天琴,4
五遍,4
双飞,4
双飞双,4
摊位,4
绕圈,4
中像,4
治理,4
枕边人,4
来嘿,4
贵别,4
中想,4
高不可攀,4
劵,4
保护层,4
科粉,4
不凉,4
柔术,4
泰拳,4
飞狐,4
囤,4
窝窝,4
再念,4
办好,4
高年级,4
份子,4
凑个,4
当兵,4
用错,4
开烟,4
门卫,4
顷刻间,4
别见,4
回不克,4
没动静,4
刀切,4
先帮,4
挺累,4
比较烦,4
钉死,4
投敌,4
乔巴,4
妖刀,4
好高骛远,4
自由人,4
海派,4
太漂亮,4
众口铄金,4
精越,4
统计数据,4
气不气,4
饮下,4
兔八哥,4
真臭,4
举步,4
挤得,4
哥帅,4
犯蠢,4
屁孩们,4
何谓,4
蘼,4
怅然若失,4
盛唐,4
泪落,4
腐味,4
去闻,4
励精图治,4
苦味道,4
但流,4
我太难,4
闹心,4
留存,4
树新风,4
来件,4
梭梭,4
容身,4
砸开,4
住持,4
不拘一格,4
曾度,4
云飞扬,4
累累,4
审讯,4
大姐大,4
救助,4
造过,4
柳笛声,4
真鸟,4
解千愁,4
手是,4
拍拍手,4
买贵,4
四秒,4
天菜,4
材质,4
满去,4
海蓝色,4
白首,4
轻喜剧,4
根治,4
革凡登圣,4
征召,4
盲,4
眼线,4
小到,4
见效,4
递过来,4
睡覺,4
不膩,4
未來,4
湿气,4
情境,4
太沉,4
意象,4
太沉重,4
心浮气躁,4
干够,4
還沒,4
随著,4
开去,4
打赤脚,4
乌兹,4
破门而入,4
失而复得,4
变调,4
范文,4
行间字里,4
桅杆,4
存于,4
名酒,4
这不酷,4
窗户纸,4
约个妹,4
用脚,4
飞大,4
痴汉,4
效劳,4
卸完,4
死伤,4
秃顶,4
音匠,4
伸过来,4
寻光时,4
喜无悲,4
荧光,4
水草,4
幼小,4
歇后语,4
潮鲜,4
名媛,4
成灰,4
李清照,4
愿挨,4
十二年,4
聚精会神,4
打冷颤,4
最合适,4
充其量,4
马仔,4
特务,4
那一晚,4
二麻,4
好赚,4
捣碎,4
英雄主义,4
裹尸,4
狷,4
短信息,4
圣火,4
水泥板,4
赖赖,4
拌面,4
应聘,4
第一章,4
你种,4
词比,4
藤条,4
八六,4
播出,4
别收,4
徐嗣杰,4
意想不到,4
阑,4
着力,4
维生素,4
心不跳,4
还净学,4
方文山,4
托人,4
新鲜血液,4
电影片,4
立万,4
非法,4
八路军,4
骸骨,4
幽冥,4
此事,4
为时不晚,4
印花,4
美容,4
抢购,4
作茧自缚,4
闪电般,4
黑珍珠,4
送葬,4
提纯,4
觥筹,4
之途,4
雪原,4
注目,4
一动不动,4
经纶,4
酌,4
驻,4
小奶,4
绝句,4
满园,4
缴械投降,4
三八,4
跑断,4
我闻,4
我来助,4
装逼犯,4
冷天,4
乌蒙到,4
取而代之,4
得心应手,4
金龙,4
收据,4
拿开,4
波霸,4
锭子,4
强哥,4
群英会,4
法式,4
肘,4
赶场,4
咂,4
阮经天,4
锡克,4
由不得你,4
凌云,4
个位,4
身外,4
摆件,4
幽香,4
泼洒,4
尽数,4
冰窟,4
老往,4
浮游,4
肢解,4
朝前,4
铜镜,4
高悬,4
几匹马,4
放心好了,4
逝者如斯,4
餐,4
久经,4
空车,4
那别,4
心笑,4
隔断,4
人祸,4
原有,4
快手,4
付点,4
臭臭,4
金桔,4
胆魄,4
失焦,4
露营,4
为博,4
擅进,4
带兵,4
微热,4
来烦,4
想入非非,4
情深,4
不清不楚,4
看在眼里,4
备车,4
动动脑,4
这几年来,4
混球,4
戏里,4
围棋,4
一盅,4
草枝,4
迹,4
ャ,4
阿嬷,4
ろ,4
セ,4
ね,4
カ,4
鱼饼,4
卡尔,4
几列,4
无名小卒,4
迷得,4
我痛,4
吃酒,4
三轮车,4
前步,4
成元宝,4
慢溜去,4
罗意威,4
出头之日,4
全家福,4
过草枝,4
俏皮,4
洗过,4
病得,4
不测风云,4
双栖,4
韩宽,4
郝博宁,4
伊乐,4
腾讯,4
一篇篇,4
八天,4
说一说,4
为数不多,4
能用,4
救兵,4
人工,4
维族,4
倒打一耙,4
飘回,4
爬进,4
落潮,4
天年,4
气府,4
药方,4
李尧,4
陷于,4
这台,4
小径,4
留上,4
破皮,4
日能,4
杠子,4
脸热,4
王菲,4
已知,4
北疆,4
南疆,4
一阵儿,4
脆儿,4
外屋,4
热乎,4
讯,4
人呐,4
豆豆,4
第五年,4
哎耶耶,4
花有,4
为席,4
仆人,4
罗哈,4
损友,4
第一印象,4
晋升,4
连绵起伏,4
好涨,4
强强,4
富力,4
聚餐,4
动过,4
长痘痘,4
哈哈笑,4
网课,4
乐悠悠,4
怱,4
开口笑,4
创世神,4
魏,4
入川,4
撤换,4
脸雨下,4
掏耳朵,4
痴笑,4
要爽,4
公会,4
万家乐,4
求学,4
轻风,4
闺房,4
有怨,4
开与君,4
博君,4
劝君,4
会得,4
霎眼,4
레,4
学分,4
任风,4
球宝,4
选好,4
托尼,4
嘿哥,4
李秋泽,4
小题大做,4
斜杠,4
大毛,4
要理,4
渐入佳境,4
中州,4
五千万,4
小星星,4
主持人,4
猪猪,4
争上游,4
小昂,4
黄梅,4
瓶底,4
郑大,4
萧,4
摧垮,4
説,4
三号,4
议论声,4
美爱,4
白才,4
智能,4
事过境迁,4
换季,4
一写,4
致幻剂,4
兵工厂,4
要造,4
发自,4
挺燥,4
怪加,4
快加,4
写真,4
一刻不停,4
跟家,4
反对者,4
说三道四,4
刘悦,4
孙佳,4
滚雪球,4
盖饭,4
佛挡,4
可太,4
别养,4
看脸,4
拼单,4
全军覆没,4
밤,4
剥掉,4
错话,4
周公,4
木下,4
以身,4
雨雪,4
万重,4
天行健,4
马修,4
苏河,4
苏伟接,4
小崽子,4
结草,4
行进,4
用到,4
争渡,4
难难,4
江陵,4
花见,4
独领,4
好收成,4
热热闹闹,4
起劲儿,4
那同,4
十全十美,4
热情洋溢,4
扭秧歌,4
素芬儿,4
蛋白质,4
飞飞进,4
张不开,4
华美,4
物美价廉,4
亲昵,4
魔卡,4
工作服,4
截止,4
说书,4
俱来,4
渺渺,4
曾来,4
绝世武功,4
文武,4
每一朵,4
忘情,4
三百六十,4
水壶,4
想求,4
写封信,4
大公,4
推搡,4
剪切,4
多慢,4
张方钊,4
三百多,4
发出声响,4
生财有道,4
涅,4
浩大,4
大可,4
挥洒自如,4
张奥,4
刘能,4
大牛,4
处心积虑,4
赶考,4
博格,4
纽,4
选管,4
看一遍,4
等车,4
那坏,4
太劲,4
點,4
飲食,4
出风头,4
数次,4
氮泵,4
盛宇大,4
日料,4
臭小子,4
浪冲,4
大拇哥,4
腾起,4
绿水青山,4
此消彼长,4
常规赛,4
风言风语,4
惊觉,4
别写,4
關節,4
沒什麼,4
深愛,4
想愛就,4
停工,4
千家万户,4
打拳击,4
暴跌,4
我辈,4
朝廷,4
墨宝,4
匀称,4
天真烂漫,4
拂袖,4
妖媚,4
王家,4
黑微,4
颜点,4
马背,4
ド,4
细致,4
顿时,4
醉卧,4
景致,4
飘来,4
做好事,4
白花,4
扩展,4
加减法,4
朴冉,4
徐雪阳,4
酒囊饭袋,4
龙吟虎啸,4
不中意,4
形意,4
一竖站,4
不怕苦,4
左摇右,4
之情,4
荆轲,4
心之所,4
七十岁,4
更久,4
宿涵,4
从长,4
煲汤,4
茫,4
饱含,4
节点,4
主线,4
电话线,4
59.559,4
土生,4
59.659,4
倾国,4
大峡谷,4
豹纹,4
惊叫,4
反侧,4
天文地理,4
能救,4
应有尽有,4
恰如,4
真是太,4
笑间,4
肉下,4
颦,4
留绘,4
雪轻,4
修欺霜赛,4
美妆别,4
川剧,4
互联,4
鹤仙,4
力所能及,4
相映,4
满心,4
至暗,4
种族歧视,4
个蜜,4
分久必合,4
希,4
一是,4
你妹,4
人笑,4
童话剧,4
那吾克,4
回得,4
汀,4
收掉,4
床相叠,4
后心,4
远坠,4
一百首,4
天下无双,4
オ,4
残害,4
齐聚一堂,4
青出于蓝,4
惺惺相惜,4
栽咻咻,4
点要,4
尝点,4
改邪归正,4
亡,4
反动派,4
黄鹤,4
贪污,4
情关,4
赤子,4
无暇顾及,4
情愁,4
吐过去,4
无字,4
一词,4
快会,4
撰文,4
写要,4
说理,4
59.859,4
59.759,4
好几千,4
拼颜值,4
次次,4
神神,4
争做,4
甜度,4
天生丽质,4
逞能,4
有份,4
养鱼,4
猪手,4
庄,4
迎娶,4
叫苦,4
佳句,4
金先开,4
列为,4
带带,4
脸大骂,4
立身,4
终人,4
火试,4
长袖,4
杰尼龟,4
废旧,4
见习,4
岗子,4
佐哥,4
寓言故事,4
薄纱,4
不亏,4
擂高,4
狩令,4
熔成,4
地悟,4
欧拉,4
抬到,4
硬先,4
别办,4
自给自足,4
抠字眼,4
万哥,4
同力,4
时来,4
汤米谢,4
全全,4
元元,4
蛋比,4
飞狗,4
讲领,4
诡术,4
我浪,4
角斗场,4
夺魁,4
做文章,4
钛,4
手伸,4
闭气,4
念力,4
限期,4
行僧,4
互比,4
尽胡,4
如意棒,4
核泄漏,4
成只,4
败下别,4
通风报信,4
重剑,4
中箭,4
但举,4
因双,4
剩点,4
落教,4
三压,4
抬上来,4
摔别,4
赤橙,4
涧,4
盆骨,4
闲事,4
神童,4
很糟,4
力惨,4
刀柄,4
驾雾,4
哩虎帅,4
哩代佬虎,4
斗像,4
总闸,4
力娃,4
杭卡到,4
夫妇,4
史勒是,4
突脸,4
天女散花,4
打废,4
四方八面,4
披花臂,4
先秒,4
社带,4
尖子班,4
播里,4
印刷机,4
分分,4
人神共愤,4
总好,4
怪帅,4
三厘米,4
血一,4
调研,4
凑不出,4
李友,4
巴哥,4
痤疮,4
浪浪山,4
插遍,4
鬼影,4
新体验,4
作伴儿,4
摄像,4
坐地,4
作乱,4
暗点,4
症候群,4
正在流行,4
很困,4
法力无边,4
物业,4
成效,4
一抱,4
疯疯癫癫,4
浅尝辄止,4
精巧,4
酒壶,4
总天,4
金锁,4
扣上,4
一试,4
一休,4
朝朝,4
行万里路,4
热热,4
以身作则,4
日落而息,4
走马,4
扎染,4
没处,4
护城河,4
玩炸,4
过关斩将,4
嫉恶如仇,4
会爱,4
做爱,4
多愁,4
拦得,4
空当,4
上下学,4
没拿得,4
排山倒海,4
通风,4
信人加,4
拍得,4
日出而作,4
如数家珍,4
牵线,4
碟子,4
近朱者赤,4
低仿,4
低档,4
入不敷出,4
它用,4
卖钱,4
开弓,4
出尽,4
摇人,4
近墨者黑,4
五味,4
马屁精,4
返璞归真,4
自娱自乐,4
金陵,4
教你做,4
拧断,4
小萝莉,4
副作用,4
吹气,4
本儿,4
爱放,4
民国,4
先问,4
戒烟,4
正儿八经,4
杨家将,4
两三,4
三伏,4
老骨头,4
传教,4
祖师,4
要燥,4
一炮,4
爆粗,4
何干,4
看当,4
责问,4
栅栏,4
果园,4
花田,4
穿心,4
平底锅,4
凌天,4
名垂,4
遭撞,4
备受瞩目,4
当酒哥,4
起斗要,4
吼起,4
小白哥,4
逃不了,4
手把手,4
过身,4
头里,4
起学,4
乔峰,4
马宰,4
有哈数,4
上哩,4
揭房,4
脚过,4
过拉用,4
过划,4
光耍,4
当马,4
我程,4
巴对,4
放出去,4
正起,4
五斤,4
傻事,4
竹书,4
影音,4
东乐,4
两场,4
物色,4
吞要,4
这钵饭,4
炸要,4
蒸要,4
一刀切,4
老荫,4
面有,4
早逗,4
万州,4
璧山,4
耍出,4
三层,4
斯布鲁克,4
取胜,4
龇牙,4
拉货,4
作曲家,4
防着,4
霸体,4
搭戏,4
透一透,4
敢演,4
無,4
腮帮子,4
尖利,4
枪管,4
人吃人,4
喇,4
起角角,4
思想品德,4
奶狗,4
ع,4
物资,4
人体,4
漲,4
皮嘴,4
九河,4
皱到,4
元子,4
就种,4
神通广大,4
早秀,4
单号,4
儿倒,4
丈母娘,4
拼过,4
多装,4
慢摇,4
男士,4
小叮当,4
坠到,4
我怪,4
王老板,4
砍伐,4
不明真相,4
同一首歌,4
原装,4
铁饭碗,4
伟业,4
承不承认,4
晚秀,4
酷乐,4
作词家,4
GOSHMusicCypher2018Pt.1,4
通电,4
生当,4
对些,4
总数,4
叠起来,4
十百千万,4
打杂,4
牛皮纸,4
散不开,4
冰棍儿,4
凶凶,4
篮下,4
毛居,4
笑呵呵,4
儿头,4
太绵,4
失利,4
颜齐,4
来争,4
坐不稳,4
挽手,4
能解,4
二十几岁,4
太脆,4
不交,4
上进,4
背要,4
盒盒,4
装帮,4
不报,4
红妆,4
售价,4
洪水泛滥,4
董嘉鸿,4
樊竹青,4
一片狼藉,4
我导,4
一镫,4
儿多,4
一圈圈,4
桌儿,4
剂量,4
在读,4
免税店,4
渝北,4
擦个,4
骂别,4
迂回,4
几匹,4
重庆市,4
八位数,4
样要,4
柴米油盐酱醋茶,4
新岁,4
一逝,4
必经之路,4
聚首,4
曲放,4
闲暇,4
短缺,4
只多不少,4
歲,4
願,4
龍門,4
鉢,4
認,4
有多烈,4
这档,4
山火,4
踊跃,4
志愿者,4
摔下来,4
胖得,4
儿有,4
车牌,4
劳力士表,4
条龙,4
失过,4
绒,4
记账,4
哈黑,4
偷人,4
金牛区,4
超到,4
九龙坡,4
阴到,4
斗是,4
逗比,4
穿条,4
撇断,4
不对头,4
玩板,4
东塘,4
细伢子,4
高座,4
查字典,4
土星,4
拆不开,4
尽如人意,4
唱任,4
账任,4
本账,4
环球旅行,4
口齿不清,4
关彦淳,4
抹点,4
心形,4
灯牌,4
橱柜,4
拍手叫好,4
每周六,4
新陈代谢,4
癖,4
赌定,4
提高效率,4
瓜子脸,4
原玮,4
燃爆,4
摇爆,4
配合默契,4
两情相悦,4
应天,4
蜉蝣,4
红牡丹,4
拔根,4
三百六十行,4
谢依,4
梁龙,4
正当防卫,4
比当,4
省掉,4
付之一炬,4
对儿,4
端正,4
板子,4
食材用,4
随身携带,4
烟草味,4
几万米,4
焦糖,4
闯下,4
瑜伽,4
集锦,4
夜半,4
最转,4
一帘,4
怪装,4
坏装,4
抽不完,4
点球,4
商谷,4
买鞋,4
但会,4
沙土,4
自问自答,4
守门,4
狗儿,4
必修,4
最纯,4
加到,4
纸飞,4
翻版,4
抢下,4
黑多,4
截瘫,4
卵用,4
会越,4
强留,4
朝思暮想,4
佼佼者,4
感是,4
柑橘,4
湿漉漉,4
蜕去,4
下身,4
强子,4
屡试不爽,4
炼丹,4
没门儿,4
杨利伟,4
很怕,4
東别,4
垫个,4
小蚂蚁,4
莫去,4
守口如瓶,4
托起,4
忽明,4
忆往昔,4
超音速,4
中悟,4
赛后,4
独木,4
七年之痒,4
神采飞扬,4
布下,4
唱反调,4
峥嵘岁月,4
用正,4
太棒了,4
易水寒,4
炷,4
宝塔,4
无花果,4
边走边看,4
伸起,4
时为,4
瓢泼,4
灰飞,4
百老汇,4
汲取,4
得名,4
韦德,4
大年夜,4
有万人,4
布公,4
废城,4
那民,4
发国难财,4
排查,4
受罚,4
搂入,4
措,4
哀乐,4
笔录,4
大发,4
一步棋,4
淋浴,4
目光短浅,4
球童,4
枪口上,4
场外,4
倍数,4
大梦初醒,4
画幅,4
代写,4
新高,4
积极向上,4
个够,4
纤细,4
同床,4
落凤坡,4
庞统,4
人买,4
银链,4
大腹便便,4
吃螃蟹,4
甭想,4
累坏,4
醉徒,4
刑台,4
赵明,4
难测,4
难舍,4
芯,4
种籽,4
打哈欠,4
蹄声,4
洛神,4
冷彻,4
当梦,4
拼抢,4
遭骗,4
演了,4
季军,4
吃奶,4
奶妈,4
愁愁,4
钱柜,4
谷爱凌,4
火往,4
来付,4
要装,4
独醉,4
写定,4
凌波微,4
箫声,4
宁折不弯,4
可气,4
拉登,4
剥花生,4
酒驾,4
粮草,4
态和度,4
亚运,4
狡兔三窟,4
间种,4
黑洞洞,4
心金,4
那幅,4
哄哄,4
我爱过,4
只爱,4
直来直往,4
贵圈,4
降价,4
糟透,4
酱汁,4
门子,4
饭少,4
得志,4
应试教育,4
纸尿裤,4
竟会,4
螺丝刀,4
逃生,4
过鲁邦,4
无欲无求,4
灯光师,4
周四,4
周二,4
回到未来,4
打岔,4
公交站,4
加油站,4
串好化,4
旧地重游,4
聪明睿智,4
光金,4
照进来,4
意大利人,4
得帅,4
奖学金,4
演变成,4
忠言逆耳利于行,4
变沉,4
暗箭难防,4
催化,4
飞艇,4
提交,4
演起,4
揭疤,4
毛钱,4
花炮,4
勾芡,4
练出,4
老公公,4
空气稀薄,4
离骚,4
不播,4
太多想,4
浴火,4
姓氏,4
越重,4
栋梁,4
国之,4
再论,4
反超,4
千百万,4
心比天,4
不纹,4
连到,4
练野家,4
圆之夜,4
十分之一,4
几周,4
青葱,4
挪动,4
档里,4
更长,4
国里,4
二运,4
小灵通,4
浪得虚名,4
江湖义气,4
一出戏,4
跃跃欲试,4
咯里,4
声道,4
骁勇善战,4
困着,4
我用情,4
唐突,4
巨能,4
稻香,4
春风吹又生,4
信膀,4
海邊,4
買到,4
規矩,4
去給,4
陳,4
錄音,4
擋,4
腳,4
爹利,4
小崽兒,4
空挡,4
不識,4
開起,4
版悍,4
加長,4
下推,4
银纸,4
老细,4
走为上计,4
生钱生,4
殼,4
還沒得,4
菩薩,4
你們,4
抛束,4
身去,4
碰带,4
浪斗,4
过太多梦战,4
过太多痛,4
年少气盛,4
会进,4
一捏,4
懒货,4
表个态,4
儿非,4
命苦,4
命途,4
宝刀,4
纸箱,4
英魂,4
好风,4
往邊,4
对勒,4
拿包,4
口语,4
故地重游,4
三合,4
红白机,4
游戏王,4
向太空,4
一家之主,4
饥,4
脸旁,4
樱花树,4
戚琦,4
扣钱,4
大大方方,4
死人,4
更累,4
人行道,4
舞王,4
疯塔儿,4
转速表,4
出远门,4
越南,4
赢球,4
彻彻底底,4
再聚,4
脑门儿,4
匡扶,4
以暴制暴,4
不免,4
凌绝顶,4
再流,4
一身轻,4
独角兽,4
如梦似,4
绿色植物,4
搔,4
越远,4
归咎,4
記憶,4
这光,4
拘留,4
太阳神,4
加载,4
添加剂,4
卖糖,4
蕉,4
枪杆子,4
藏龙岛,4
鬼见愁,4
无得医,4
我噶梗系,4
全番,4
一静,4
好想静,4
同企理,4
烧味,4
囄,4
瓦普,4
资别,4
遲早,4
广东菜,4
念多,4
北伐,4
棱,4
鋤,4
興玩,4
尼度,4
冰室,4
约条,4
欢在,4
宁拢,4
迈惊,4
街市,4
大礼,4
好狂,4
红线女,4
标榜着,4
估清,4
地高仿,4
真个,4
担分,4
鸡精,4
细住,4
哥弟,4
哭父,4
父迈,4
欢侯生,4
比侯生,4
游神,4
一千两百,4
值千二,4
尚多住,4
聽執,4
黎既廠,4
水冲,4
稳油浪,4
沙煲,4
老翻,4
听住,4
剥住,4
痴头芒,4
揽住,4
刊,4
泡制,4
打六比,4
根养,4
正骨,4
眉清目秀,4
背扣,4
触类旁通,4
下醋,4
瘦恒知,4
稳人,4
博罗,4
地果,4
戴住,4
罂,4
罉,4
潮州人,4
含巴冷,4
骨痛,4
痠,4
俾入,4
想入,4
吳亦凡,4
友仔友,4
東,4
自廣,4
依家來,4
迎光臨,4
雞歡,4
普尼,4
愛聽,4
廣東佬風格,4
輩賣,4
迪別,4
鹹,4
切換,4
中英文,4
宙斯,4
每局,4
绩效,4
踭,4
冰红茶,4
成行,4
居高临下,4
环保,4
旧货,4
企著,4
宏远,4
夭折,4
手肘,4
石岐,4
阿牛,4
耶鸡,4
胶花,4
虱,4
原版,4
音乐厅,4
慢点儿,4
造着,4
鬼佬,4
一餐,4
只争朝夕,4
大禹,4
苏东坡,4
浪打浪,4
后力,4
高新,4
受刑,4
坂本龙,4
点首,4
时像,4
右耳,4
扛起来,4
茶餐厅,4
面面俱到,4
云顶,4
官场,4
茶庄,4
客家菜,4
没之别,4
无事,4
文笔,4
石器,4
十八罗汉,4
而家,4
富豪,4
日落西山,4
蜂拥而上,4
羞羞,4
滋滋,4
极点,4
沙袋,4
单行道,4
主唱,4
活捉,4
美联航,4
大局,4
封掉,4
点会,4
那方,4
主动权,4
带表,4
吃食,4
走穴,4
多学,4
登得,4
渴死,4
丢雷,4
晾干,4
虚心,4
甘地,4
插旗,4
拦着,4
大望路,4
芝麻糊,4
直不起,4
油井,4
想变,4
音准,4
一股劲儿,4
亲妈,4
长白山,4
愚公,4
沉稳,4
昏沉,4
念书,4
敲门声,4
顺境,4
顺丰,4
祥子,4
挂起,4
黎自,4
系金,4
扎住,4
捞钱,4
风要,4
嘟,4
没配,4
狂暴,4
必让,4
崭露,4
晕头,4
白云悠悠,4
花开换,4
惨叫,4
土耳其,4
入味,4
佣金,4
耻笑,4
人生在世,4
恨别,4
龙争虎斗,4
红孩儿,4
两百万,4
两声,4
怒不可遏,4
竞争力,4
溪边,4
拭,4
歹毒,4
濒危,4
出马,4
卡迪亚,4
有品,4
附属品,4
国际航班,4
六个月,4
心留,4
掩盖着,4
未眠,4
同党,4
秀场,4
杜嘉班纳,4
一口口,4
原产地,4
创立,4
签售,4
一百零八,4
义胆忠肝,4
托管,4
黎,4
零零乱乱,4
先想,4
喝大酒,4
斗不过,4
和平共处,4
多事,4
麻醉剂,4
总找,4
根深,4
原地不动,4
口干,4
实现目标,4
一念之差,4
站住脚,4
狗皮膏药,4
个样,4
雪上加霜,4
锁好,4
明辨是非,4
争相,4
人人自危,4
拍电影,4
大显身手,4
卡消费,4
很广,4
可想而知,4
强颜,4
各式,4
跟班,4
走越,4
发牢骚,4
李景亮,4
招快,4
通吃呼,4
呼在,4
还治,4
营火,4
但来,4
找上门,4
币下,4
不等量,4
有泰森,4
镖客,4
三度,4
污言秽语,4
要火,4
娃些,4
读的书,4
荔湾,4
离自,4
掟,4
听实,4
盯实,4
埋系,4
太耐,4
散户,4
宋慧乔,4
侃侃,4
圣徒,4
熵,4
信想,4
慢到,4
陷到,4
一两年,4
给点钱,4
帮别,4
叉烧包,4
啫,4
仲洗,4
木棉花,4
地同,4
开航,4
打横,4
扣女,4
外省,4
估,4
担旗,4
翻黎,4
听紧,4
女系,4
牛肉丸,4
地系,4
第十一个,4
翻晒,4
少林足球,4
威势,4
围威,4
埋离,4
担好,4
稳好位,4
九大,4
听任,4
小北,4
人太,4
波拉,4
剧集,4
几部,4
痔疮,4
十多台,4
干旱,4
共识,4
重置,4
配活,4
外遇,4
过五关斩六将,4
最具,4
票卖,4
短命,4
数起,4
超巨,4
黄袍加身,4
上心,4
三体,4
做串,4
理都,4
弹头,4
水涨船高,4
玛雅人,4
签不,4
许许多多,4
短路,4
柳条,4
不转,4
以卵击石,4
二百五,4
不求人,4
短期,4
更痛,4
可控,4
一将,4
选进,4
任人宰割,4
头版,4
挎包,4
人围,4
俯首称臣,4
主导权,4
餐馆,4
认装,4
噶事,4
公积金,4
英文名,4
画面感,4
双赢,4
诗歌朗诵,4
子杰,4
赔上,4
有会,4
眼花,4
八门,4
皮帽,4
咬不动,4
多条,4
更行,4
退怯,4
掰成,4
再发,4
小尾巴,4
装弹,4
私语,4
简,4
少儿,4
过电,4
弄碎,4
白垩,4
它别,4
小点,4
拼车,4
站不起来,4
一丁点,4
快没了,4
意乱,4
情迷,4
二胎,4
借个火,4
安检,4
三儿,4
巴扎,4
卷毛,4
骑师,4
不适,4
发量,4
出不去,4
忍耐力,4
之举,4
活好,4
逼急,4
脊椎骨,4
轻扯,4
数十亿,4
所经,4
鞋纸,4
抄玉,4
息,4
扇碎,4
长眼,4
清肉,4
大热单,4
两双,4
架子鼓,4
盼归,4
七百万,4
儿下,4
抓事,4
再拉低,4
麦哈皮,4
头去,4
瞒天过海,4
人场,4
巴依,4
子转,4
费多,4
守门员,4
大舌头,4
赞成,4
损,4
咬字,4
岔口,4
吴澎,4
写稿,4
悦,4
宁海,4
文本校对,4
涓涓细流,4
无稽之谈,4
兄弟两人,4
喜来甫,4
必将会,4
独角龙,4
乳胶,4
七张,4
当颗,4
冬虫夏草,4
老顽固,4
空口无凭,4
锆石,4
儿别,4
红八,4
再飞,4
法得,4
血死,4
洞察,4
蛇鼠,4
缓,4
输过,4
当猴,4
再学,4
补救,4
菜肴,4
想说出,4
好用,4
从简,4
焕然一新,4
虚拟世界,4
输成,4
火鸟,4
一百次,4
开打,4
泰坦尼克号,4
伙结,4
死战,4
生姜,4
弹弓,4
刚个,4
决赛圈,4
雷公,4
几枪,4
心放,4
说了半天,4
胎教,4
晃过,4
不用浪费,4
少掉,4
光能,4
长三角,4
销路,4
招聘,4
不有,4
顽疾,4
住在一起,4
拉美,4
周诗桦,4
胜点,4
哪组,4
打闪,4
和田玉,4
那三坨,4
洪罗言,4
卿伟,4
泪二零,4
坎通纳,4
本上,4
疑问句,4
猥亵,4
有眼,4
比亚迪,4
毛驴,4
有多贵,4
老气,4
开了门,4
渍,4
汰,4
黑面,4
争创,4
卿伟洪,4
黑太,4
感受一下,4
后入,4
楚歌,4
高速行驶,4
纯牛奶,4
安生,4
迂腐,4
拥兵,4
曹贼,4
寡不敌众,4
借东风,4
铁蹄,4
八人团,4
第一期,4
还围,4
第四轮,4
杀毒,4
以毒,4
米奇,4
小点儿,4
汗味,4
很怪,4
变速,4
社畜,4
贵在,4
利器,4
必会,4
新血,4
出圈,4
咄咄逼人,4
王思聪,4
双十,4
自画像,4
亲密无间,4
控告,4
滴水之恩,4
旅个,4
定价,4
实名制,4
瓜裂,4
干声,4
汤姆,4
虐心,4
练成,4
潜在,4
活络,4
脱帽,4
筐子,4
喷喷,4
笨笨,4
我知,4
大巴,4
早年,4
第一集,4
過,4
危險,4
地要,4
师承,4
大榕树,4
入库,4
账目,4
书房,4
帮主,4
新城,4
夜游,4
落个,4
方寸,4
珠光,4
十多岁,4
弄错,4
霸王龙,4
人身险,4
每台,4
财大气粗,4
黑卡,4
东家,4
百分之,4
饺,4
本末倒置,4
措施,4
切分,4
问话,4
鬼子,4
汁,4
肘击,4
大规模,4
勿躁,4
改道,4
憨厚,4
발,4
监测,4
峨眉,4
横街,4
伯,4
会点,4
塞牙缝,4
莲藕,4
欢乐颂,4
书桌,4
奏鸣,4
更爽,4
再燥,4
钻入,4
推举,4
砍刀,4
高八,4
立着,4
地下道,4
陈列,4
见仁见智,4
授业,4
稍事,4
迷烟,4
乐迷,4
徐坤,4
回乡,4
散起,4
体量,4
店面,4
辣到,4
拆分,4
等你你,4
死皮赖脸,4
荷兰,4
塔山,4
伙是,4
蹄,4
水土不服,4
黄车,4
罐儿,4
院坝,4
任意球,4
现金流,4
提意见,4
抄个,4
那堆,4
假迷,4
成团,4
陶兴轩,4
勇往,4
大显神威,4
残喘,4
孤注,4
发香,4
有意,4
哪次,4
过悔,4
地秀,4
取个,4
懒人,4
有勒人,4
三文鱼,4
违法,4
立交桥,4
叶惠美,4
热心肠,4
天府广场,4
小轿车,4
保健品,4
看多,4
奥创,4
挑来,4
生煎包,4
灯儿,4
刮进,4
某段,4
遨游太空,4
卡布奇诺,4
新干线,4
限量版,4
帅翻,4
先切,4
过不下去,4
进行曲,4
另一头,4
背下,4
进过,4
扣紧,4
原价,4
好色,4
面皮,4
条女,4
宿,4
背向,4
疯往,4
法典,4
疯大闹,4
舒,4
咬一口,4
高希霸,4
水彩,4
暴跳如雷,4
溃败,4
拇闪,4
车尾灯,4
全明星赛,4
数哈,4
肺癌,4
造艘,4
若现,4
香草,4
三峡,4
扑进,4
白大褂,4
迷昏,4
棱镜,4
有报,4
巴洛克,4
很丑,4
再品,4
船尾,4
孑然,4
矿石,4
担惊,4
散文,4
四人,4
长桌,4
人亲,4
人美连,4
变想,4
人中,4
风景画,4
提起过,4
铡刀,4
嫌事,4
暗算着,4
不孝子,4
团年,4
杨迪,4
这轮,4
君士坦丁,4
人才辈出,4
末日浩劫,4
停机,4
莫奈,4
照发,4
没来由,4
水泥地,4
吃透,4
想演,4
打不垮,4
二加,4
那碗,4
想输,4
灭口,4
上将,4
拳击台,4
气焰嚣张,4
草要,4
蒲松龄,4
止咳,4
饱饭,4
绕成,4
先用,4
考量,4
发呀,4
心念,4
扎辫子,4
鸦雀,4
青衣,4
胚胎,4
堂堂正正,4
一视同仁,4
我刹,4
反顾,4
势利,4
顾不上,4
席,4
过别,4
差点儿,4
耗光,4
降服,4
心痒,4
下贱,4
毫无顾忌,4
灭火器,4
司令,4
脚要,4
眼冒金星,4
做撒子,4
暗箱,4
弄懂,4
擒拿,4
复述,4
周游列国,4
中枢,4
铃兰,4
侧弯,4
剧终,4
变黄金,4
铁胆,4
加厚,4
鲁斯之,4
这扇,4
躲下个,4
作气,4
失陪,4
红唇,4
绝症,4
制片,4
更广,4
回趟,4
毫厘,4
达阵,4
飞跑,4
有分寸,4
并不多,4
单身汉,4
右眼,4
打嘴,4
白干,4
开场白,4
没涨,4
上能,4
逃之夭夭,4
高脚,4
欲穷千里目,4
一山高,4
肉欲,4
心触,4
招魂,4
比大,4
卖报,4
自导自演,4
老区,4
转台,4
我爽,4
几十载,4
真经,4
十万八千里,4
天为,4
扑腾,4
大幕,4
卷个,4
時,4
不大不小,4
激战,4
滴水不漏,4
陈浩南,4
定时炸弹,4
加长,4
篇幅,4
悔意,4
流鼻涕,4
发货,4
赘述,4
空房,4
回憶,4
鬼片,4
辞旧迎新,4
见上帝,4
初生牛犊不怕虎,4
来触,4
博学多才,4
超常发挥,4
花花草草,4
野菜,4
偷颗,4
大老爷们儿,4
责任感,4
能工巧匠,4
火拼,4
设好,4
围栏,4
偷个,4
清波,4
神似,4
公厕,4
加起,4
发红包,4
一切顺利,4
攒够,4
风油精,4
听些,4
一端,4
攻城,4
令人讨厌,4
雕虫小技,4
凑巧,4
外型,4
别太多,4
安装,4
打直,4
酒池肉林,4
方巾,4
二流,4
袍泽,4
离弦,4
轻率,4
过烂,4
如我所愿,4
常胜,4
除妖,4
得当,4
手机信号,4
下星入,4
要人命,4
离人遇,4
子叶,4
侧耳,4
翩翩飞,4
我魂,4
短促,4
不飞,4
江春水,4
从云床,4
存储,4
上行,4
世面,4
满而盈,4
如丝,4
野鬼,4
夜黑,4
庙宇,4
低头不语,4
书卷,4
中仙,4
哀泣,4
可望,4
背道,4
提携,4
依依,4
难事,4
花开花谢,4
娓娓,4
九十九道,4
半成品,4
浮在,4
做错事,4
信服,4
第二条,4
离鞘,4
付诸一笑,4
坟堆,4
风化,4
用别,4
恕,4
意中人,4
拉杆,4
龙场,4
哭腔,4
读书人,4
妙药,4
过剩,4
勒塔岛,4
开世,4
做定,4
吸着,4
安妮,4
红领巾,4
得燥,4
临危,4
兼备,4
排列,4
秀气,4
风雨同舟,4
代步,4
戎子,4
又生,4
故事书,4
漫长岁月,4
代表作,4
娇羞,4
延展,4
暖色调,4
流顶,4
爸怕,4
睡姿,4
吃根,4
一叶障目,4
上个世纪,4
船儿,4
更难,4
走向世界,4
语冰,4
三季,4
毅然决然,4
予取予求,4
焚心以火,4
丶,4
从业者,4
深得民心,4
错错,4
钻木取火,4
性能,4
布猜,4
吃瓜,4
闲置,4
无时,4
を,4
两成,4
乐透秀,4
河床,4
撕心,4
我照,4
尽责,4
框死,4
吊唁,4
敬请,4
玄扬,4
武田信,4
常数,4
第一束,4
普朗克,4
摩根,4
饰,4
踢掉,4
过家,4
搅和,4
盈眶,4
柜里,4
喷溅,4
千篇,4
绣花枕头,4
迁怒,4
好羡慕,4
三十六个,4
邯郸学步,4
弹尽粮绝,4
借个,4
宣判,4
木兰,4
开足,4
加急,4
宋岳庭弹,4
太冲别,4
快塞爆,4
之门,4
这朵,4
人恨,4
流浪歌,4
好自为之,4
动手脚,4
发凉,4
一气呵成,4
溉,4
抓点,4
打水漂,4
愈演愈烈,4
张票,4
牌成,4
不讨,4
逼大,4
一铲,4
养猪,4
误打误撞,4
急忙,4
б,4
空去,4
人情冷暖,4
在所难免,4
辛勤,4
将信将疑,4
妄自菲薄,4
真名,4
全然不顾,4
伶人,4
尘归,4
自会,4
呈现出,4
绕舌,4
预算,4
提过去,4
飞来横祸,4
孰能无过,4
人成,4
运功,4
弯弓,4
神兵,4
借机,4
暂,4
起时,4
刀亮,4
街机,4
奖座,4
我仅,4
医术,4
风火,4
卡弹,4
退掉,4
不断更新,4
视作,4
陈词,4
九里,4
生哈,4
嗷嗷待哺,4
索道,4
上当受骗,4
忍痛割爱,4
纹丝不动,4
令狐冲,4
笑傲江湖,4
想整,4
混出来,4
操烂,4
理亏,4
装有,4
瞪眼,4
肩章,4
孤勇,4
地摇而,4
这旗,4
人都关,4
我奶,4
下一关,4
遣词造句,4
斗角,4
第一笔,4
六亲,4
留步,4
齐头并进,4
癌,4
扫进,4
坑人,4
来犯,4
抓获,4
山门,4
禅意,4
向光明,4
荫,4
七颠,4
攀足固,4
攒拳,4
五劳七伤,4
单举,4
之刃,4
赶得上,4
金丹,4
娄子,4
吃宵夜,4
转换成,4
商城,4
单靠,4
物质欲望,4
外债,4
筛子,4
伟人,4
佛洛依德,4
钙,4
受限,4
点券,4
心怀鬼胎,4
违禁,4
假洋鬼子,4
杠精,4
在劫难逃,4
老款,4
提议,4
浅水,4
口齿,4
老奶奶,4
你会变,4
戳入,4
梁不拿着,4
来道,4
目测,4
简洁,4
大作,4
全然,4
树丛,4
异端,4
管管,4
亏损,4
破罐子破摔,4
行装,4
没见识,4
店名,4
共存,4
初开,4
想试,4
君君,4
孟竹,4
负累,4
导向,4
别介意,4
人管,4
宿敌,4
滥调,4
卤蛋,4
传唤,4
无果,4
宇,4
从未见过,4
入殓,4
大敌当前,4
我份,4
箩,4
玖,4
写信给,4
中西,4
偷过,4
中变,4
衣帽,4
成百上千,4
几千个,4
巴基斯坦,4
呛着,4
磕着,4
死囚,4
动乱,4
機會,4
無法,4
姨夫,4
不着,4
摆乌龙,4
每笔,4
金字,4
撒下,4
目录,4
乌龙院,4
烦闷,4
芸芸,4
五亿,4
痴人说梦,4
一株,4
太甜,4
黄种,4
先机,4
阿杜,4
灼热感,4
天父,4
号角声,4
而立之年,4
购置,4
漾,4
时隔多年,4
刷个,4
大乱斗,4
训练营,4
丽,4
寿衣,4
抽取,4
停好,4
自命,4
榨取,4
管束,4
正月,4
洋人,4
冷若冰霜,4
我红,4
城边,4
金玉,4
磕磕碰碰,4
佐,4
揭不开锅,4
石骨,4
狗嘴里,4
奥斯卡奖,4
大幅度,4
手帕,4
跳蛋,4
两套,4
尼奥,4
过江,4
哈圈,4
衣食住行,4
两辆,4
喝下去,4
两本,4
山药,4
赔款,4
上进心,4
看得出来,4
吹不散,4
契丹,4
阶段性,4
大清早,4
大灰,4
揽胜,4
舞伴,4
议价,4
貌美,4
贾真,4
芙蓉王,4
莫说,4
一说到,4
北面,4
外强中干,4
就整,4
小咪,4
要不了,4
拉回,4
原神,4
老爷车,4
拆除,4
双节棍,4
衣装,4
批商,4
Ô,4
鸡翅,4
加勒比海,4
越耍,4
诺手,4
歹徒,4
高丽,4
冰水,4
靶点,4
会避,4
玉米,4
上换,4
剩者,4
完玉,4
他手,4
高质量,4
游轮,4
夜色迷人,4
铁观音,4
白袜,4
喜帖,4
抛头露面,4
女主,4
没谈,4
没谈过,4
放得开,4
白羊,4
安琪,4
笑醒,4
教人,4
费电,4
峰回路转,4
算好,4
掖,4
计分,4
成败得失,4
沙盘,4
衣角,4
怕麻烦,4
穿孔,4
为什,4
初出茅庐,4
史明喆,4
酿着,4
绅士风度,4
桥头,4
无望,4
密不透风,4
空出,4
快得,4
修着,4
三清,4
汤里,4
纵横交错,4
看不开,4
并存,4
二十二,4
大长,4
听不得,4
点钱,4
超不转,4
这堆,4
刘凌亚,4
进帐,4
空管,4
社恐,4
停到,4
技法,4
去取,4
包烟,4
五台,4
一百万两,4
奸细,4
无血,4
错题,4
开梦到,4
比不来,4
芙,4
后会,4
针刺,4
喝牛奶,4
唱歌跳舞,4
装不像,4
驾鹤,4
太娘,4
阿迪,4
超负荷,4
无外乎,4
含住,4
历炼,4
南和北,4
发胖,4
撞南墙,4
臣服于,4
不夜城,4
社团,4
逼成,4
愧歉,4
皮下,4
刺入,4
桌面上,4
无路可逃,4
内分泌,4
笼中,4
潮红,4
云游,4
做题,4
算不出,4
浅浅,4
申,4
水鬼,4
等闲,4
中枢神经,4
伤心地,4
沙皮狗,4
倒挂,4
回过头来,4
搭载,4
爆划,4
强撑,4
我乡,4
烘干,4
出界,4
夹子,4
转体,4
栽跟头,4
赞助商,4
彻头彻尾,4
右钩拳,4
钩拳,4
订购,4
儆,4
又整,4
我袭,4
盖头,4
藏宝,4
几吨,4
河坝,4
新台阶,4
戏剧性,4
关好,4
用花,4
蓝盘,4
你数,4
熔岩,4
太渴,4
重振,4
抛个,4
傻样,4
口腔溃疡,4
齁,4
车车,4
姓林,4
姓付,4
常言道,4
风行,4
漆黑一片,4
思绪万千,4
恍惚之间,4
适用,4
致胜,4
咯唧,4
走上台,4
遭报应,4
括弧,4
只图,4
几重,4
茶杯,4
不抱,4
常理,4
没得缘,4
如画,4
剧在,4
串烧,4
喃都,4
余下,4
提个醒,4
清幽,4
会些,4
过眼烟云,4
天命难违,4
最恨,4
杨明,4
枯井,4
胸臆,4
前尘,4
可独,4
气谋,4
利可共,4
传诵,4
秀导,4
善人,4
录到,4
逼抢,4
夹毛居,4
中华烟,4
起浪,4
得来不易,4
舞剑,4
游得,4
不抄,4
混好,4
南少林,4
躁到,4
栽过,4
戟,4
下险坡,4
滩涂,4
高品质,4
马斯克,4
味同嚼蜡,4
曾嵘,4
不为所动,4
招财进宝,4
目不暇接,4
为保,4
游园,4
歌出,4
藏有,4
芳名,4
桨,4
美名,4
飘絮,4
活起,4
中餐,4
下桥,4
凌云志,4
诗仙,4
楼宇,4
牡丹亭,4
乱搞,4
南宁,4
满腹经纶,4
还学,4
揣满,4
为人处事,4
谋,4
真龙,4
剐,4
绝尘,4
照映,4
章谋,4
跳台,4
开遍,4
春色,4
费玉清,4
心眼小,4
夹毛局,4
生瑜,4
既生,4
舞刀,4
碎银,4
坎坎坷坷,4
回老,4
猎场,4
喉头,4
壮士,4
起若,4
海听,4
假情假意,4
是非之地,4
粮仓,4
天后,4
再谈,4
我克,4
山摇地动,4
听清相,4
量计,4
对证,4
微尘,4
曾载,4
归功于,4
门入,4
助人,4
得寸进尺,4
肚脐眼,4
抽走,4
わ,4
一落千丈,4
电别,4
但哥,4
喳,4
尼莫,4
意面,4
三宅,4
刀管,4
深红色,4
抱头鼠窜,4
全天候,4
暗室,4
发嗦,4
哆瑞咪,4
撒巴盐,4
阎罗,4
攻下,4
孙中山,4
换过,4
睁眼瞎,4
幽幽暗暗,4
那棵,4
太多要,4
失望透顶,4
鸡公,4
爱闹,4
张嘴巴,4
馍馍,4
加赛,4
打不着,4
大嘴巴,4
名词,4
勿进,4
我佛,4
芊芊,4
转告,4
运动鞋,4
正装,4
堆一堆,4
庚成,4
贾梦圆,4
暴宇,4
故地,4
晨露,4
有志气,4
前一天,4
绝佳,4
拜金主义,4
来去自由,4
咬到,4
真身,4
动飞,4
岔气,4
墨色,4
忠肝义胆,4
折射出,4
挖出来,4
如铁,4
速写,4
理不清,4
傍身,4
回转,4
无不,4
黑松,4
搬出来,4
卸载,4
优酷,4
摸了摸,4
沙拉,4
科幻,4
吸血鬼,4
基本操作,4
筵席,4
包要,4
果格,4
规律性,4
王闪火,4
电脑屏幕,4
官司,4
走展,4
月影,4
撰,4
偏朝,4
态度恶劣,4
活能,4
管天管,4
一应俱全,4
河中,4
黑衣,4
一袭,4
关东,4
顺畅,4
迎接挑战,4
半拉,4
拉力赛,4
相继,4
冤家路窄,4
敢抓,4
反诈,4
烧热,4
赃款,4
晚想,4
波真大,4
风里播,4
行李车,4
开播,4
人真,4
看一,4
石膏,4
瓷开,4
一大家子,4
一把抓,4
死的死,4
胆肥,4
审批,4
利禄,4
龙首,4
皇城根,4
姐妹花,4
评选,4
福布斯,4
浅白,4
耄耋之年,4
会系,4
势要,4
这一锅,4
诉诸,4
不翼而飞,4
破绽百出,4
苦甜,4
安在,4
故居,4
两肋插刀,4
不由得,4
转舵,4
足不出户,4
破土而出,4
一扎,4
配搭,4
西大街,4
哈里,4
圣旨,4
你闻,4
商贩,4
初级,4
孤独寂寞,4
走面,4
花个,4
能人,4
断章取义,4
自缚,4
融雪,4
情分,4
闻一闻,4
走量,4
门牌号,4
溜溜达达,4
细狗,4
不求行,4
深井,4
大喊大叫,4
往出,4
夹住,4
浪在,4
中迎,4
通铺,4
猜谜语,4
连结,4
乱麻,4
道行,4
甲胄,4
今昔,4
儿越,4
总站,4
呆板,4
青椒,4
天外,4
病况,4
来告,4
离手,4
买定,4
有张,4
恶霸,4
费翔,4
开金,4
林泉雅舍,4
灭头,4
把勒些,4
词来,4
杀起,4
高达,4
抛光,4
良师,4
圣杰,4
蔡雨良,4
脚太得,4
讲点,4
쓰,4
맞,4
엄,4
扭转局势,4
喷气,4
莱森,4
板车,4
扔回去,4
不修边幅,4
跟个,4
大型,4
里奇,4
搞小动作,4
겁,4
멋,4
확,4
체,4
단,4
뻐,4
름,4
좀,4
멈,4
时录,4
荞麦面,4
练一练,4
三柱,4
助人为乐,4
说话算话,4
愤儿,4
先有,4
超重,4
金麟,4
触法,4
不净,4
滋味儿,4
海阔天空,4
喊哥,4
不眠夜,4
知恩图报,4
第三个,4
我摇下,4
倍儿,4
多远儿,4
学了,4
刻舟求剑,4
能替,4
彬,4
喜怒无常,4
下脚,4
历程,4
扣个,4
连线,4
朱古力,4
人命,4
手痒,4
幻术,4
酒肉朋友,4
本职工作,4
色情,4
嗖,4
度过难关,4
一艘船,4
照料,4
系着,4
破烂儿,4
想想看,4
违例,4
一整张,4
因盼,4
感情丰富,4
厄,4
只装,4
军工路,4
哎够,4
将计就计,4
泡茶,4
床板,4
逼别,4
主机,4
六比,4
我起,4
苏宁,4
拆弹,4
皮帽子,4
获得胜利,4
空配,4
九十,4
武当派,4
问路,4
太爱,4
大错特错,4
录影带,4
家世,4
要赞,4
钻进去,4
绝逼,4
急不来,4
豆瓣儿,4
文儿,4
苗条,4
饭团,4
前夜,4
柳树,4
我施,4
他换,4
心空,4
心冷得,4
很够,4
停着,4
飞虎队,4
忽略不计,4
更让人,4
家去,4
你定,4
英吉沙,4
肥胖,4
找零,4
先苦后甜,4
敢收,4
板鞋,4
刺刀,4
看家本领,4
撕票,4
假面具,4
一波接,4
想尝,4
带信,4
日前,4
钩住,4
上要,4
挂牵,4
人防,4
没家,4
开锁,4
早来,4
交加,4
斜眼,4
慢行,4
保险箱,4
上长,4
低三下四,4
来龙去脉,4
捷足先登,4
撒尿,4
十九年,4
烂帐,4
貂皮大衣,4
没人带,4
日语,4
整台,4
抓烂,4
八次,4
泰勒,4
不太对,4
懂别,4
牌儿,4
果子吃,4
租个,4
上品,4
制,4
衍生,4
团团转,4
亏待,4
总成,4
终年,4
跑动,4
盐果,4
气坏,4
别点,4
署名,4
洛夫,4
机床,4
货仓,4
兵荒,4
过金,4
福秀,4
苔,4
烂账,4
片甲不留,4
起雪,4
齐鲁大地,4
低价,4
几家,4
百里挑一,4
杜撰,4
身负,4
恭贺,4
微风吹拂,4
豁免,4
每扇,4
当是,4
刘三姐,4
诺贝尔,4
老油条,4
突现,4
死不了,4
线板,4
水缸,4
少活,4
头勒,4
拼错,4
算够,4
唐潇,4
姚慧佳,4
透进,4
圆周率,4
面住,4
看放,4
斗得,4
换乘,4
鱼尾,4
地问,4
最熟,4
겨,4
垂死,4
遗念,4
大利,4
神光,4
또,4
직,4
찬,4
창,4
격,4
숨,4
毙命,4
钻石戒指,4
一点一点把,4
大步流星,4
受约束,4
登机牌,4
坐地铁,4
东大街,4
贵睁大,4
最昂,4
日暮,4
蟾蜍,4
不早了,4
音像店,4
赌鬼,4
架构,4
鄙夷,4
车载,4
踏板车,4
离席,4
跪破,4
二向箔,4
船筏,4
海别,4
安于故俗,4
惯坏,4
宝殿,4
明眼人,4
见谅,4
掐死,4
支支吾吾,4
暴利,4
一路平安,4
国籍,4
我牙间,4
指示,4
最高级,4
梦幻般,4
切片,4
耽误时间,4
玄之又玄,4
肋,4
透亮,4
聊起,4
别赖,4
发愣,4
灌木丛,4
献身,4
之物,4
世代相传,4
效,4
文化遗产,4
自由式,4
红塔山,4
象棋,4
南国,4
成倍,4
一首首,4
枢纽,4
二十六,4
枝繁叶茂,4
法号,4
厮,4
徒儿,4
本道,4
南天门,4
巫,4
莫惧,4
黄童,4
耄,4
祭贯绝,4
召,4
喷洒,4
黄酒,4
千面,4
解语,4
专打,4
报酬,4
我幸,4
举棋不定,4
枪杀,4
明目张胆,4
佳节,4
看有,4
彩虹桥,4
谋面,4
矛盾激化,4
盔,4
再求,4
添个,4
探出,4
周围环境,4
抽得,4
玩美,4
阳奉阴违,4
鼾声,4
高枕无忧,4
混浊,4
轮椅,4
贪欲,4
压上,4
刮来,4
一鼻子灰,4
没劲儿,4
变绿,4
耐看,4
默背,4
一学,4
摄取,4
似梦,4
歇脚,4
驶离,4
所处,4
自省,4
开酒,4
白面,4
洗不白,4
酵母,4
砍价,4
草木皆兵,4
辞海,4
吵过,4
有块,4
京西,4
鼻腔,4
信笺,4
珀色,4
香油,4
脚印儿,4
惩恶,4
秦国,4
各国,4
得太多,4
易拉罐,4
行列,4
激动人心,4
闹事,4
态,4
我于,4
阵法,4
关是,4
祭品,4
石块,4
医护,4
船员,4
皮痒,4
流成,4
塞到,4
精绝,4
皆知,4
安然无恙,4
在所不辞,4
要忍,4
打斗,4
义薄带,4
芽儿,4
袖,4
迷局,4
我刀,4
命来,4
再强,4
天外飞仙,4
超俗,4
脱凡,4
万梅,4
熙熙,4
绝无,4
天资,4
冲前,4
许仙,4
同生共死,4
快如闪电,4
碧云,4
被压迫,4
冷汗,4
反咬一口,4
抬脚,4
下令,4
借酒,4
请战,4
里外,4
扎营,4
敌军,4
盟主,4
改过,4
惊骇,4
李才,4
守到,4
之像,4
跃龙门,4
册,4
战事,4
报复性,4
贫僧,4
速速,4
打滚儿,4
真棒,4
龙椅,4
硬犯,4
擂鼓,4
肥土,4
无拘束,4
浮笑,4
一池秋水,4
风清,4
城下,4
间云,4
自通,4
无师,4
云开雾散,4
禀告,4
赶来,4
嘘寒问暖,4
祭坛,4
刺探,4
血战,4
战就战,4
李元霸,4
韬光养晦,3
去演,3
素面朝天,3
血迹斑斑,3
毛毛,3
爱护你,3
一多,3
变不太,3
君临,3
窦靖童,3
但天,3
求之不得,3
泻药,3
做不来,3
遗书,3
爱秀,3
错药,3
文烽,3
删去,3
摔得重,3
解析,3
楼顶上,3
北是,3
不能治愈,3
梨花带雨,3
墨守,3
描眉画眼,3
终归是,3
忽明忽灭,3
悲戚,3
纳斯达克,3
明哥,3
特熟,3
清水河,3
绿水,3
叶儿,3
京津冀,3
金金,3
织成,3
造点,3
不够看,3
抢达,3
逸群,3
凑齐,3
圣诞礼物,3
仅仅只是,3
仄仄,3
古着,3
绫罗绸缎,3
干妈,3
响个,3
浮木,3
拍案,3
字字珠玑,3
劳人收,3
过百再,3
慕名,3
独秀,3
击散,3
胆颤,3
神智不清,3
言之有物,3
自愧不如,3
口蜜腹剑,3
岐,3
事装,3
额前,3
理不糙,3
饿虎,3
遁入空门,3
扭矩,3
龙别,3
看个够,3
那端,3
五六年,3
船舵,3
金玟,3
雨争,3
人常,3
倔强地,3
似雪非,3
话糙,3
破表,3
斥责,3
特多,3
信别,3
思虑,3
拱手相让,3
转盘,3
这匹,3
压伤,3
探囊取物,3
娇喘,3
望远,3
好景不长,3
魂不守舍,3
一剂,3
举世无双,3
撒向,3
一轨,3
绵密,3
될,3
圆润,3
缝制,3
乌泱,3
发尾,3
虞书欣,3
镌刻,3
现个,3
真坏,3
种满,3
大唐,3
东土,3
关子,3
宠辱,3
绿意,3
睡下,3
阀,3
氛子,3
落俗,3
不笑,3
校准,3
懒癌,3
竹篮打水一场空,3
不稳,3
折扇,3
细嚼慢咽,3
人里,3
窝心,3
郑楠,3
柔和,3
赵馨玥,3
大明,3
你养,3
何谈,3
声声慢,3
凶犯,3
秀当,3
香要,3
魅狂,3
蜡,3
有湖,3
媚俗,3
脚崴,3
汉正街,3
深厚,3
绘出,3
更能,3
很熟,3
李官卫,3
我常去,3
这记,3
瞄到,3
中二,3
能顶,3
那牌,3
当写,3
六度,3
不信邪,3
邵琦,3
回忆往事,3
说话算数,3
武昌起义,3
特洛伊木马,3
散个步,3
走时,3
发枪慢,3
计票,3
蛮夷,3
卓著,3
华夏大地,3
前五,3
黄旭旭,3
澱,3
相有,3
或学,3
要关,3
你表,3
表烦,3
罗马帝国,3
换雨,3
首不大,3
劲想,3
仙豆,3
穆德,3
算总账,3
穆罕,3
中站,3
电子产品,3
吴京,3
出警,3
初音,3
红毯时,3
先答,3
缴费,3
老泪,3
上拉,3
风流成性,3
正劲,3
抑强扶弱,3
评测,3
腊肠,3
猿,3
绸缎,3
跨到,3
酌上,3
葭,3
蒹,3
阑尾,3
南美,3
猫王,3
方针,3
沉下,3
固化,3
余波荡漾,3
反色,3
鱼冻,3
不慎,3
起步价,3
渐慢,3
我富,3
实况转播,3
枪神,3
陪笑脸,3
睡午觉,3
貳,3
连命,3
这步田地,3
提莫,3
构架,3
玉面,3
竞,3
白熊,3
只分,3
大脑神经,3
众星捧月,3
踢腿,3
杀头,3
好受,3
画过,3
转角处,3
失眠症,3
婉约,3
这一炮,3
牦牛,3
挑刺,3
战秦琼,3
几枚,3
导入,3
把持,3
稳着,3
八流,3
多唱首,3
先锋派,3
倾其所有,3
拍过,3
三十公里,3
帅杰,3
翩若惊鸿,3
脸分,3
迷眼,3
私利,3
偏食,3
象牙塔,3
隔岸,3
三维,3
扩音器,3
含有,3
饒舌,3
哆来,3
天賦,3
屁娃别,3
帕克,3
珍视,3
咬起,3
眼快,3
可到,3
天蝎,3
华特,3
李白杜甫,3
只会乱,3
照一照,3
华子,3
没人接,3
欣然接受,3
塔罗牌,3
我扎心,3
连笑,3
断种,3
没味,3
三百年,3
轰成,3
心到,3
重型,3
布里克,3
童子功,3
摇旗呐喊,3
仔没人,3
事太难,3
断开,3
绝缘,3
体毛,3
海豚,3
决定权,3
原始人,3
一扫,3
온,3
牧笛,3
嘴快,3
擒龙,3
喉管,3
尔德,3
伊苏,3
佛耶戈,3
喃喃,3
修辞,3
렸,3
듯,3
받,3
젠,3
언,3
깊,3
三潭印月,3
공,3
喝采,3
我解,3
本味,3
冒点,3
来享,3
增肌,3
千疮,3
楚楚,3
球门,3
血肉之躯,3
导体,3
除草,3
杀虫,3
街去,3
下毒,3
辨认,3
盐酸,3
买药,3
黏在,3
老白,3
试问,3
太痒,3
如山,3
当不成,3
十发,3
瑕疵品,3
床位,3
恍神,3
斗智斗勇,3
松掉,3
机能,3
屋漏,3
充数,3
物体,3
太惨,3
黑骑士,3
进乐色,3
冷藏柜,3
病原体,3
栽种,3
冷静下来,3
铆足,3
自幼,3
真知,3
捧杀,3
弹舌,3
已不多,3
肾结石,3
倾力,3
篮球鞋,3
内壁,3
触角,3
素描,3
表达方式,3
浇醒,3
橘红色,3
美团,3
心怀不轨,3
当二哈,3
显卡,3
脸长,3
岳云鹏,3
德云社,3
几波,3
插葱,3
沾染到,3
不含糊,3
柴火,3
赃,3
大卸八块,3
耿鬼,3
琳,3
杨乔儿,3
暴戾,3
第四类,3
光怪,3
生或死,3
族人,3
帕里斯,3
领悟到,3
柔顺,3
狠活,3
地下通道,3
好骗,3
脫,3
两座,3
东拉西扯,3
呐过,3
屡,3
岁月流逝,3
一死,3
想管,3
毛皮,3
负心,3
养梦,3
初学者,3
悉尼,3
拆过,3
全速前进,3
三两下,3
热菜,3
老东西,3
多元,3
双龙,3
吹出,3
落坠,3
不融,3
签证,3
酒厂,3
州,3
一箭双雕,3
双刀,3
过眼,3
聚窟,3
假表,3
冷艳,3
自渡,3
留疤,3
天狗,3
丢过,3
出后,3
影本,3
精神领袖,3
卖笑,3
没人救,3
满条,3
摇到,3
难遇,3
免疫力,3
日久见人心,3
眼别,3
护佑,3
天星,3
快步,3
树干,3
亿万年,3
我光,3
内阁,3
社会风气,3
取保候审,3
实干,3
出生地,3
两幅,3
出热单,3
索,3
乐谱,3
飞虫,3
幕能,3
甩不开,3
伙问,3
爆惨,3
彝,3
毯,3
光往,3
无牵无挂,3
根在,3
搀扶着,3
骂娘,3
黄金时代,3
请回到,3
大半个,3
张无忌,3
瘾君子,3
鸡飞狗跳,3
法外,3
事快,3
狠辣,3
警备,3
皆空,3
双份,3
火冒三丈,3
陈一,3
伊比利亚,3
动效,3
李小红,3
考官,3
窗期,3
点将,3
配种,3
名分,3
放风,3
有感而发,3
藏汉,3
色相,3
悠着,3
伙爆,3
十米,3
说罗亦凡,3
假人,3
乖乖女,3
最拉风,3
昏头,3
微信里,3
删光,3
逊色,3
简阳,3
法土,3
黑娃用,3
郭英帆,3
九龙壁,3
体育场,3
面面相觑,3
忙忙,3
千丝万缕,3
开通,3
冰凉凉,3
醒来时,3
利箭,3
物物,3
张着,3
能说会道,3
总嫌,3
儿菜,3
冻坏,3
人身,3
现成,3
浊,3
娇柔,3
电梯间,3
骗点,3
假睫毛,3
男女老幼,3
算不了,3
外侧,3
藉口,3
必死无疑,3
多亮,3
农田,3
迷濛,3
神助,3
吵得,3
失常,3
白噪,3
小菜一碟,3
黏好,3
滚石,3
帐单,3
三慢,3
不愁吃,3
可寻,3
成谜,3
豪门,3
选到,3
最貴,3
金毛,3
养过,3
每餐,3
地之角,3
翻出来,3
意乱情迷,3
歌真鸟,3
多得多,3
或来,3
偏财,3
人鬼,3
多一份,3
燻,3
多当,3
照镜,3
长假,3
放著,3
隽,3
卖光,3
相较,3
否,3
永恒不变,3
资讯,3
得太快,3
别教,3
樑,3
勤俭,3
自首,3
慾,3
新药,3
看病,3
好轻,3
從來,3
張,3
韻腳,3
足夠,3
雨刷器,3
长过,3
骗来,3
吋,3
鱼虾,3
李宗盛,3
正财,3
當個,3
西在,3
顽石,3
毫无准备,3
留级,3
不炸,3
新长,3
期总有,3
混口饭吃,3
干裂,3
溥仪,3
爽口,3
鸟事,3
寿,3
哈评,3
不太高,3
框子,3
端茶,3
郑少秋,3
倚天,3
成王,3
白兔,3
黄兴,3
家访,3
笑傲,3
快人,3
生凑,3
自取灭亡,3
它妙,3
打比方,3
车下,3
淡空,3
一拖,3
债都,3
巨蛋,3
诬言,3
情份,3
上山下海,3
赵钱孙,3
周吴郑,3
藏于,3
明世到,3
一表真,3
抛头颅,3
名誉扫地,3
渐弱,3
尾戒,3
温柔体贴,3
零时,3
悲颜,3
纣,3
冥冥,3
体外,3
绝对零度,3
萌生,3
指日可待,3
斯桐,3
序章,3
不二,3
身受,3
南龄,3
随声,3
寒来暑往,3
抗下,3
手来,3
会往,3
唸,3
饒,3
拖棚,3
中额,3
蒙起,3
排列组合,3
某次,3
牢吾额,3
拔捺吾,3
硬劲,3
足额,3
最实,3
两记,3
两面光,3
脚舞,3
跳成,3
货个种,3
包脚,3
额才,3
莺莺燕燕,3
土逼怪,3
团靠,3
低头哈腰,3
死要,3
乖人,3
呆萌,3
决对,3
娇娃,3
我头围,3
吉诺,3
一伊,3
德鲁伊,3
第一道,3
里九人,3
别丧,3
庙会,3
慈眉善目,3
甜而不腻,3
抚琴,3
力狗,3
协,3
肥宅,3
门生,3
街道口,3
念叨,3
绿豆汤,3
鲍鱼,3
破镜重圆,3
面连,3
何求,3
再难,3
道声,3
几野,3
大义,3
美艳,3
窈窕,3
花街,3
中去,3
故国,3
招财,3
捷克,3
暗许,3
窘境,3
往人,3
菊花茶,3
管理员,3
那马,3
拾荒,3
蚍蜉撼树,3
老坛,3
還,3
太傲,3
边过,3
不愿边,3
竞相,3
钦宗,3
之变,3
靖康,3
数十,3
乱冈,3
唤名,3
屐,3
能之士,3
贤,3
唤作,3
已超,3
太糙,3
肉林,3
兒小酷,3
傲睨一切,3
我里,3
喷掉,3
打头炮,3
如年,3
马夫,3
第十天,3
麻痺,3
连瞎子,3
喷进,3
這種,3
隻,3
持續,3
冬大,3
胸有丘壑,3
涵盖面,3
组特,3
爆炒,3
孤矢下,3
搞性,3
作越,3
替补席,3
记不起来,3
计步器,3
特新冠,3
重欲,3
必承其,3
公屏,3
演演,3
酒用,3
伙们,3
特乃伊,3
饮半壶,3
特乃伊组,3
太君,3
词多,3
开押,3
间少,3
亿才,3
诱和利,3
一客,3
勃艮第,3
真杂,3
博古通今,3
满腹珠玑,3
十八种,3
兼修,3
一哄而散,3
歹戏,3
优异,3
人脸识别,3
盘起,3
梁弘瑞,3
洗面奶,3
雇佣兵,3
干部,3
不哈,3
人些,3
大红花,3
庶民,3
窝头,3
共性,3
谈不拢,3
流话,3
驾校,3
阿猪,3
套儿,3
认姐,3
认哥,3
跨卵,3
除恶,3
孙艺,3
笼盖,3
滑不滑,3
贵些,3
寒门,3
镁,3
倚天剑,3
居家,3
颁发奖状,3
揪住,3
背来,3
草寇,3
交河,3
铁树开花,3
光前,3
高瞻,3
人向生,3
攀下,3
众生相,3
趁势,3
蜂蝶,3
阿罗汉,3
诸流,3
渡于,3
框下,3
村镇,3
数千里,3
东去,3
天昊,3
听龙鸣,3
张日,3
简弓长,3
繁化,3
半间,3
自相矛盾,3
得配,3
迎面而来,3
退伍,3
火儿,3
乌蒙,3
找对象,3
十七八,3
年关,3
林冲,3
百个,3
城郭,3
羁押,3
神兽,3
兰山,3
君开,3
芭为,3
多上,3
满夜,3
逍遥客,3
避不开,3
没像,3
出人命,3
亮闪闪,3
弃暗投明,3
某年,3
练级,3
一双双,3
漫天要价,3
牛批,3
人帮,3
超高,3
妙计,3
星雨,3
但换,3
几十遍,3
狼窝,3
待业,3
防晒霜,3
历险记,3
昆丁,3
抓去,3
逃难,3
梦外,3
舟渡岚,3
全要,3
多野云,3
被触,3
瞬息,3
真勒好,3
大展身手,3
烟不离,3
贾立,3
快回到,3
两三天,3
小混混,3
無聊,3
リ,3
身俱来,3
一举,3
万公里,3
流浪者,3
抵叨,3
常驻,3
母载,3
胜利果实,3
羊绒,3
酱香,3
吊起来,3
屁孩,3
枝,3
河神,3
电镀,3
跃出,3
点钞,3
這兒,3
當你,3
沿著,3
持辔,3
缺憾,3
胖派,3
流金,3
喀斯特地貌,3
人心难测,3
弄清,3
开春,3
洗发水,3
独生子女,3
繁华都市,3
抓破,3
点书,3
多读,3
几里,3
弹出,3
安置,3
人刚,3
多得是,3
产生共鸣,3
安知,3
纸包不住火,3
潜龙勿用,3
端口,3
店子,3
不敢高攀,3
新风暴,3
看了又看,3
拉架,3
大晴天,3
麋峰,3
贾,3
年冬,3
那大,3
丹麦,3
博个,3
伤当,3
艺术节,3
迈大咯,3
瞎聊,3
挖井,3
不挂,3
再创新高,3
爆档,3
镶不上,3
刚收,3
湘菜,3
傻哥,3
七十块,3
混迹江湖,3
事能,3
争风吃醋,3
还弱,3
王斌,3
会心,3
李亦德,3
操作员,3
陈晨,3
动枪,3
点穴,3
隔空,3
东晓,3
荷包蛋,3
雪里红,3
冰是,3
成军于,3
舞龙,3
舞龙队,3
谢花开,3
进口车,3
荏苒,3
查验,3
死板,3
虔敬,3
高堂,3
击剑,3
寸土,3
卡法,3
萨瓦迪,3
布蒙,3
进窗,3
珠子,3
我织,3
背篓,3
景轩,3
我暗,3
没帮,3
中文名,3
宝鸡,3
血雨,3
花红柳绿,3
血瘀,3
突来,3
挥出,3
春夜,3
人间正道,3
得会,3
泛泛之辈,3
五十招,3
作态,3
神龛,3
诵,3
高瞻远瞩,3
门庭若市,3
歌太硬,3
图钉,3
头壳,3
看快,3
会冲,3
眼台妹,3
玩点脏,3
他拉住,3
他明,3
来取,3
一阵子,3
七里香,3
情人眼里,3
这束,3
他伤,3
班费,3
后人乘凉,3
不亚于,3
煳,3
年模,3
脸绕,3
十几分钟,3
大为,3
清创,3
舱位,3
板着脸,3
贤能,3
自我意识,3
奇人,3
富要,3
难为,3
佳作,3
作战方案,3
命勇,3
回天乏术,3
好蠢,3
十几公里,3
五种,3
彩绘,3
我球,3
唠资,3
送点,3
前列腺,3
庸庸碌碌,3
直飞,3
钭,3
百元,3
专娃,3
温丧,3
相诉,3
饭点,3
帅惨,3
赢取,3
看爽,3
少操,3
草海,3
威宁,3
烟边,3
卷帘,3
吐烟,3
活苦,3
绒服,3
亲搁,3
脸进,3
难友,3
点糙,3
感使,3
八平,3
操持,3
走人户,3
土改,3
紧来,3
灌点,3
装微信,3
挤光,3
咯管,3
壮五人组,3
普西想,3
哑哑,3
杜卡迪,3
现换,3
多平,3
连麻买,3
稻,3
总额,3
合气道,3
要太少,3
五区,3
钢管厂,3
子买,3
双桥,3
脚比脸,3
整盘,3
厂房,3
但火,3
少卖,3
歌撇钱,3
吼来,3
引起共鸣,3
全不去,3
耍太过,3
爱关,3
图帕克,3
反听,3
鲈鱼,3
舒淇,3
买鸿星,3
确,3
骷髅头,3
打昏,3
上市公司,3
云龙,3
追梦人,3
改进,3
练点,3
缅甸,3
列入,3
很铁,3
求个,3
兰德,3
二十八,3
只读,3
太直,3
排是,3
塞塞,3
贼宝,3
他发,3
卡死,3
东说,3
鬆,3
比太多,3
板影,3
添越,3
水城,3
进不出,3
侍卫,3
出嫁,3
更猛,3
没得膏,3
平天下,3
侄儿,3
卷够,3
头太多,3
全不切,3
肇事者,3
禁上,3
粗哥,3
混淋土,3
牛子,3
妹多,3
傻逼些,3
鲜血淋漓,3
盘用,3
索菲亚,3
面颊,3
冰城,3
挺帅,3
小滨滨,3
端庄,3
都能安,3
先招,3
先逃,3
时有时无,3
小包,3
老狐狸,3
没花,3
解闷,3
冰雕,3
立地,3
搞紧,3
阿敏,3
板像,3
哀叹,3
傲视群雄,3
横眉冷对,3
独占鳌头,3
执著,3
梦像,3
出戏,3
重分,3
贡品,3
宠信,3
实属,3
倾尽全力,3
断壁,3
成像,3
黑天,3
航路,3
金榜,3
妖术,3
绝种,3
穿墙,3
专长,3
出是,3
地闭,3
没飘到,3
赏赐,3
狼皮,3
奋发图强,3
厚度,3
前妻,3
相像,3
此情,3
哄抢,3
付之东流,3
敬上,3
不帮,3
悄声,3
烤成,3
不松活,3
牛儿,3
超好,3
脚踢,3
百大,3
沙壁,3
一瞥,3
太毛,3
别摇人别,3
拨回去,3
反校,3
不过关,3
边线,3
引人注意,3
单行,3
改建,3
遵命,3
唯利是图,3
诱导,3
成风,3
畏怯,3
拐骗,3
坑里,3
检查一下,3
故弄玄虚,3
心有余悸,3
打过仗,3
待客,3
够不着,3
蛋蛋,3
陪味,3
男同,3
展钱,3
扇形,3
先脱,3
几桌,3
设宴,3
专哥,3
四面佛,3
Prod.4,3
胸弟,3
想录,3
穿到,3
导出,3
千个,3
惨肿,3
需找,3
纪梵希穿,3
浇愁,3
想装,3
毛瑟,3
嘴云,3
滑过去,3
微胖,3
白袜子,3
络腮胡,3
微涨,3
小会,3
打窝,3
不话,3
霸到,3
那串,3
张数,3
厨壁,3
婚,3
人在动,3
晦气,3
吃喝嫖赌,3
改分,3
软骨头,3
假金,3
水能,3
怨愁,3
输气,3
路不近,3
一掷,3
一个心眼,3
说泽,3
金斗,3
军吐,3
泡儿,3
虎鞭,3
装不来,3
更少,3
张大,3
好下,3
憎,3
跟上来,3
超掉,3
阿坝州,3
狠话哥,3
血狠话,3
杂日,3
种公,3
庞臭,3
飞鸡儿,3
三万块,3
厅堂,3
嘴贫,3
登到,3
符咒,3
婷婷,3
秦岭,3
洋溢着,3
看尽,3
猖獗,3
白衣战士,3
与子,3
鼠疫,3
三秦,3
仙儿,3
淡泊名利,3
枪栓,3
冈,3
山高水远,3
三方,3
四天,3
一层层,3
持续上升,3
扁桃体,3
叵测,3
李文昊,3
多留,3
条线,3
塞颗,3
匈牙利,3
割来,3
学不学,3
勒话,3
这股,3
肩龙,3
高陵,3
厮守,3
押注,3
剜,3
铲子,3
汤叔,3
劳拉,3
防火墙,3
招摇,3
这么晚,3
恶势力,3
对子,3
慈禧,3
千种,3
好景,3
卡其色,3
海路,3
矬,3
点数,3
呯,3
左转,3
馊味,3
不精,3
映像,3
毒性,3
狼狈为奸,3
十八碗,3
真才实学,3
茶叶,3
劳神,3
痉挛,3
一个巴掌拍不响,3
先锋队,3
淦,3
肆掠,3
翻烂,3
す,3
浪人,3
难到,3
捏起,3
得端,3
歇歇脚,3
小金,3
华为,3
酗酒,3
英伟,3
バ,3
相向,3
隐患,3
埋过,3
邪门儿,3
菜市,3
不成器,3
搬空,3
頭的,3
搞點,3
油門,3
早點,3
跪起,3
出場,3
王老吉,3
哥些,3
哪點,3
不斷,3
低等,3
摩羯座,3
鳥,3
劳力,3
歌烂,3
挂号,3
私情,3
大兵,3
蜡纸,3
纱布,3
走险,3
算下来,3
没房,3
蠢材,3
杀得,3
避避,3
人算,3
提神醒脑,3
哪块,3
还放,3
一天两天,3
旗杆,3
入手,3
医药费,3
搜查,3
归一,3
对战,3
五湖,3
长流,3
指手,3
用途,3
站不住脚,3
取点,3
你备,3
戏台,3
敢讲,3
抽查,3
豆子,3
俸禄,3
牢记于心,3
不孝,3
开金口,3
看求,3
车来,3
巴桑,3
出口气,3
姿色,3
泪人,3
夜已,3
普照大地,3
联动,3
无来,3
无始无终,3
每秒钟,3
自变,3
商圈,3
为五斗米折腰,3
刘汝平,3
相媲美,3
饲养,3
精油,3
违禁品,3
朝圣,3
坠下,3
皮脸,3
免票,3
三两个,3
容许,3
被刻,3
结合体,3
底噪,3
新王,3
༢,3
圈层,3
去活,3
不妄分,3
瞎转,3
晚莫得,3
该学,3
三箱,3
再涨,3
桥哥,3
越怕,3
建筑工地,3
究责,3
话勒,3
该补,3
斯瓦辛格,3
杂乱无章,3
各有命,3
拉下,3
桑树,3
肥田,3
吃了亏,3
假说,3
柳叶,3
高速度,3
漂过,3
没交,3
家谱,3
所向无敌,3
唱独角戏,3
北去,3
柠檬茶,3
末世,3
室温,3
屑,3
歌德,3
墙里,3
被包,3
排进,3
炭火,3
清冷,3
擅,3
乐评家,3
粘腻,3
保有,3
梅雨,3
暴殄天物,3
失职,3
知识分子,3
学术,3
厚茧,3
逃往,3
僵化,3
尼姑,3
恬淡,3
分合,3
抒写,3
冬雨,3
叠起,3
白蛇,3
听度,3
舞鞋,3
度量,3
白鹭飞,3
婴孩,3
停战,3
轮空,3
试图用,3
蘑,3
密西西比,3
刚硬,3
疑心病,3
泥浆,3
前半生,3
狗们,3
七寸,3
人演,3
函数,3
远近,3
不黑,3
拍掌,3
起稿,3
我赖,3
百业,3
搬弄,3
喷过,3
培根,3
金匙,3
起新,3
阴云,3
瞳色,3
悬停,3
共寝,3
中产,3
驳斥,3
沿街,3
下望,3
塑成,3
寒流,3
消消气,3
疲于奔命,3
存货,3
还少,3
嘲笑声,3
未有,3
整要,3
心造,3
打情骂俏,3
主次,3
堵上,3
醉想,3
嘀任,3
清水江,3
玥,3
嫌隙,3
奸臣,3
仙台,3
所求,3
西窗,3
白云观,3
绣花,3
怨天怨地,3
刚烈,3
豪爽,3
游再,3
游请,3
终老,3
坐大奔,3
祛寒,3
未试过,3
路重,3
拚,3
萧敬腾,3
买入,3
收一收,3
一方水土,3
布在,3
要会,3
伤身,3
复鸡,3
王给,3
麦喊,3
切瓜,3
六位数,3
丑角,3
明说,3
呆呆地,3
上任,3
便会,3
考古,3
起承转合,3
眼不见为净,3
太多宝,3
电话铃,3
向北飞,3
手语,3
老房,3
同学录,3
酸痛,3
烟后,3
拼斗,3
不欢,3
无酒,3
天当,3
夹个,3
没油,3
璧,3
年芳,3
钢琴家,3
看靠,3
妹是,3
姬无命,3
云去,3
斑鸠,3
气急,3
怦怦,3
大红,3
如约,3
如酒,3
花满楼,3
打鼾,3
逃不脱,3
雨花,3
乱兵,3
飞多远,3
火冲冠,3
小桥流水,3
校裤,3
睡得够,3
阿一西代路,3
维特,3
爆成皿,3
坐小,3
要敢,3
再花个,3
伍佰让,3
电丝,3
隆里,3
冰墩,3
订个,3
渐晚,3
菜式,3
华语音乐,3
别天,3
控球,3
吹风机,3
东流,3
为首,3
뿐,3
길,3
连在一起,3
铁粉,3
对焦,3
몽,3
天池,3
日晒,3
朱江,3
技术活,3
最前,3
关云长,3
信写,3
别太累,3
中锋,3
几十岁,3
风华绝代,3
钟子期,3
带笑,3
红莲,3
素未谋面,3
血腥味,3
坦露,3
黎燕珺,3
曾梓轩,3
粗线条,3
数好,3
零秒,3
赤足,3
白展堂,3
玩欠,3
刑具,3
照嫩,3
最卖,3
高快,3
排演,3
惯有,3
世界地图,3
胖有,3
必富,3
坟地,3
切尔西,3
烩面,3
驴唇不对马嘴,3
吃腻,3
某法,3
迪脑,3
胡链,3
图一,3
胡辣汤,3
猖了,3
真不弄,3
徒孙,3
头分,3
扑鼻,3
恁家,3
洒水车,3
酒品,3
吃了饭,3
大敌,3
镇求,3
见儿,3
十渠,3
事不宜迟,3
饶命,3
袄,3
八世纪,3
针一,3
找话,3
再掘,3
破船,3
切菜,3
行刑,3
历克斯,3
洛特,3
杰,3
榨,3
施下,3
拔脚,3
巨受,3
八音,3
巴雷特,3
烂好人,3
违令,3
宵禁,3
大宪明,3
太大意,3
休养生息,3
第一任,3
渗出来,3
无法估量,3
画夹,3
谱曲,3
视奸,3
乌托,3
列好,3
强蹭,3
胡栋,3
老秀子,3
销个,3
喜新厌旧,3
连烟,3
叫力,3
十六七岁,3
绝交,3
惨奸,3
整先,3
麻隼线,3
适巴适,3
巴不巴,3
卡刷,3
中假,3
黑拳,3
奏鸣曲,3
远路,3
驶过,3
毕业典礼,3
辩证,3
住房,3
护航,3
骗吃,3
膝头,3
娘老子,3
你口,3
手压,3
猫力,3
撒一,3
耍笔杆,3
沙皮,3
自发,3
偷出来,3
抽低,3
五合一,3
有多寇,3
抢过来,3
备忘,3
犬吠,3
挑拣,3
比做,3
可白,3
排排,3
男宾,3
消个费,3
搓到,3
白喊哥,3
听来,3
会口,3
三角恋,3
放在首位,3
多日,3
三合一,3
屁滚尿流,3
奶奶家,3
救过,3
宴请,3
但家,3
伙顶,3
气狗,3
带够,3
千真万确,3
韦小宝,3
帕西诺,3
欧城,3
三台,3
不张,3
拥戴,3
套来,3
越要,3
李全秀,3
刻不容缓,3
不留后路,3
手足,3
金沟河,3
新年礼物,3
脸见,3
逼退,3
语数外,3
浙大,3
李朋,3
没抄,3
转像,3
我来定,3
翻过去,3
竖琴,3
马先生,3
春阳,3
娴,3
何品,3
程小华,3
付迎娟,3
管弦,3
必修课,3
含破,3
少些,3
整容手术,3
打不直,3
前进方向,3
说痛,3
感情生活,3
他试,3
钟祺跳,3
奂,3
抚过,3
創造,3
總是,3
三折,3
走册,3
调个,3
公车站,3
流鼻血,3
会选,3
剧中人,3
撮合,3
在世界上,3
漂阿漂,3
无门,3
两三句,3
调出,3
两百多斤,3
搓澡,3
钟祺在,3
上会,3
头目,3
吴越,3
岳飞,3
灯谜,3
拍发,3
持续保持,3
袖套,3
褒义,3
休闲装,3
千百种,3
音乐家,3
嫣红,3
冰冻三尺非一日之寒,3
举行,3
新华字典,3
那枚,3
病倒,3
亚马逊,3
词话,3
临界,3
鞋上,3
白富,3
正反面,3
来哥,3
强是,3
99%,3
周到,3
慧根,3
结印,3
专用,3
换来换去,3
萧山,3
叽,3
很酸,3
晴转阴,3
蒙在鼓里,3
老树,3
徐志摩,3
写不来,3
温瑞梁,3
花被,3
慈善家,3
球钱,3
光耀,3
苦过,3
会美,3
脚板,3
兑业,3
他养,3
雪常,3
没话,3
看著,3
干干,3
榆木,3
属相,3
夸句,3
抗衰老,3
新面孔,3
弄个,3
人脸,3
老成,3
孩提,3
观摩,3
炸药包,3
我当,3
理哈,3
想赖,3
丁真,3
胸贴,3
顶成,3
气度不凡,3
海去,3
赌输,3
独立自主,3
评定,3
鬼晓得,3
采臣,3
孙燕姿,3
牛头不对马嘴,3
年终,3
可期,3
挖开,3
有案,3
拿不准,3
有钱赚,3
降龙伏虎,3
班花,3
蹦出来,3
章,3
洗清,3
光和热,3
被俘,3
高看,3
公共交通,3
布拉,3
试一下,3
知底,3
拾荒者,3
算一卦,3
齐铭,3
入海,3
乱了阵脚,3
脑充血,3
紧跟,3
万寿路,3
龇牙咧嘴,3
赔个,3
栽贼,3
换条,3
甘孜,3
罪魁祸首,3
佛山,3
强人,3
窗看,3
事不过三,3
公共,3
装过,3
却活,3
撮箕,3
预警,3
天算,3
入眼,3
大太,3
鞋码,3
拍个帅,3
割掉,3
代枪,3
太腥,3
内帮,3
货够,3
下家,3
失踪人口,3
信佛,3
投缘,3
落选,3
可太多,3
播着,3
多放,3
要生,3
洗头发,3
裸睡,3
小怪,3
中山门,3
逮着,3
小不点儿,3
市儿,3
定点,3
留洋,3
灌灌,3
左到,3
兜个,3
初春,3
秋波,3
杭帮,3
混充,3
你会点,3
弹唱,3
合二为一,3
转音,3
露台,3
回程票,3
满垒,3
說過,3
任你选,3
用餐,3
红烧肉,3
期货,3
平江,3
夜灯,3
板栗,3
玩一玩,3
克拉玛依,3
浆子,3
广角,3
辙,3
金水,3
正中间,3
色色,3
分得出,3
北海公园,3
朝野,3
诡计多端,3
老辣,3
好娃娃,3
豆芽,3
安过,3
先学,3
发明家,3
上学时,3
却学,3
加快步伐,3
偷摸,3
胡作非为,3
去去就来,3
他花,3
加大力度,3
水沟,3
大巴车,3
四五点,3
稍后,3
告发,3
唱为,3
公式化,3
我想点,3
重色轻友,3
播到,3
光再,3
宫斗,3
飞不出,3
洒出,3
开快,3
差异化,3
半倚,3
不悔改,3
阿翥,3
风拂过,3
星子,3
正满,3
긴,3
科目,3
关头,3
这摊,3
傲然,3
我空,3
문,3
복,3
佳木斯,3
前景,3
推窗,3
雪水,3
脱贫,3
国民,3
鸡毛信,3
虫豸,3
花篮,3
人人爱,3
溜出去,3
不范,3
姚中,3
晴子,3
赤木,3
吃土,3
爱生恨,3
柯南,3
当夜,3
忧患,3
洩,3
快樂,3
朝光,3
定情,3
老城,3
瑞金,3
愁过,3
黑崎子,3
便成,3
金玉良言,3
还配,3
大嘴,3
没面,3
门楼,3
相片儿,3
一跑,3
零工,3
吾将上下而求索,3
当王,3
站稳脚跟,3
吸取教训,3
雷鸣电闪,3
凌晨时分,3
声唤,3
骄子,3
存些,3
图当,3
录好,3
五十二,3
两斗,3
食牛,3
成班友,3
加一加,3
换心,3
缘起,3
知之不晚,3
忽散,3
忽聚,3
留门,3
嘿人,3
叫座,3
爱怕,3
哭个,3
词往,3
认生,3
烂病,3
小李广,3
从那时起,3
哭喊声,3
人名,3
问心有愧,3
贷上,3
同归殊途,3
突变,3
学嘛,3
种田,3
外出,3
好要,3
始,3
所在地,3
取人,3
尿检,3
穷是,3
上海市,3
战将,3
七八把,3
伊卡,3
龚,3
城西,3
卷烟,3
舞到,3
立锥之地,3
最扯,3
克螂,3
变火,3
混日子,3
收住,3
苦旅,3
戴棘,3
使坏,3
黄嘉雯,3
束手束脚,3
辈儿,3
雨后春笋,3
你還,3
認同,3
八九十,3
鸡犬升天,3
还燥,3
听听看,3
老奶,3
这纸,3
两万五千里,3
侧漏,3
西到,3
共和国,3
钻心,3
门用,3
多拉,3
卡多,3
支个,3
认卯,3
外是,3
13.74,3
系带,3
内衬,3
大白天,3
没面儿,3
炸酱面,3
不复购,3
尘海,3
眉哀,3
刻出,3
一痕,3
赵大格,3
求签,3
砸死,3
家道中落,3
腮帮,3
万箭,3
烟剩,3
智,3
刚读,3
秒数,3
装出,3
赚过,3
黄礼格,3
钢镚我,3
每酸,3
溃不成军,3
跷跷板,3
下九流,3
趔趄,3
眼皮底下,3
太多忙,3
招蜂惹蝶,3
国色天香,3
快逃,3
硬搭,3
少男,3
半睡半醒,3
锅里煮,3
分流,3
慷慨激昂,3
才子佳人,3
醉于,3
渊源,3
婀娜多姿,3
松花江,3
一去不回,3
张梦迪,3
张新成,3
完字,3
皓月,3
时宜,3
纤弱,3
得民心,3
刚入行,3
不悔别,3
杨子荣,3
惹人醉,3
民意,3
得人心,3
天下人,3
出奇制胜,3
琼楼,3
戏音,3
散楼,3
可笙,3
深深浅浅,3
情缘,3
山在,3
聚合,3
算过,3
不外借,3
风雨雷电,3
饺子馅,3
雾海,3
尾音,3
避孕套,3
잠,3
꿈,3
痛泪,3
泡胀,3
蹲守,3
經,3
曬,3
拆卸,3
张皮,3
滋扰,3
慢慢说,3
白刀,3
阔刀,3
动让,3
化巨佛,3
花不引,3
羊进,3
本世纪,3
棋逢对手,3
走形,3
变乱,3
童言无忌,3
共进退,3
人间天堂,3
失传,3
宗师,3
如夏,3
热衷于,3
大爸,3
王晨宇,3
心子,3
死地,3
勒条,3
B座,3
审,3
鑽石,3
全場,3
確實,3
鯊,3
大热天,3
杯心,3
等儿,3
下块,3
儿杀,3
儿醒,3
狗儿些,3
尖得,3
模模糊糊,3
波像,3
精神食粮,3
人样,3
嘴瘾,3
化渣,3
弄出来,3
跳勒舞,3
唱勒歌,3
批准,3
闯闯出,3
立投,3
心靠,3
王恩信,3
雍,3
举灯牌,3
幼杀,3
训斥,3
民族英雄,3
上大分,3
市帅,3
李伯清,3
傻蛋,3
红了脸,3
那热,3
生理,3
約,3
老師,3
驕傲,3
鮮花,3
記得,3
偶爾,3
儿生,3
代言人,3
左哥,3
对劲儿,3
捧成,3
国歌,3
却会,3
细想,3
饭量,3
弹球,3
杂七杂八,3
望而却步,3
热汤,3
其冠,3
灵动,3
最多算个,3
摘星,3
不恰,3
马拉,3
转塘,3
满头大汗,3
条框,3
韩啸王,3
大阵,3
真王,3
蛔虫,3
低头不见抬头见,3
华服,3
承接,3
三冠,3
最要,3
新闻报道,3
连连看,3
解法,3
老友记,3
一员,3
不昂,3
老爷爷,3
干哑,3
杨宗纬,3
节奏快,3
向前看齐,3
贵越,3
妈来,3
新包,3
自私自利,3
高老庄,3
窗再,3
露个,3
偏分,3
山坑,3
订给,3
上整,3
沾个,3
屁用,3
自导,3
起名叫,3
佚名,3
搬过,3
这一下,3
蛀牙,3
根发,3
吃软不吃硬,3
七分裤,3
胶鞋,3
闲散,3
相守,3
进兜,3
说太透,3
内辈儿,3
摘电,3
撞碎,3
随风飘扬,3
敬献,3
面让,3
花取,3
老靠,3
起司,3
伙摇,3
井口,3
丙子,3
高嘛,3
盛装,3
大像,3
盘口,3
行提,3
齐刷刷,3
衣扣,3
经常出现,3
相偎,3
垃圾邮件,3
贵公子,3
新风气,3
湖滨,3
쁜,3
습,3
存够,3
攀个,3
须臾,3
年末,3
三千七百,3
抽牌,3
投钱,3
私货,3
乱说话,3
终要,3
少个,3
发神伴,3
墙后,3
劲敌,3
咯哥,3
豆切,3
搞勒行,3
柴柴,3
豆心,3
等春来,3
张迟,3
郎莹,3
只爱花,3
苦差事,3
偿命,3
白蚁,3
吹落,3
剥落,3
合不来,3
胡皓波,3
整颗心,3
百毒,3
全名,3
奇爱,3
来瓶,3
曼森,3
模范生,3
一水,3
珠落,3
这山,3
先向,3
非选,3
圆珠笔,3
热路,3
总醉到,3
精神面貌,3
汗臭,3
风飘,3
扑杀,3
番子,3
被叫,3
生辰,3
梁维嘉词,3
死灰复燃,3
这酒,3
姥姥家,3
摽,3
喜讯,3
拼学,3
人教,3
轻笑,3
年过半百,3
声优,3
刷点,3
野鸟,3
动力火车,3
人生意义,3
木门,3
有妹,3
小型,3
痱子,3
逝世,3
做舟,3
新店,3
嘀当,3
殿下,3
我视,3
口要,3
只尝,3
穷过,3
你来我往,3
恨教,3
用堆,3
吕子涵,3
很清,3
机缘,3
四处奔波,3
写本,3
理想主义,3
雍和宫,3
双生,3
盲目崇拜,3
点药,3
趋于,3
地收,3
要触,3
生吃,3
我姐,3
一百家,3
尖塔,3
上千,3
射下来,3
生哈是,3
磕烂哩,3
钻机,3
搂定,3
太妥,3
金往,3
错干,3
祂,3
这墙,3
包办,3
刀郎,3
果味,3
吴悠,3
错节盘根,3
不三不四,3
玉石,3
河滩,3
马赫,3
余味,3
一万双,3
总该,3
人多,3
跳支,3
否极泰来,3
捣,3
催生,3
别特,3
丫得,3
过当,3
望子成龙,3
血路,3
这一挂,3
那么回事,3
小臂,3
房梁,3
换次,3
十五个,3
弥勒佛,3
炮竹,3
威少,3
此路不通,3
留口,3
干不爱,3
五虎,3
颠儿,3
强制性,3
亿沉,3
专敲,3
刘秀,3
舒畅,3
丹镇加,3
粗犷,3
合下,3
想辙,3
扫坊圾,3
北京队,3
六组,3
翻山倒海,3
忆苦思甜,3
闲工夫,3
奔馳,3
输了钱,3
氣,3
鬧,3
請客,3
燒我們,3
煙給,3
包發,3
總統,3
門穿,3
提得,3
龍頭,3
少哥兒,3
超找,3
重慶崽兒,3
飛機,3
喊牙血,3
仙逝,3
慢着,3
惯放,3
空翻,3
施肥,3
做美,3
人红,3
东莨菪碱,3
将头,3
狙上,3
下不去,3
林道,3
家算,3
爆二头,3
艾哥,3
收千,3
够打,3
火有,3
剑来,3
濯,3
离阳,3
娥眉,3
忘送,3
彩妆师,3
彩妆,3
八方支援,3
欧力,3
被海,3
落明,3
略略,3
满头白发,3
没良心,3
破头,3
頂級,3
不太上,3
阿之,3
浓情蜜意,3
刁根烟,3
玄些,3
驾驶员,3
二三,3
切拉,3
大车,3
奈不何,3
導航,3
不攏,3
浮水,3
哪裡,3
不爱发,3
双角,3
女合,3
打来打去,3
烟撒,3
灌杯,3
江郎,3
帘幕,3
媒人,3
院落,3
第几页,3
列阵,3
彼端,3
我乐别,3
大找,3
识字,3
几针,3
开物,3
张正发,3
家装,3
唯愿,3
酒赠,3
酒碗,3
扯断,3
球王,3
梅森,3
止血,3
边得,3
南昌市,3
就售,3
新楼,3
昌北,3
双子塔,3
系嘛,3
搞了个,3
拉猪,3
帮伊力,3
抓来,3
池野林,3
高新区,3
不仰求,3
按进,3
重任在肩,3
种爱分,3
失了忆,3
懂回,3
开雪铁,3
弹带,3
响太吵,3
这仅,3
莎莎莎,3
直想,3
魔镜,3
拉筐,3
洒点,3
打火,3
溃疡,3
宁瘟,3
哈啤些,3
装象哥,3
冰冻三尺,3
冰月,3
但用,3
夏树要,3
丛丛,3
侧滑,3
来家,3
他整,3
嗤,3
男合,3
白费口舌,3
小圈子,3
刘骏,3
發财,3
怪鸟,3
藿香,3
肉烂,3
心可,3
白眼儿,3
想光,3
车想,3
毛巾被,3
适市,3
黄雨篱,3
四五岁,3
主道,3
成狗点,3
匀升,3
完累,3
用唇语,3
兰孝晨,3
臂章,3
孙大圣,3
金靠,3
活才,3
有容乃大,3
梦抗,3
礼敬,3
杨程,3
自惭形秽,3
没纹,3
踏踏,3
耦荷,3
你照,3
早期,3
这季,3
瘟神,3
水玩到,3
癫子,3
直視,3
枪有,3
热舞,3
微熏,3
色彩缤纷,3
糊弄人,3
对哈莉,3
崔弗,3
往外泛,3
球衫,3
篮圈,3
之海,3
冥河,3
尚存,3
主载,3
闹元宵,3
做大有,3
签下去,3
兑上,3
洶湧,3
波濤,3
夢想,3
龍井,3
低过,3
全金属,3
推呀,3
多言有,3
脸式,3
黑盘,3
脚腕,3
温宁,3
墨格叭,3
麝,3
贾佳嘉,3
商容,3
罡,3
李淳,3
柏落,3
石楠,3
幼年,3
半叶,3
黄叽,3
聂明,3
蓝曦臣,3
蓝思,3
捷,3
夜无痕,3
长笙,3
惜君,3
白芷,3
云林,3
역,3
懿,3
未落,3
眸中,3
순,3
剧社,3
狂生,3
巧熙,3
柯珏,3
痴者,3
徐脂,3
兔斯,3
灯草,3
渡船,3
油温,3
全球华人,3
元老级,3
长总有,3
我游出,3
下不了台,3
太厚,3
报住,3
真实世界,3
心相印,3
爱算个,3
中系,3
指控,3
做痛,3
每声,3
夫斯基,3
耍宝,3
赛格,3
柯尼,3
克莱斯勒,3
夜话,3
川渝川,3
剃成雷,3
小翰观,3
我鏡,3
自灭,3
冤缺,3
岩上,3
亸,3
星斗,3
切嘛,3
数成,3
看眼色,3
新交,3
二十载,3
義胜合,3
只給,3
遠,3
謊言,3
堅強,3
你問,3
金碧,3
混縮,3
洗手台,3
失语,3
不可救药,3
电工,3
火速,3
最终幻想,3
陪客,3
膀胱,3
笋,3
加酸,3
粉帮,3
祭台,3
战愈烈,3
棕熊,3
船名,3
画风,3
弹奏出,3
笑宝,3
羊汤,3
边靠,3
驻场,3
进義胜合,3
脱靶,3
古时,3
何彪,3
增光,3
字帖,3
颜真卿,3
墨香,3
大伯,3
年间,3
爱敢,3
有梦作,3
星屑夜,3
晚婚,3
灿烂夺目,3
我合,3
那合,3
刘思宇,3
黄怡,3
美耶,3
不枉来,3
捕梦,3
一世英名,3
无泪,3
空号,3
电联,3
我醉到,3
枫林晚,3
坐爱,3
友歌,3
李拙,3
女歌手,3
杨坤,3
尝眼,3
弄清楚,3
每星期,3
呐待,3
抬白,3
嘡,3
朱俊锦,3
桃儿,3
铁臂,3
心不信,3
开得慢,3
摘个,3
欢声,3
猛涨,3
人含,3
推不动,3
回得来,3
八妹,3
静下心,3
捕食,3
酒真,3
配提,3
差多,3
炸窝,3
一潭死水,3
东坝,3
搅局,3
點有,3
知個,3
杨队,3
变钱,3
一千一百,3
黄家驹,3
冷雨,3
现世报,3
闹得个,3
轰一波,3
土方,3
面塞,3
绝处,3
斩华雄,3
我藏,3
舍生取义,3
守道定,3
正己,3
莫相疑,3
管着,3
风一,3
没飞,3
ь,3
З,3
症太,3
这范,3
睾酮,3
我趟,3
雷洛狂,3
干不死,3
冰溜子,3
国脚,3
金哨,3
哈坛,3
窑子,3
赛像,3
冰封王座,3
李冰冰,3
打花,3
抽杀,3
马皮,3
溜子,3
已白,3
山崩海啸,3
满数,3
对瓶,3
ꄶ,3
ꃰ,3
情等,3
别差,3
扁平化,3
别西八,3
闯江湖,3
出地,3
顺混,3
面路,3
胆混,3
拉硬,3
总内,3
东百人,3
后半宿,3
ꑋ,3
管钳子,3
亚波,3
昂练,3
一放曲儿,3
少先,3
钥匙圈,3
挺响,3
巴拉,3
老登,3
大白菜,3
玉壶,3
耐难何,3
边寂,3
竹郁,3
ꑣ,3
ꈄ,3
现现,3
ꋏ,3
零顶,3
零加个,3
满帅,3
问人,3
适得板,3
生茧,3
ꑊ,3
ꐔ,3
ꆆ,3
ꌒ,3
罗本,3
废人,3
ꉈ,3
ꌩ,3
博托玛微,3
电住,3
腐化,3
逢春,3
花树,3
索玛,3
普乌,3
孜孜,3
经为,3
ꃤ,3
ꆫ,3
ꀖ,3
ꄊ,3
阿玛,3
ꀺ,3
这山过,3
舞跃,3
诡秘,3
曾避,3
大黄,3
睡去,3
立人设,3
大捞,3
异凡,3
漆皮,3
红不红,3
补一挂,3
鼓来,3
拿麦,3
出难题,3
小火,3
狼帮,3
新课,3
开裂,3
春福秋嘉,3
财高,3
冬暖,3
贺,3
三十二,3
一环套,3
长情,3
起草,3
胡临,3
暖意,3
马玉壮,3
回藏起,3
向背,3
盼子,3
不绝,3
庸脂,3
酷儿,3
八斗,3
纷烦,3
这痛,3
蚊蝇,3
放自,3
版纳,3
急需,3
考拉,3
风想,3
二十四个,3
清不掉,3
本家,3
正发,3
犹酣,3
下鞍战,3
马未,3
小春,3
爱爱爱嘿,3
没录,3
悲怆,3
他爸,3
拆不穿,3
烫过,3
堕胎,3
吃够,3
意气,3
有多厚,3
狂人日记,3
脑部,3
这塔,3
见笑,3
兆赫,3
北美洲,3
带感,3
干哈,3
几百家,3
学习成绩,3
其乐无穷,3
划拳,3
用快,3
一堂,3
体型,3
唱起来,3
浪去,3
滚边,3
拜堂,3
出门时,3
课本上,3
芦笙,3
细皮嫩肉,3
牢里,3
红警,3
这身,3
之争,3
没多大,3
孙权,3
英雄辈出,3
云长,3
沿江,3
贼寇,3
秦,3
可怜巴巴,3
真美,3
寸寸,3
分手时,3
错请,3
魅娘,3
震耳,3
强龙,3
内置,3
四千,3
哭叫,3
逾,3
帐篷,3
阳仔,3
半世,3
卧铺,3
干戈,3
征伐,3
广开财路,3
玄妙,3
书中,3
败家,3
注释,3
觐见,3
移除,3
倾落边,3
新花样,3
推迟,3
빗,3
향,3
댈,3
促膝长谈,3
二十多年,3
奴,3
人斗,3
曾会,3
之路,3
清朝,3
融资,3
洗发,3
吉列,3
末路,3
微博上,3
啰唆,3
中考,3
绣花针,3
瞎蒙,3
血雨腥风,3
年收入,3
踩断,3
胡编乱造,3
腰刀,3
裁员,3
何曾,3
嘲弄,3
抽象画,3
痛不欲生,3
两招,3
没拿过,3
阿金,3
披皮,3
席上,3
总听,3
无独有偶,3
互诉,3
面料,3
遭过,3
逐字逐句,3
ア,3
无止,3
火烈鸟,3
我常想,3
万朝,3
秀山,3
昭昭,3
地玩,3
惹怒,3
难以相信,3
之家,3
久夜,3
②,3
火中,3
微甜,3
录音师,3
呕呕,3
言谈,3
烦不烦,3
贩子,3
性病,3
一气,3
行货,3
奢靡,3
课题,3
贪生怕死,3
过债,3
月经,3
挥金如土,3
陶子,3
小蜜,3
老伯,3
缩到,3
喊批,3
鲍老板,3
爱洞,3
因望,3
原先,3
一改,3
磨损,3
拿回去,3
骤雨,3
鲜为人知,3
数日,3
丹丘,3
莫昕,3
王灿,3
魏榕,3
苏露怡,3
高甲戏,3
阳烽,3
音若子,3
音子,3
钟琦,3
萧跃,3
焗,3
包宿,3
发灰,3
君歌,3
三百杯,3
热乎劲,3
那鲁,3
哎耶一耶,3
哪克,3
张海亮,3
皱巴巴,3
苦哈哈,3
范志毅,3
王勉,3
陈赫,3
欧巴五哈,3
哈快,3
核武,3
永不分离,3
妻,3
吴芸熙,3
那成,3
地阔,3
沙堰,3
寒江独,3
江雪飘,3
握力,3
交会,3
喜和悲,3
各行各业,3
聪明伶俐,3
扬眉,3
咱图个,3
已开,3
喊亮,3
盖碗,3
文脉,3
跃然,3
青城,3
接穗,3
大金湖,3
丹霞,3
美济岛,3
东南风,3
武夷,3
天福,3
如诗如画,3
天山南北,3
烧刀子,3
那炖,3
查干,3
儿逛,3
铁岭,3
兴安岭,3
从今,3
河向,3
渔翁,3
快抓紧,3
画中游,3
挥袂,3
云卷,3
云舒,3
自一管,3
天离,3
心向,3
水远,3
山高,3
压过,3
明码,3
那一,3
晨昏,3
飘游,3
远途,3
九曲十八弯,3
高路,3
涨天,3
野茫茫,3
小女,3
画舫,3
云鬓,3
今岁,3
最忆,3
喟叹,3
春时,3
时难别,3
水稻,3
病危,3
太行山,3
那断,3
抗住,3
省队,3
永立,3
跑鞋,3
几届,3
师傅领进门,3
老同学,3
回味无穷,3
陈龙生,3
天荒地老,3
丙震丁震,3
学弟,3
多热,3
一期,3
可照,3
蜜月,3
こ,3
一忍,3
似梦如幻,3
别太狂,3
比亚,3
当亚,3
清秀,3
器重,3
炸毁,3
人满为患,3
循序渐进,3
视窗,3
灌注,3
就播,3
无人知晓,3
箜篌,3
绮念,3
迢,3
春泥,3
拨回,3
生死有命,3
颜让,3
冷到,3
墒,3
自馋,3
火大,3
生成,3
排出来,3
疏散,3
影后,3
缩回,3
涤荡,3
流年似水,3
朝暮,3
描摹,3
醉心,3
蔑,3
隐玉蝶,3
鸣声,3
梦马,3
散伙饭,3
人类文明,3
拄着,3
鸟群,3
独爱,3
同学聚会,3
卡萨布兰卡,3
假体,3
下首,3
加面,3
泪来,3
噩梦般,3
碎屑,3
蕊,3
河是,3
背熟,3
想立,3
补人要,3
加灰,3
打滴,3
新仇旧恨,3
大管,3
接波,3
周瑜,3
暗话,3
明人,3
阳春,3
洗脚水,3
跪出,3
惯用,3
活物,3
漣漪,3
方格,3
難道,3
烦到,3
特别喜爱,3
能治,3
三八线,3
减弱,3
里吐息,3
太意,3
对撞,3
两副,3
小日子,3
这刻,3
不慌,3
步调一致,3
甩弃,3
厚脸皮,3
大过天,3
失身,3
财不比,3
投身于,3
奶糖,3
酒心,3
无疾而终,3
悉数,3
癌变,3
百分之一百,3
吃晚饭,3
王妃,3
淋场,3
多牛,3
沉醉于,3
爱本,3
诸如此类,3
奴仆,3
肝肠寸断,3
诊治,3
每下,3
渔火,3
共赏,3
天仙配,3
江心,3
脑间,3
璀璨夺目,3
油纸伞,3
小燕子,3
颓唐,3
任人,3
营帐,3
质子,3
胆敢,3
远游,3
鲜衣怒马,3
问津,3
戏腔,3
天问,3
蜂鸣,3
绮,3
人带,3
负气,3
慝,3
钻头,3
小院,3
掌门,3
惊天,3
华坐,3
碧落,3
水清木,3
看会,3
爱乐,3
一蹶不振,3
胡茬,3
长鞭,3
要放,3
炫廷,3
这节,3
折翼,3
听想,3
出游,3
彼方,3
拘泥于,3
吉欧,3
沸沸扬扬,3
先至,3
每道,3
鸡鸡,3
水蜜桃,3
亮不起,3
伤残,3
排排坐,3
驾飞,3
当座,3
难寻,3
多紧,3
神太多,3
催情,3
手提包,3
几千米,3
蟋蟀,3
条加,3
龙岗,3
炒茄,3
炖排,3
抱着书,3
自编,3
有片,3
节节,3
清野,3
评下,3
听边,3
酸涩,3
送不出,3
先睡,3
心血来潮,3
偏好,3
罗湖,3
诸葛孔明,3
一个萝卜一个坑,3
国妆,3
樸,3
完杀,3
激扬,3
将息,3
一夜间,3
弦乐,3
鞋跟,3
开普勒,3
愣子,3
打雪仗,3
雪会,3
列强,3
展翅飞翔,3
朱辰,3
变美,3
鞠躬尽瘁,3
最大化,3
余香,3
染尽,3
欢腾,3
我组,3
挥起,3
似锦,3
子女,3
你静,3
碗头,3
再不来,3
邮递,3
串成,3
不愿作,3
晚年,3
世态,3
隐藏住,3
歌发,3
愿爱,3
量子力学,3
我伴,3
豪饮,3
蚀,3
别一玩,3
义士,3
挤到,3
绝地大,3
亲哥,3
咳嗽声,3
敢做敢当,3
两条腿,3
郭靖,3
宣传费,3
止修,3
王嘉轩,3
往上升,3
帮别人,3
不好不坏,3
条江,3
再冲,3
稳一稳,3
耍起来,3
哥冲,3
会换,3
一筹莫展,3
怵立,3
吸力,3
水过,3
排兵,3
从定,3
出片,3
翻飞,3
适时,3
先对,3
更糟,3
修车,3
重可,3
小游戏,3
车神,3
眷属,3
求同存异,3
三舅,3
是非不分,3
染色体,3
挣着,3
部下,3
寒碜,3
空色声,3
以待,3
入局,3
报亭,3
南方人,3
巧取豪夺,3
门客,3
节操,3
潇洒自如,3
诚,3
百废待兴,3
水要,3
千载,3
持身,3
自在观,3
没握,3
不记,3
撂下,3
啱,3
寒潮,3
改签,3
不卑亢,3
冰莹,3
献唱,3
业界,3
声控,3
庆典,3
冲过去,3
德宏,3
清粥,3
留影,3
训系,3
成日,3
来识,3
白巧,3
足球队,3
冷冷冰冰,3
第一台,3
不低,3
悲和喜,3
袁野,3
纪念馆,3
易建联,3
野要,3
企,3
汇报,3
拉去,3
饿到,3
麻黑,3
浮光掠影,3
冬至,3
冰对,3
联合国,3
我条,3
周婆,3
水才,3
包月,3
春梦了无,3
浓血,3
怎解,3
尽加吾身,3
荒名,3
留一手,3
遗嘱,3
脱鞋,3
桌球,3
齐别,3
秧,3
中会,3
殃,3
晚黑,3
词是,3
嫲,3
生仔,3
空心菜,3
饥寒,3
潜台词,3
片酬,3
诞生地,3
四二,3
误认,3
口饭,3
陶冶,3
冰得,3
雌雄,3
遇风,3
走往,3
陈斯媚,3
走先,3
一面之缘,3
死刑,3
感到痛苦,3
破烂不堪,3
大梁,3
穆字震,3
云斗大,3
飘入,3
帅旗统,3
戴金冠,3
雷震头,3
放羊,3
天落,3
正前方,3
枕头风,3
我唤,3
乡间,3
恨不能,3
烈风,3
男娃,3
憋不住,3
成双入,3
逃远,3
那能,3
压抑感,3
小红花,3
常去,3
几十几百,3
青空,3
鹊桥,3
水雾,3
路有,3
李方丁,3
绝缘体,3
这滩,3
风传,3
一里,3
讲出,3
ส,3
ห,3
ร,3
ว,3
ล,3
บ,3
冲开,3
滴汗,3
任豪,3
归松梅,3
一上,3
楚霸王,3
鸢尾,3
余承恩,3
朱莉,3
新郎新娘,3
修卓辰,3
谭伊哲,3
泰坦尼克,3
航弹,3
党徽,3
敌强,3
战鹰,3
高高飘扬,3
骨要,3
系甘捞,3
百花争艳,3
不弱,3
杂事,3
米尔,3
故友,3
寻乐,3
漂们,3
续命,3
新视野,3
城中村,3
新纪录,3
办大,3
最是,3
草泥马,3
枯木逢春,3
前夫,3
灯多亮,3
早别,3
面宽,3
烦渣,3
秋雅,3
三十一,3
老蛇,3
荒,3
好好看,3
联欢会,3
时间差,3
过为,3
纸短情长,3
露宿,3
侧脸,3
奔小康,3
心跳声,3
踏起,3
莹莹,3
几班,3
应人,3
我必,3
配鸡架,3
挑情,3
重振旗鼓,3
大筒,3
降世,3
大减,3
ノ,3
心烦意乱,3
林裕,3
插翅,3
竭尽,3
凉太,3
面当,3
横流,3
想游进,3
左侧,3
尾随,3
涉的险,3
既线,3
整只,3
天陪,3
傻得,3
退而求其次,3
茶里,3
改过自新,3
谬论,3
触破,3
冠上,3
挖煤,3
海港,3
边洗,3
只到,3
没忘,3
泼得,3
改革开放,3
不以为然,3
冒死,3
一边倒,3
没靠,3
不欢而散,3
每家,3
小楼,3
货品,3
悲寂,3
校,3
特价,3
二十七岁,3
一万里,3
胜于蓝,3
通知书,3
就活,3
看车,3
民政局,3
十万块,3
瓷地,3
快亮,3
晌午,3
有好有坏,3
往西,3
脑白金,3
越贵,3
高德,3
围观者,3
一千里,3
只作,3
从未能,3
还远,3
稀世珍宝,3
唱大戏,3
徐海,3
缴出,3
半死,3
网暴,3
手靠,3
无法挽回,3
莫凝,3
店长,3
少得,3
一分为二,3
同一天,3
天之骄子,3
长梦才,3
谨,3
变狼人,3
当甜媚,3
名校,3
新建,3
大病,3
方玥,3
融到,3
千千万万个,3
杨唯熙,3
活来,3
新街,3
来事,3
过同,3
负华年,3
打转转,3
病患,3
这念,3
推演,3
眼馋,3
六强,3
五张,3
轻语,3
大能者,3
打胜仗,3
能者,3
要雨得雨,3
要风得风,3
颈子,3
表怕,3
会下,3
哪颗,3
妒嫉,3
字型,3
降解,3
这分,3
大肥,3
铅笔刀,3
起飞时间,3
赏饭,3
猜得,3
喝彩声,3
雨珠,3
不好受,3
抹泪,3
簇拥着,3
相距,3
三坏,3
方阵,3
一个头,3
分站,3
掠,3
历代,3
手顶,3
哎昂,3
办办,3
复式,3
大猩猩,3
交白卷,3
艾欧,3
多公里,3
黄梅戏,3
输是,3
燥别,3
接接,3
这曲,3
加力,3
炖成,3
涉,3
翻拍,3
出气筒,3
用能,3
许嵩,3
莫欺,3
投资商,3
哪桌,3
姐弟,3
坏境,3
林荫,3
自由女神,3
李若天,3
邱治谐,3
两好,3
妆扮,3
从众,3
不露声色,3
牛市,3
很狡猾,3
阿珍,3
茂涛,3
仁科,3
不多不少,3
别拉,3
路太长,3
二龙,3
问声,3
朝天,3
若逆战,3
勇藏,3
拳暗,3
智勇双全,3
摩肩接踵,3
海离,3
海子,3
贾冰,3
如泣如诉,3
接应,3
千分,3
沟女,3
唉呀,3
烧鸡,3
萌爱,3
万化,3
千变,3
元梦,3
满江红,3
小石头,3
谭面,3
江畔,3
最久,3
擦破,3
速率,3
破壳,3
随风飘荡,3
僧帽,3
能忍,3
星是,3
刺藏,3
远影,3
扶住,3
塞上,3
弥天大谎,3
五十七,3
千八百,3
滚落,3
次不求,3
五色,3
神儿,3
冽,3
银针,3
水银,3
唐人,3
春宵,3
现代人,3
成为泡影,3
不愧,3
生平,3
比武招亲,3
暴脾气,3
王胖子,3
数不胜数,3
当里个,3
不言而喻,3
比醉,3
脆脆,3
默写,3
扑棱,3
能个,3
一飞足,3
耍嘴皮,3
达来,3
嘿琳,3
闺蜜莎莎,3
迪加,3
人头马,3
爱丽丝,3
能算个,3
风多大,3
克拉克,3
下楼梯,3
里练,3
大猫,3
净剔,3
高筒,3
放牛娃,3
战线,3
能卖,3
锡,3
马东,3
皮划艇,3
果丹皮,3
十八万,3
油泼,3
两下子,3
一盘散沙,3
馅儿饼,3
见太多,3
发带,3
河道,3
血烧,3
这星,3
总怕,3
屏气凝神,3
轻装上阵,3
原配,3
杭城,3
没病,3
好为人师,3
多瑙河,3
阴凉,3
码球袋,3
低杆响,3
老老实实,3
猛虎下山,3
求稳,3
真金不怕,3
大老粗,3
奋勇争先,3
黑笔,3
及时发现,3
驴路,3
愧,3
数让,3
我腹,3
斯塔克,3
油亮,3
求胜,3
铁金刚,3
当不上,3
第一把,3
海王,3
撑破,3
跟前儿,3
黄金地段,3
摊别,3
先倒,3
空心砖,3
攻进,3
整编,3
战心,3
概不负责,3
受邀,3
频段,3
日益壮大,3
变高,3
搭边,3
覆地,3
Д,3
出系,3
对话会,3
有型,3
照个,3
接驾,3
起意,3
插不上,3
噎,3
时开,3
先停,3
房车,3
老兄,3
天鹅湖,3
人缘,3
前先过,3
А,3
盖文,3
得开,3
落入俗套,3
聊一聊,3
最给力,3
接踵而至,3
部首,3
四声,3
没头,3
饭辙,3
宽厚,3
那真,3
十八年,3
不演,3
贡献者,3
迈假,3
芍药居,3
狼们,3
出殡,3
傻里傻气,3
哈佛,3
春城,3
别成,3
三集,3
酒光,3
匈奴,3
儿干,3
福祉,3
胆识过人,3
限流,3
看轮,3
假瓷,3
错开,3
飞踢,3
污泥,3
阿娇,3
當睡,3
高性能,3
仔儿,3
锅炉,3
老山,3
加辣,3
详情请,3
起死回生,3
开卡,3
休息室,3
港币,3
川崎,3
表给,3
要大奔,3
累死累活,3
背後傳球,3
沒對,3
邊嗦,3
臉巴兒,3
絕得,3
鍋巴,3
虧樣,3
沒吃過,3
繃,3
對象,3
沒得法,3
潲些,3
超莫,3
穩到,3
皆宜,3
歌絕,3
当神,3
磅,3
卷儿,3
玛莎,3
撑死,3
爽朗,3
古力,3
假带,3
升上,3
换辆,3
洗衣,3
包给,3
佳隆,3
有本,3
落马,3
水产,3
前沿,3
日定,3
烟瘾,3
茶艺,3
好想哭,3
雪景,3
法国人,3
幽梦,3
学黑,3
一哈新,3
来秀,3
转给,3
高难度,3
明晓得,3
留长,3
吊销,3
预告片,3
传个,3
魚我們,3
釣些,3
頭冒些,3
打墙,3
拘,3
吃苦头,3
种病,3
一湾,3
矮矮的,3
幻化,3
纸钱,3
巴拿马,3
事全,3
从脚,3
长椅,3
钻石项链,3
云景,3
福尼亚,3
大出血,3
搞件,3
票根,3
头望,3
星野,3
发冷,3
保险杠,3
你常,3
别爱上,3
超甜,3
我太忙,3
接请,3
炸不炸,3
用够,3
红油,3
别穿,3
晚晚,3
麥克風,3
娃散,3
這兩天,3
弟新,3
兄道,3
稱,3
妙計,3
重慶人,3
應,3
遭報,3
教訓,3
買個,3
當花,3
財免災,3
眼眼,3
礦的給,3
我腦,3
還我,3
趕緊,3
過年,3
還差,3
散崴,3
伙絕,3
發財,3
莫說,3
海鮮,3
喲,3
還吃飯,3
看不慣,3
一輛,3
票兒,3
白象,3
樣子,3
未果,3
选把,3
奥沙利,3
远交近攻,3
札,3
之炼,3
千钧,3
倒三角,3
牧羊人,3
瞬逝,3
中现,3
戴冷帽,3
吉吉,3
筹谋,3
微雨,3
错门,3
无线网,3
工院,3
这冰,3
重制,3
炼仙,3
颤炉,3
龙门石窟,3
情夫,3
抄写,3
佳洁士,3
掏烟,3
好吃好喝,3
社由,3
憾动,3
博纳斯里,3
串个,3
演光,3
减员,3
回厂,3
挽一袭,3
单身贵族,3
怅然,3
唯酒,3
心野,3
健寿,3
同福,3
地愿,3
功和名,3
此仇,3
万万不可,3
加醋,3
添油,3
明故,3
所行,3
墨竹松,3
用泪,3
五弦,3
朔风,3
三弦,3
欢曲,3
其声,3
帐前,3
醉梦里,3
邀上,3
沦落人,3
问仗,3
如碳,3
连亘,3
桓,3
城砖,3
独赋,3
髌,3
济南人,3
黑卷,3
不流,3
特异功能,3
地由里,3
奸笑,3
安娜,3
台本,3
情非得已,3
威化,3
咋装,3
卡打,3
卡丁,3
凸点,3
破旧立新,3
剪裁,3
笼统,3
外伤,3
中乐透,3
进胃,3
忍得,3
条款,3
再弹,3
反覆,3
杯水,3
没品,3
说要,3
调像,3
疑猜,3
晚星,3
高鹏霞,3
百无禁忌,3
心悸,3
不求名利,3
无力感,3
贩卖机,3
浪漫爱情,3
毫毛,3
凝成,3
黄艺洋,3
沉眠,3
痴愚,3
烦扰,3
无用功,3
难以承受,3
头会,3
没系,3
一霎,3
怡然,3
欣然,3
后望,3
遥想,3
做弼,3
别脏,3
救抖,3
会判,3
各长,3
各行,3
团岛,3
吴泽琦,3
蓝本,3
冻成,3
背心儿,3
时想,3
口误,3
坦白说,3
存好,3
范例,3
三连,3
锥,3
游戏卡,3
缝纫,3
孤影,3
糖油,3
收视,3
堕落街,3
各里,3
讲起,3
射向,3
被绑,3
长坂坡,3
病假,3
纪念日,3
天是,3
流靠,3
会常,3
兄台,3
河堤,3
正晕开,3
如烧,3
莫问前程,3
百家讲坛,3
中庸之道,3
大江,3
差得多,3
弹丸之地,3
皮革厂,3
没下,3
殿后,3
楼阁亭台,3
没会,3
我爱上,3
走带,3
美有,3
脸花,3
文房四宝,3
名车,3
练得,3
挥拳,3
根部,3
气沉,3
漱,3
道明寺,3
腰马合一,3
减法,3
你命,3
礼智信,3
偷菜,3
金刚石,3
草莽英雄,3
爱才,3
种别,3
浅浅的,3
重提,3
这枚,3
余音绕梁,3
别给,3
穿石,3
这一阵子,3
会忘龙,3
光龙道,3
汤龙道,3
几零后,3
刘聪曲,3
龙词,3
干练,3
游牧民族,3
从梅,3
误入,3
线头,3
成神,3
粗气,3
在野,3
筑,3
真主,3
低廉,3
配去,3
星尘,3
真意,3
粪土,3
我神,3
溜溜球,3
被罩,3
家有,3
行使,3
增值,3
煮烂,3
绵长,3
远远不够,3
自清,3
从白,3
发懵,3
沙僧,3
铁鞋,3
取火,3
致死,3
学完,3
土著,3
秋季,3
试验,3
驱邪,3
狗咬吕洞宾,3
吐气扬眉,3
以毒攻毒,3
相依相偎,3
正中,3
慧眼识,3
摆明,3
有种乎,3
刚强,3
起价,3
被删,3
往南,3
放回,3
左手边,3
右手边,3
中犯,3
全拼,3
别恨,3
点兵,3
警铃,3
来势,3
沽名钓誉,3
帮腔,3
咣当,3
三枪,3
倒海翻江,3
往复,3
旧物,3
济,3
活佛,3
罄,3
万语千言,3
限行,3
暴揍,3
歧途,3
歇菜,3
猎户座,3
售票,3
活得燥,3
子张,3
一吐,3
嘴到,3
子吉丁,3
碟机,3
全炸,3
高穿,3
富士康,3
三过,3
混母,3
胡人,3
徐懷鈺,3
舷窗,3
星巢,3
牛雪吟,3
禔,3
三长两短,3
成文,3
传下去,3
戏中人,3
喷射机,3
东别,3
碑林,3
罗大佑,3
抛脑,3
正旺,3
炸天,3
安西,3
巨燥,3
台前台后,3
耐打,3
当树,3
当不来,3
看头,3
割完,3
下水管,3
超生,3
映入,3
踩坏,3
迤逦,3
冬去,3
堆积成,3
喽吉丁,3
慈善机构,3
沃潮,3
后脑勺,3
当门,3
能歌,3
买俩,3
核战争,3
布尔什维克,3
开越,3
越压,3
漂越,3
乔斯泡,3
手电,3
乔斯站,3
民族舞,3
申请书,3
透了心,3
麦变,3
扮个,3
手帮,3
烟民,3
粘稠,3
原型,3
累得,3
哈在,3
参半,3
古文,3
早想,3
打榜,3
再选,3
骑车去,3
发黄,3
服务生,3
鞋舌,3
神婆,3
太多假,3
小妖精,3
铁棒,3
别港,3
变长,3
本科,3
一村,3
外乡人,3
水晶宫,3
番邦,3
雷阵雨,3
凌驾于,3
真神,3
若有所思,3
墨子,3
喊应,3
几块钱,3
剪头发,3
妹好,3
哈看,3
黑心,3
人脚,3
性冷淡,3
肉夹馍,3
不干胶,3
秤,3
码子,3
小巷子,3
日久生情,3
放暑假,3
滥,3
湖南卫视,3
寻常路,3
吃零食,3
举高帮,3
去燥,3
钲,3
学姐,3
乱葬岗,3
物燥,3
天干,3
奔头,3
股劲,3
水更流,3
酒能,3
梦别,3
走道,3
玲琅,3
背好,3
无罪释放,3
写作文,3
分班,3
结善缘,3
难见,3
换梦里,3
欣和音,3
默,3
哀人意,3
李云龙,3
破壁,3
张画,3
应声,3
自乐,3
凶到,3
草药,3
好学,3
少侠,3
烛,3
之谜,3
刘芳,3
张义,3
权欲,3
张晏端,3
福笑,3
行会,3
卡起,3
劳模,3
燥动,3
小批,3
出院,3
你勒个,3
盖栋,3
偷拿,3
人勒,3
聚点,3
乌,3
烟尘,3
花中,3
虾线,3
权术,3
妄念,3
园林,3
念白,3
羽扇纶巾,3
名垂千古,3
上马,3
孑然一身,3
随军,3
搭肩,3
祖海,3
一诺,3
死生,3
正反,3
撒一地,3
天幕,3
六马,3
相送,3
归尘类,3
下集,3
大学城,3
中文翻译,3
利诱,3
地摊,3
三字经,3
小乔,3
草船,3
万军,3
八卦阵,3
把风,3
弃守,3
雪迹,3
才行,3
姹紫嫣红,3
耿不,3
赔命,3
泡到,3
那来,3
莫怕,3
几发,3
鼓起来,3
马上发,3
狐假虎威,3
威震,3
六盘水,3
刷哩,3
揪出去,3
收不收,3
山到,3
成程,3
벌,3
蓝黄,3
咯用,3
南区,3
接送,3
批货,3
惠水,3
捶打,3
花少,3
全对,3
班学,3
飘客,3
皇位,3
单兵,3
对个,3
赚完,3
드,3
夹条,3
带些,3
腋下,3
端水,3
爱飙,3
黄牙,3
遭理麻,3
细儿些,3
大湾,3
学做,3
环视,3
瘸子,3
太平路,3
底谷,3
坊,3
卡门,3
夜郎国,3
르,3
玩球,3
大勇,3
纯得,3
剁碎,3
布施,3
麻布,3
单机,3
생,3
졌,3
항,3
머,3
찌,3
필,3
재,3
混不下去,3
明晨,3
广岛,3
彩铃,3
舒陈栋,3
Vol.1,3
狂恋,3
如银,3
鞍,3
苍莽,3
枕戈待,3
藏蓝,3
共帆,3
乘舟,3
水击,3
当凌绝,3
修远兮会,3
任重,3
打鬼,3
我白,3
纯看,3
学成,3
落草为寇,3
好歹,3
地北天南,3
阿岳,3
先谈,3
不羡,3
只恨,3
熔断,3
抢饭,3
用劲,3
谭佩莹,3
火烧云,3
姐太炸,3
梳脏,3
浊气,3
音乐吧,3
少贴,3
多骚,3
刚弄,3
写法,3
帅字,3
递酒,3
拉练,3
更辣眼,3
光比,3
传承者,3
调换,3
王愚,3
聚将,3
声闻,3
黏住,3
抱头痛哭,3
加湿器,3
丁子勋,3
黄浦江畔,3
地站,3
划走,3
期末考,3
心如,3
低飞,3
我拉上,3
谐星,3
陆家嘴,3
湍流,3
山南,3
超强,3
六千里,3
五门,3
赵睿,3
永浴,3
偏时,3
人红黑,3
撒入,3
恩泽,3
万辈,3
流离颠沛,3
功勋,3
起帆,3
风扬,3
古刹,3
勃勃生机,3
承不起,3
混为,3
莫不是,3
聚变,3
雷要,3
城没头,3
玉帛,3
虎胆,3
醉里,3
哈客,3
服他,3
拿腔拿调,3
迎头,3
拿太少,3
握好,3
韩信,3
诗诗,3
罗诚,3
重阳,3
肥顿顿,3
整摆个,3
笑别,3
名扬,3
城邦,3
白衬衫,3
小屁娃,3
输完,3
伙干点,3
多倍,3
无知己,3
压出,3
矿井,3
开始懂了,3
骓,3
烦事,3
愁情,3
秋不醉,3
风刀霜剑,3
摆圆,3
山呼海啸,3
印堂发黑,3
为先,3
哈皮,3
改刀,3
孩二,3
单条,3
马托,3
就现,3
健个,3
表好,3
换标,3
噻软,3
整上,3
掰掰,3
登岸,3
刀光血影,3
轧过,3
徐郝,3
悬命,3
霞光,3
里,3
三句话,3
爬坡,3
罪证,3
枪弹,3
委屈求全,3
镀上,3
大扫除,3
舒展,3
救恩是,3
盗贼,3
死死,3
堕,3
栏目,3
地握,3
下好,3
卡通人物,3
应邀,3
电电电,3
原名,3
不管三七二十一,3
重音,3
亚人,3
那赛,3
推成,3
换得,3
更信,3
轮渡,3
雄性,3
标识,3
每栋,3
台球厅,3
野地,3
过活,3
苞谷,3
那口,3
当回,3
比头,3
群人,3
本该如此,3
解毒,3
捆缚,3
繁茂,3
丽丽,3
文昌,3
舟带,3
暗潮,3
史册,3
东周,3
猎游,3
独上,3
前言,3
醉梦,3
光去,3
任天堂,3
痛会,3
青鸟,3
树荫下,3
白绿,3
谙然,3
湖上,3
啦啦队,3
上刻,3
小北脸,3
阴谋论,3
限度,3
过界,3
我应,3
起根,3
枪杆,3
表上,3
存钱罐,3
假得,3
为害,3
没人会害,3
还小悍,3
蔡琴,3
理顺,3
怪别,3
其无信,3
道题,3
信其,3
拼头,3
吴几凡,3
吐起,3
笔钱,3
谈买,3
起船,3
惹是非,3
飞想,3
之术,3
固御,3
步守,3
马嘶鸣,3
寒剑,3
李智,3
No.3,3
头一回,3
里生,3
在握,3
我争,3
赢满,3
很躁,3
包容心,3
体测,3
复发,3
旧病,3
入门级,3
喊醒,3
地活,3
比下,3
杨幂,3
这城,3
着力点,3
重越,3
分内,3
会敬,3
看后,3
文人雅士,3
之群,3
然痛,3
镇河,3
出花火,3
停太多,3
之祸,3
没货忙,3
偷着乐,3
从梦里,3
他流,3
牵牛花,3
拍片,3
波兰,3
事该,3
烹,3
狡兔,3
智取,3
炉火纯青,3
组局,3
缘木求鱼,3
傻冒,3
有头有尾,3
烟能,3
记事本,3
多深,3
恪守,3
渗透到,3
恩人,3
险情,3
踢倒,3
睡睡,3
强言,3
一片痴心,3
丝巾,3
快十来,3
九维要,3
能显,3
总伸,3
本旧,3
真不容易,3
积在,3
儿真,3
眼圈儿,3
事真,3
徒有其表,3
引起争议,3
烟冲,3
老得,3
无故,3
巫师,3
不假思索,3
永无,3
人生旅途,3
还算,3
咸味,3
成功人士,3
色狼,3
血肉模糊,3
毙掉,3
蓝领,3
参赛选手,3
可供,3
爱抽烟,3
完到,3
烦死,3
过够,3
张牌,3
仔裤,3
回事儿,3
越线,3
一滴水,3
深瓷,3
他化,3
耍心眼,3
大智若愚,3
奉陪到底,3
出力,3
饰演,3
干愿,3
瓷敢,3
发内,3
胆漏,3
搞价,3
和面,3
人待,3
褂子,3
能快,3
沃,3
泉,3
真遗憾,3
边唱边,3
河沙,3
算咧握,3
娃太,3
教着,3
逮枪,3
滴锅,3
熔炼,3
停滴,3
你沃,3
抽非,3
鼓劲,3
教绊,3
先赢,3
欢到,3
这阵,3
没人动,3
场牌,3
白鹿,3
很亮,3
杯放,3
蔫货,3
车贷,3
全杀,3
今上,3
瓷出,3
码必码,3
不弄,3
野闯,3
瓷要,3
素着,3
直站,3
向华强,3
瓷太燥,3
戴手,3
瓷穷,3
不蛋,3
穷横,3
问事,3
问地,3
逗乐,3
乌纱帽,3
瓷宅,3
蛟,3
江中,3
能动,3
內,3
猛攻,3
一拐,3
北二环,3
大明宫,3
一飙,3
渭河,3
奇怪的是,3
手刃,3
马刀,3
阿联酋,3
短处,3
不断进步,3
陟罚臧否,3
何似,3
鸱,3
鸮,3
鸺,3
鹠,3
带书,3
一柄,3
酒论,3
分门别类,3
发电报,3
挺尬,3
调太,3
神们,3
代把,3
难齿,3
泾浊渭清,3
张真人,3
街魂,3
作法,3
移魂,3
叔父,3
连昆丁,3
尼种,3
横飞,3
地术,3
豪鬼,3
专杀,3
灭绝师太,3
老当益壮,3
切初,3
各派,3
风一吹,3
照吞,3
显示器,3
擂起,3
剥削,3
StillNo.1,3
刀工,3
论述,3
没有规矩,3
照胡,3
运载,3
黑云,3
傲怒,3
丑用,3
仿用,3
手着,3
货写,3
出狠,3
命比天,3
看花了,3
扣爆,3
自以,3
大法,3
吸星,3
入难,3
那唧,3
真亦假,3
真时,3
假作,3
连任,3
豢养,3
丑爆,3
拳握,3
环着,3
各门,3
人强马壮,3
华山论剑,3
臭到,3
填个,3
稳如泰山,3
泪迹,3
斑斑,3
劣迹,3
挑着,3
11.30,3
全胜,3
哥特,3
高频,3
天打雷劈,3
先来点,3
油滑,3
凭命,3
念一念,3
石破天惊,3
死扣,3
神鬼,3
多瓶,3
神户,3
可加,3
没直,3
比管,3
茶楼,3
麻将桌,3
出前,3
李商隐,3
北京路,3
农庄,3
人问,3
庸,3
太尬,3
车声,3
大当,3
写生,3
尼亚加拉,3
挂饰,3
塞入,3
马拉多纳,3
摄影师,3
柜姐,3
学霸,3
健美,3
这词,3
上门,3
母猪,3
军火库,3
餐巾,3
模式化,3
成吉思汗,3
遗迹,3
押当,3
倒胃,3
少数派,3
会友,3
逼死,3
内里,3
配版,3
第一颗,3
诏安,3
病号,3
下锅,3
大锅饭,3
劈成,3
练手,3
霍金,3
艺术展,3
根烤,3
越南人,3
人长,3
车改,3
攻防,3
不潮,3
水波,3
兜着走,3
隐,3
酸酸的,3
妥妥,3
吃席,3
不球,3
雷霆万钧,3
指拇儿,3
那要,3
朗拿度,3
我绝,3
水加,3
我莫法,3
眼袋,3
调和,3
安卓耍,3
逗耍,3
油哈,3
头流,3
心不乱,3
艺术团,3
伤心事,3
办理,3
微博发,3
边念,3
这传,3
统一口径,3
脸来,3
韩式,3
老鸨,3
打粉,3
打小报告,3
慢一拍,3
默哀,3
先端,3
那下,3
再押,3
刚点,3
收点,3
过生,3
重头戏,3
纠起,3
悬起,3
当麻匪,3
慢舞,3
流星花园,3
摩纳哥,3
相到,3
头取,3
猪心,3
虾仁,3
劲舞团,3
凯莱,3
飞亮,3
水车,3
飞車,3
官些,3
秋娃些,3
心理素质,3
留心,3
很炸,3
纵队,3
英皇,3
血清,3
夜莺,3
中山装,3
一连串,3
大家庭,3
移民,3
广府,3
兴盛,3
忽忽,3
极品飞车,3
比得过,3
那鞋,3
估值,3
着色,3
分工,3
三思,3
消音器,3
飞像,3
屈原,3
自荐,3
同僚,3
来配,3
涌泉,3
就事论事,3
拉动,3
中肯,3
施行,3
敌敌畏,3
鹈鹕,3
揾钱,3
顶流,3
社会阶层,3
离乡背井,3
劳动成果,3
柜,3
免费送,3
先会,3
无感,3
既人,3
紧箩,3
企系,3
泣,3
立足之地,3
一百多个,3
找份,3
城中,3
省城,3
毅然,3
新兴,3
席子,3
No.2,3
赵本山,3
有志,3
先急,3
自残,3
路得,3
优胜者,3
武馆,3
十三姨,3
諗,3
黐,3
变到,3
交租,3
同埋,3
传出去,3
爵士音乐,3
黄河路,3
莫胆,3
娃莫卵,3
我唱川普,3
一串串,3
雨靴,3
撤出,3
萝卜,3
思考问题,3
话费,3
变短,3
征服者,3
点莫得,3
喇叭声,3
音视频,3
架飞机,3
网红点,3
抽插,3
一城,3
高珠,3
一时冲动,3
嘲,3
竟敢,3
被盗,3
没皮没脸,3
通达,3
五毛钱,3
混多大,3
痛过,3
数十年,3
开饭,3
惨案,3
杀神,3
歧路,3
排号,3
女老师,3
太吊,3
抚养,3
戴方巾,3
怪奇,3
方糖,3
摸出来,3
十多个,3
吊灯,3
大本钟,3
橄榄油,3
大溪地,3
发情,3
广汉,3
守财奴,3
累倒,3
两百年,3
飞鸿,3
运走,3
赢回来,3
尿裤子,3
席卷全国,3
耍范,3
汤普森,3
换套,3
静若处子,3
锦江区,3
南半球,3
体积,3
发微博,3
胡牌,3
不计其数,3
乖不乖,3
金像奖,3
花销,3
丹药,3
跑下去,3
中能,3
高尔夫球,3
蜜罐,3
甩点,3
里流,3
小惠,3
蝇头,3
跑位,3
排歌,3
没演,3
片场,3
拉倒,3
会凉,3
最花,3
动土,3
嘴闭,3
舌燥,3
漏风,3
一上台,3
花落谁家,3
一成,3
路会,3
犯浑,3
乖孩子,3
里面儿,3
整治,3
地转,3
施压,3
装几,3
四海一家,3
提取,3
九中,3
汕头,3
待发,3
买鱼,3
搅沙,3
放尿,3
黄景,3
孥,3
墘,3
兼济,3
使徒,3
海下,3
非人类,3
本心,3
呼当,3
喜提,3
调情,3
老套路,3
奋,3
雪天,3
兵马,3
有句,3
手先,3
那空,3
插秧,3
几关,3
淋个,3
李子,3
打草稿,3
引擎盖,3
鲍,3
亚太地区,3
音阶,3
几宿,3
花露水,3
骑手,3
畅销书,3
非黑,3
西米露,3
中招,3
关注度,3
博主,3
书呆子,3
付诸行动,3
不常,3
但门,3
压进,3
学者,3
心电感应,3
教紧,3
接着就是,3
低腰,3
照像,3
护工,3
锄奸,3
太废,3
错太多,3
足浴,3
立坟,3
墙裂,3
淘着,3
西侧,3
烟台,3
烟太多,3
埋堆,3
拔枪,3
你识,3
超蠢,3
肺活量,3
测评,3
修辞手法,3
诗里,3
师夷长,3
哺育,3
酷得,3
读着,3
梅兰芳,3
稿,3
法海,3
说唱版,3
两栋,3
毛长,3
企硬,3
地个,3
阿姐,3
够力,3
搞掂,3
刺杀,3
空客,3
护理,3
堪忧,3
北路,3
系个,3
吸氧,3
骨场,3
似系,3
揖,3
观音菩萨,3
不识港,3
食碗母,3
雄厚,3
阔少,3
两类,3
嘴套,3
更次,3
促睾,3
碱水,3
凉茶,3
博命,3
揽佬要,3
怂得,3
手续,3
步步高升,3
人云亦云,3
喊来,3
披件,3
白景屹,3
证个,3
弹奏着,3
野心勃勃,3
几十条,3
版税,3
散货,3
山口,3
财不,3
重了,3
之主,3
敲人用,3
足力,3
冷色调,3
鸟瞰,3
敲门砖,3
黑户,3
花名,3
吊口,3
乌云压顶,3
煮粥,3
提芬,3
活干,3
连大,3
卷帘门,3
二话,3
加瓶,3
测完,3
测测,3
叫辆,3
围帮,3
太爽,3
几磅,3
大包,3
可想,3
家庭成员,3
茱丽叶,3
末日审判,3
犹大,3
双炮,3
老炮儿,3
同框,3
帮倒忙,3
别杠,3
别卷,3
馆主,3
圈才,3
走棋,3
收件人,3
找米,3
胖娃,3
耍嗦,3
直崩得,3
偷油,3
勒群,3
精蹦有,3
青痛,3
褡褡儿,3
儿爱,3
差池,3
递过,3
细细品味,3
王烨扬,3
苦干,3
水份,3
真性情,3
纷乱,3
起上,3
碼頭,3
停脱,3
香拜,3
擁有,3
十八九,3
先祖,3
記到,3
阿拉伯,3
實力,3
开张大吉,3
你告,3
莽起,3
脱销,3
抹抹,3
敬妈,3
气费交,3
要莽,3
哩雕,3
遭抹脱,3
充起,3
内角,3
肺活,3
慢练,3
穿裆,3
每一仗,3
费涨,3
实现理想,3
说勒,3
耍儿,3
跨年,3
条虫,3
过些,3
喊一声,3
往到,3
鄙弃,3
哩嫩,3
撑个,3
绷个,3
赖活,3
诗握,3
地乱炖,3
布瑞吉带,3
涂彩,3
谱个,3
铁壁,3
追是,3
猴起,3
憨儿,3
但勒个,3
祖坟,3
十里堡,3
传烂勒些,3
作掉,3
门将,3
先见,3
这全,3
完有,3
波光,3
扰人,3
变化多端,3
油炸,3
挥汗,3
神能,3
那瓶,3
同条,3
大褂,3
纪念碑,3
娇贵,3
蒙蒙亮,3
信不过,3
思在,3
曼妥,3
参天,3
要爱要,3
损坏,3
取巧,3
只学到,3
新派,3
深有体会,3
其乐融融,3
花木,3
编钟,3
土豪,3
耀武扬威,3
通途,3
系统升级,3
坝坝儿,3
儿勒是,3
旗在勒块,3
颗币,3
大足,3
合川,3
克炼,3
我千翻儿,3
问来,3
来加,3
小艾说,3
制了定,3
雨顺,3
风调,3
开矿,3
麦唱,3
混走,3
靶往,3
上喉,3
巡酒,3
时话,3
麻辣锅,3
牙巴,3
你梦头,3
砾石,3
冲哩,3
墨哈,3
疼上,3
逼格豆,3
哩岩魂,3
问哩,3
过答,3
拗好,3
抄不掉,3
敢写,3
再乱,3
包往,3
分赃,3
掩掩,3
挺秀,3
战打,3
醋坛,3
凄凄惨惨,3
稀稀拉拉,3
追能,3
萝莉们,3
圈小爷,3
最拿样,3
尺当,3
奥林寺,3
装拾,3
醉别,3
更秀侃迪,3
牌品,3
猜丁,3
矫准,3
门助,3
神开,3
寝宫,3
人挥,3
尽忠职守,3
黑当,3
加把,3
慈母,3
泉路,3
不远万里,3
蔡旻佑,3
血港,3
李克勤,3
老牌,3
孤行,3
误区,3
无穷尽,3
二十好几,3
一掌,3
云游四方,3
晃晃,3
明暗,3
精益求精,3
不相为谋,3
穷志,3
同庆,3
之余,3
时区,3
微微一笑,3
唱红脸,3
放荡不羁,3
实质,3
吉娃娃,3
螳螂捕蝉,3
冷箭,3
丧事,3
医药,3
玩大,3
只许,3
玩水,3
魔仙,3
别扯,3
伏击,3
来去自如,3
包是,3
大年三十,3
切袭,3
一针一线,3
成白,3
上望,3
喂条,3
叶几,3
历史纪录,3
响铃,3
偷咽,3
货多,3
加兰,3
没得底,3
瞧见,3
堆到,3
耷,3
娶妻,3
鼻子嘴巴,3
拉爆,3
花糖,3
梦未,3
拥着,3
倒点,3
晕晕,3
主席,3
放狗,3
吃糖,3
巨匠,3
那日,3
火急,3
雷急,3
篮再准,3
腰放低,3
这点儿,3
卡号,3
干些,3
错字,3
逗起,3
朗格,3
人好,3
独醒,3
洞察力,3
起遭,3
称心如意,3
盛况,3
火不火,3
直率,3
我秀住,3
不气,3
为寇,3
龚家,3
风红,3
坤儿,3
风上,3
重边,3
个会,3
拼是,3
旸,3
王近祯,3
整成,3
橡筋,3
分分儿,3
起圈,3
纽纽儿,3
雷蛇牌,3
独独,3
虚儿,3
躲不了,3
哪门,3
群街,3
绝口不提,3
倒满,3
再烂,3
电子琴,3
列侬,3
刘蒙德,3
茅房,3
乖来,3
修桥,3
散酒,3
日报,3
变迷弟,3
认不出,3
崩掉,3
没改,3
络绎,3
破号,3
装乖,3
创造者,3
水吧,3
中帅,3
赖子,3
新换,3
当代人,3
畸变,3
自愈,3
地哭,3
个家,3
代表性,3
撒求,3
醒酒,3
懂哥算,3
什锦,3
串儿,3
没撒,3
路远,3
牵肠挂肚,3
硬得,3
啥意思,3
蒸双,3
否定一切,3
别转,3
前满瓶,3
换方,3
没教过,3
飘过来,3
二战,3
四楼,3
牙缝里,3
斯二世,3
丰胸,3
桑巴,3
面埋,3
新房子,3
配音,3
四块,3
加料,3
加完,3
出站口,3
首字母,3
装腔,3
助演,3
塞钱,3
凑桌,3
民,3
带劲儿,3
盖上,3
金甲,3
脸卡,3
许着,3
进是,3
辟,3
开天,3
会接,3
趴到,3
得分王,3
府邸,3
天屠龙,3
玻璃门,3
推杆,3
崇旭,3
检察官,3
选哈,3
奚霸,3
千千,3
拖来,3
儿配,3
骚超哥,3
嘿理,3
慢活,3
散到,3
经痛,3
梳来,3
刹起,3
帝超哥,3
配罗曼,3
水去,3
买瓶,3
根奶,3
不背,3
坦克车,3
我测,3
饶恕,3
瓶里,3
爱急,3
暗猫,3
原初,3
黄世豪,3
想回,3
借出去,3
命怪,3
忽暗,3
栋楼,3
天葬,3
报销,3
好味,3
略微,3
爽感,3
加利福,3
术语,3
四倍,3
欠扁,3
没后,3
要定,3
舞技,3
丫都,3
来段,3
雪亮,3
发源地,3
八折,3
过滤嘴,3
看毛,3
燕尾,3
雄踞,3
战船,3
四個,3
霍式,3
酱造,3
还防,3
防洪,3
纪念塔,3
鸡照,3
老母鸡,3
肥西,3
肥东,3
人燥,3
阔养,3
高托上,3
错哈,3
维护和平,3
天豫,3
聚拢在,3
卡秃噜,3
球大,3
流油,3
吉勒,3
心多,3
吹战,3
栓放,3
弄翻,3
一伙人,3
煤老板,3
软带,3
紧系黎,3
食鸡,3
脑发,3
最冲,3
圈缩,3
棕儿,3
再塞,3
恰得苦,3
煩惱,3
凉透,3
进击,3
每口,3
星爷,3
阉,3
偏路,3
大锤,3
花花肠子,3
滚下去,3
落场,3
郭旭,3
船先,3
霸得,3
冶人,3
枪像,3
拍碎,3
森森,3
描边,3
壮乡,3
用滴,3
歪成,3
地娃,3
哇哈,3
偷子们,3
吃得消,3
没这回事,3
莫加代,3
三出,3
三进,3
最嚣,3
恶到,3
腰会,3
捣鼓,3
初代,3
归根结底,3
金钟,3
利害,3
比上,3
霉菌,3
甘泉,3
芯竹,3
椅想,3
若有情,3
吹灰之力,3
猪扒,3
打破常规,3
用电,3
毕露,3
密探,3
成品,3
中求,3
奋起,3
冷嘲,3
千叠,3
独酌,3
众星,3
举止轻浮,3
迦南,3
过到,3
收不回,3
乱晃,3
泽鹏,3
迟过,3
装让,3
溶解,3
入肚,3
哲思,3
我地,3
比力,3
安杰,3
上伙结,3
碰碰船,3
馓,3
早酒,3
派遣,3
迷日眼,3
真水,3
润润润智,3
三黄鸡,3
连裆,3
苟起,3
浙西,3
爱字,3
南望,3
贝路,3
流给,3
像切,3
歌太多,3
起飞前,3
巨鳄,3
叫来,3
动向,3
撒落,3
跌打,3
卵壳,3
浮力,3
磨得,3
拉入,3
引人关注,3
井里发,3
杀招,3
鍾,3
鸡皮疙瘩,3
他长,3
官网,3
渐变色,3
专业术语,3
十万里,3
白送,3
投了,3
暴机,3
吹飞,3
黑不溜秋,3
拜倒,3
芬必得,3
捉摸不定,3
哥像,3
哥用,3
张婧烨,3
快攻,3
热评,3
雕虫,3
小技,3
能治得,3
大对,3
好深,3
台语,3
整一整,3
活彩,3
水浸泡,3
东湖路,3
含钙,3
说弟,3
捆起来,3
再来点,3
嫌烦,3
開著,3
雙手,3
整副,3
大马力,3
美其名曰,3
不试,3
宋敏夫,3
哈密,3
西小,3
皇,3
多块,3
两岸三地,3
处罚,3
特工,3
放宽,3
只开,3
驶,3
恭祝,3
隆咚,3
笔划,3
染回,3
卡布达,3
他太忙,3
下路,3
急个,3
费尽心思,3
会乱,3
带不动,3
埃塞俄比亚,3
登不上,3
会签,3
面吐,3
凯宾斯基,3
四大皆空,3
路子走,3
石骨石,3
货们,3
背词,3
砂锅,3
铭记在心,3
重要性,3
答不答应,3
事关,3
剩货,3
逢凶化吉,3
嵩山,3
偷学,3
五招,3
见分晓,3
婆姨,3
风冷,3
夹菜,3
欺压,3
唤起,3
晶体,3
援助,3
兰,3
枯荣,3
雪莲花,3
勘测,3
隐内,3
结束语,3
细碎,3
作赋,3
黑靠,3
字展,3
万豪,3
伊丽莎白,3
一个套,3
耀斑,3
批赛,3
福星高照,3
只帅,3
拦到,3
半陪,3
太空城,3
大变,3
拿不出手,3
开房,3
碎碎念,3
谋取,3
脏手,3
传进,3
试给,3
影射,3
有缘无份,3
此起彼落,3
爱莫能助,3
别太过,3
阿瓦,3
能会,3
寄予,3
派别,3
泡吧,3
没白,3
阴和阳,3
事管,3
哈找,3
二十几年,3
心经,3
找条,3
泰达,3
视觉效果,3
袁野帅帅,3
切帝景,3
横滨,3
吴泽钧,3
阿坝,3
佛罗里达,3
还萌,3
辛酸苦辣,3
一拍,3
讲信用,3
重症,3
缜密,3
两难,3
伟伟,3
当悟饭,3
贫气,3
窝子,3
直给,3
难有,3
反返,3
卡顿,3
贝利,3
左右手,3
滨江,3
嘴碎,3
提成,3
睡到,3
戴伯钦,3
这首用,3
有卵发,3
下脏,3
往里点,3
闪回,3
融汇,3
蓝莓,3
火要,3
可不可能,3
很蠢,3
大变样,3
不取,3
惨遭,3
堵嘴,3
有仇,3
指甲油,3
吹雪,3
心达,3
我內,3
濒临绝种,3
花泉,3
五首,3
星矢,3
奔袭,3
忍起,3
一盘菜,3
时隐时现,3
长短,3
稳惨,3
按哈儿,3
带金,3
手洗,3
世纪末,3
五哥点,3
后街,3
俄罗斯,3
宝请,3
半价,3
泪目,3
梳油头,3
堆得,3
多动症,3
宝芝林,3
奇观,3
擦伤,3
狂傲,3
偏大,3
眼泪汪汪,3
流速,3
贺礼,3
斧钺,3
学艺,3
带火,3
悉心,3
更亮,3
交付,3
解决方案,3
长胡子,3
开封,3
手短断,3
愁云惨淡,3
长途旅行,3
奸人,3
做狠货,3
尖刺,3
鳌拜,3
梳成,3
长存,3
潘朵拉,3
只想接,3
装进去,3
移情,3
鳗鱼,3
维修,3
爆掉,3
烧死,3
合不拢嘴,3
很饱,3
困难户,3
我病,3
偏往,3
手劲,3
小气鬼,3
麻布袋,3
小虎队,3
紫红色,3
该付,3
甜到,3
算钱,3
助推器,3
交通堵塞,3
非死即伤,3
百步穿杨,3
女勒,3
再举,3
忌日,3
加特林,3
调味剂,3
双拼,3
黑手党,3
照样做,3
世奇,3
施华洛,3
口胃,3
和平主义,3
龙蟠虎踞,3
御,3
曲中,3
车道,3
三档,3
组是,3
老年,3
点算,3
汽油桶,3
机警,3
崔佛,3
别露,3
托住,3
锁骨,3
过画,3
满面,3
同学会,3
游击队,3
痛痛,3
三打,3
雄风,3
拳带,3
不透,3
狗怕,3
打遍天下,3
只会变,3
敢骑,3
交待,3
囹圄,3
读点,3
打扫卫生,3
天启,3
消防,3
一大群,3
沙鸡,3
殊途同归,3
不在少数,3
疯话,3
做鬼,3
球运,3
败走,3
称帝,3
仨俩,3
蒋奇,3
东吴,3
只缘身在此山中,3
铁头功,3
明枪易躲,3
以一,3
春雨绵绵,3
冰销叶散,3
罗刹,3
要选,3
锁死,3
中枪,3
超话,3
进火里,3
必思,3
没人要,3
戈,3
判输,3
拳速,3
续力,3
林有,3
哭个痛快,3
恋战,3
计划外,3
人太过,3
护着,3
这年,3
碎石,3
纯帅,3
有来,3
争得,3
鸡脚,3
交大,3
小杂种,3
陆晗玥,3
太长太,3
周身,3
胎儿,3
没满,3
链儿,3
留一波,3
社会主义,3
天收,3
面带笑容,3
累点,3
上镜,3
紫云,3
挣过,3
早上好,3
莫往,3
渣辉,3
不狠,3
滨河路,3
教课,3
西瓜刀,3
冲昏头脑,3
爱出风头,3
碎纸,3
太撇,3
清汤,3
多会,3
普拉,3
凯西,3
全名是,3
别宅,3
抓进,3
你求,3
老家伙,3
双重人格,3
费列罗,3
配送,3
搅起,3
扛过去,3
滑进,3
婊别,3
凭证,3
心想事成,3
十几亿,3
帮来,3
补觉,3
逃出来,3
蓝蓝的,3
维奇,3
雅,3
相好,3
男们,3
农场,3
被切,3
成群结对,3
没运,3
救援,3
祖安,3
距离感,3
一挤,3
不速之客,3
这怕,3
哈雷,3
胡搅蛮缠,3
看太高,3
切口,3
下榻,3
克数,3
药棍,3
秃鹰,3
书刊,3
少量,3
金玉其外,3
不上不下,3
半导体,3
酷客,3
不乏,3
设个,3
贪生,3
外汇,3
纯银,3
假借,3
解惑,3
惊愕,3
百忧解,3
黑点,3
一语道破,3
柯,3
制造矛盾,3
十次,3
西方极乐,3
忠心耿耿,3
早以,3
恶犬,3
而个,3
双克,3
丹尼,3
当盘,3
衰减,3
岳不群,3
动口,3
火别,3
烟是,3
黄把,3
决不罢休,3
泾渭分明,3
熟肉,3
羔,3
照心门,3
抹命,3
指环,3
插面,3
浪炸,3
亮话,3
快捷,3
别撞,3
烟枪,3
木卫六,3
农历,3
讲人话,3
我害,3
扑倒,3
变着法,3
射手座,3
入股,3
成瘾,3
鳄,3
句式,3
干老子,3
甜点,3
抽打,3
叉腰,3
螺丝钉,3
平方米,3
砸破,3
开朗,3
七颗,3
不撑,3
春丽,3
有爱过,3
脂肪肝,3
前脚,3
八嗦,3
路况,3
高风险,3
淘汰赛,3
排毒,3
如沐春风,3
运动服,3
潜质,3
葵花宝典,3
亨利,3
大米饭,3
太瘦,3
小流氓,3
阿迪王,3
华中,3
大将军,3
车标,3
耶对,3
飞升,3
标尺,3
风太大,3
张贴,3
紫金山,3
音译,3
难以形容,3
主动出击,3
糟践,3
男女朋友,3
加工,3
商议,3
洛克,3
怪怕,3
脸熟,3
灯照,3
美德,3
脱脂,3
分解,3
高明,3
报备,3
冒失,3
再口,3
张床,3
站牌,3
耳机线,3
抽个,3
相中,3
落水狗,3
永夜,3
蒸馏,3
沉静,3
贬,3
打水仗,3
谋沙,3
儿装,3
死循环,3
石灰,3
王有,3
不得体,3
一中,3
刻钟,3
天老爷,3
有缘分,3
女儿红,3
臻,3
内伯胡,3
卷卷,3
轻伤,3
全部遭,3
残雪,3
看别,3
坝头,3
两色,3
好几趟,3
没尝过,3
柏拉图,3
全穿,3
熨斗,3
生死存亡,3
走光,3
以物,3
笔名,3
油价,3
男配角,3
沉不住气,3
哈姆雷特,3
离了婚,3
牵上,3
成不了,3
老熊,3
回不阔,3
扯皮,3
摸手,3
待台,3
演只,3
费帮,3
开苞,3
别个菇,3
瞎争,3
相争,3
周佳顺,3
多一分,3
抄下,3
因人而异,3
物换星移,3
捞个,3
乌拉,3
擦身,3
儿到,3
圆明园,3
三元,3
恶性,3
之雨,3
确儿,3
两口子,3
冰心,3
寡,3
打得响,3
四条,3
懷疑,3
轻举妄动,3
就动,3
畏罪潜逃,3
收费站,3
几毫米,3
基督山,3
边锋,3
姆巴,3
光茫,3
尝够,3
誓不罢休,3
师弟,3
等待时间,3
不表于,3
喜形,3
少一劫,3
写起,3
法力,3
摔烂,3
门风,3
建坤儿,3
你切,3
人霉,3
越王勾,3
洗手间,3
昆虫,3
转眼之间,3
情结,3
傲游,3
能吐出,3
亲到,3
胆哈,3
手钱,3
问些,3
溢,3
日理万机,3
两千块,3
开颅,3
退还,3
旗木,3
来切,3
我分,3
挣了钱,3
死于,3
逃出去,3
那快,3
黄金档,3
七八点,3
做足,3
步兵,3
大板,3
快关,3
护垫,3
验尿,3
挂件,3
发射器,3
烟像,3
我泪,3
张凯,3
卒子,3
端坐,3
直球,3
维新,3
男人味,3
转变成,3
阿宝,3
情债,3
六十九,3
嘴滴,3
伢惟楚,3
打脱,3
外敌,3
效力,3
粗心,3
乱转,3
人中之龙,3
死鱼,3
作揖,3
那比,3
惊羡,3
非非,3
神农,3
十几年如一日,3
铁定,3
小笼包,3
渡河,3
抚州,3
共饮,3
观前街,3
团圆饭,3
便捷,3
高房,3
魏晋,3
遗风,3
华北平原,3
困个,3
不利于,3
历经沧桑,3
风雨兼程,3
同源,3
笔挺,3
血浓于水,3
亲眼所见,3
关山,3
心方得,3
湮没,3
废寝忘食,3
货梯,3
别抱,3
落满,3
媒介,3
泥垢,3
丑恶嘴脸,3
搅得,3
能出,3
没剩,3
速效,3
团火,3
火火,3
张惠妹,3
妄图,3
转正,3
立到,3
漂进,3
日常生活,3
困苦,3
点错,3
脑浆,3
喝大,3
瓦到,3
自我欣赏,3
婵娟,3
说客,3
检点,3
走点,3
螺号,3
好队,3
呼吁,3
带雄楚,3
接种,3
闷到,3
精装,3
楼得,3
打伙,3
潘小安,3
满精,3
窝涩,3
唯楚,3
蛮多,3
办扎,3
老邓,3
怀些,3
克围,3
水养,3
歪七嗦,3
竹床,3
来华,3
段王爷,3
发糕,3
玩不溜刷,3
假是,3
装打流,3
昂窝,3
装不分,3
再截,3
转点,3
戒斗,3
送克,3
滴座,3
你嚇,3
动次,3
楼外楼,3
皮儿,3
递烟,3
一国,3
버,3
적,3
碎语,3
ꀱ,3
ꑴ,3
ꆎ,3
ꋦ,3
鹰隼,3
赣州,3
我国,3
心平气和,3
少装,3
囚牢,3
哈胀,3
座山,3
江汉路,3
莫慌,3
迪吧,3
记挂,3
谁是谁非,3
单细胞,3
几大,3
莫带,3
实事,3
岔巴子,3
伢们,3
造福人类,3
高精尖,3
武,3
烫些,3
取款,3
产自,3
戴根,3
没有防备,3
顶过,3
铁三角,3
凉山,3
闯关东,3
娇滴滴,3
巨款,3
垫块,3
说王,3
正门口,3
不随,3
女娃娃,3
吊坠,3
十诫,3
梵希买件,3
陈梓童,3
转到纪,3
上印,3
少城,3
汇夏,3
充钱,3
动起,3
山前,3
留得,3
蛋儿,3
我太火,3
歌后,3
市,3
顽童,3
喃比得,3
粉刷,3
我愿用,3
泰迪熊,3
民安,3
孙静,3
张盘,3
张瑞,3
李志鹏,3
刘若涵,3
五千多年,3
碎别,3
振狼虎,3
必达,3
寸土不让,3
万死不辞,3
友想,3
般毅立,3
山灌海,3
填塞,3
巾帼不让须眉,3
襟怀,3
精神感召,3
铁青色,3
浑杂,3
互勉,3
恪尽职守,3
轮替,3
九百六十万平方公里,3
敢斗敢,3
敢争,3
咬定青山不放松,3
华夏民族,3
请以,3
这无根,3
比喃,3
连伞,3
痛家,3
起过,3
扣掉,3
相扣,3
兰亭序,3
本垒打,3
先开,3
海豹,3
但活,3
绯红,3
人人喊打,3
帝国大厦,3
缺打,3
个命,3
葛优,3
栽赃,3
没管,3
总体,3
闲情,3
说莫法,3
五五开,3
犹太,3
明摆,3
不发歌,3
读档,3
争是,3
新手机,3
基准,3
气大得,3
雨大得,3
冷越,3
皮瓜,3
菜鸡,3
撞车,3
弯钩,3
遮雨,3
胃泰,3
打麦,3
杯奈雪,3
底下人,3
博点,3
想烂,3
卖车,3
节俭,3
歌换,3
快帮,3
一条街,3
沧桑感,3
我梦过,3
真可笑,3
人情事故,3
一现,3
能刚,3
虚起,3
想帅,3
导电,3
那斗,3
烧燃,3
渔网,3
死法,3
烘,3
农民工,3
文绉绉,3
划个,3
收音,3
圆圆,3
马晓宸,3
远征,3
狗样,3
半推半就,3
还来,3
大惨,3
要配,3
改装车,3
奕,3
第一季,3
驼,3
双拥,3
造拉低,3
网红些,3
管都,3
分为,3
藏满,3
东站,3
别因,3
大堆,3
银行贷款,3
闪全,3
不合身,3
林到,3
拐弯儿,3
九节,3
存满,3
撑展,3
八仙过海,3
阿迪力,3
采蜜,3
手散,3
双休日,3
上飙,3
登月,3
巴起,3
见证者,3
幼,3
每一晚,3
防火,3
八晨,3
陇,3
热能,3
喊点,3
走太远,3
问太,3
债爱,3
化个,3
环肥燕瘦,3
霸王枪,3
客车,3
廉租房,3
化验,3
乱整,3
站上去,3
独品,3
压片,3
人闹,3
速八,3
玩爱,3
贝伦塔,3
没虚过,3
过苦,3
留意到,3
老弱病残,3
不卡,3
烫口,3
没治,3
心力交瘁,3
打地铺,3
厚望,3
野上,3
优惠券,3
难点,3
这鼓,3
树学,3
孙铭泽,3
忽现,3
忽隐,3
暑假作业,3
诱饵,3
你酷,3
局用,3
要野,3
划得界,3
野唱到,3
野乐堡,3
共闻,3
比江,3
热瓦普,3
取之不尽,3
浑然,3
强弱,3
云图,3
清苦,3
狮王,3
功率,3
怂过,3
井喷,3
大盘鸡,3
九死一生,3
再美,3
此魂,3
不尊,3
飞回来,3
黄金周,3
拖进,3
交响乐,3
憋死,3
日月潭,3
不火,3
抖下,3
攀附,3
演说家,3
黑白分明,3
双喜,3
血和泪,3
银泰,3
他面,3
恐怖电影,3
小平头,3
休怪,3
赌币,3
哽住,3
西洋,3
三味,3
财团,3
账面,3
他开,3
几千块,3
他载,3
不感兴趣,3
背别,3
丰硕,3
再而三,3
喀纳斯,3
透风,3
音太,3
三万多,3
旗开得胜,3
认人,3
纠纷,3
设在,3
哎别,3
门里,3
人生目标,3
重病,3
原路,3
哪本,3
突发状况,3
托儿所,3
拼不过,3
山重水复,3
怨气冲天,3
你付,3
加盐,3
六十六,3
煤,3
一两次,3
程序员,3
焖,3
康纳,3
不躁,3
吃不了兜着走,3
后过,3
瞧得起,3
燃油,3
画下,3
音药,3
想来想去,3
无翼鸟,3
事请,3
快撤,3
湖南人,3
败将,3
收银员,3
沙滩裤,3
纯天然,3
担保,3
抢镜,3
蛙跳,3
披靡,3
刚上,3
上抹点,3
叶在,3
画架,3
面泛,3
陪护,3
英超,3
事到,3
球里,3
放下包袱,3
打哈哈,3
中不中,3
从容应对,3
抓着不放,3
埋住,3
手机号码,3
直行,3
帕加尼,3
平方里,3
喜羊,3
肠子,3
旅行者,3
撕不掉,3
干不倒,3
不断扩大,3
桃木,3
断奶,3
多花点,3
吆唤,3
人走茶凉,3
牵狗,3
巫术,3
有求必应,3
来意,3
爬升,3
雨蒙蒙,3
局外人,3
爬楼,3
登录,3
来动,3
应战,3
门把手,3
发憷,3
坚守阵地,3
有始有终,3
剑法,3
别秀,3
再久,3
黑压压,3
丫是,3
除雾,3
风除,3
开魂,3
拼死拼活,3
服役,3
半壁江山,3
弹弹,3
四脚,3
找茬儿,3
出金句,3
搬运工,3
首专,3
囚,3
再磨,3
人心莫测,3
西汀,3
氟,3
人工呼吸,3
房抱,3
雪碧里,3
中觅,3
声放个,3
放原,3
揣上,3
配纯,3
入室,3
三四个,3
艾某,3
饭哥,3
说太酸,3
罗杰斯,3
阿隆,3
上节,3
两毛,3
放圈,3
违约,3
大个子,3
一堆堆,3
握拳,3
偷钱,3
想电,3
赵小姐,3
放虎归山,3
白头发,3
先包,3
谢琴刚,3
落定,3
炎炎,3
碧蓝,3
多彩,3
了,3
绕个,3
努点力,3
打乒乓球,3
清光,3
吓哭,3
麻薯,3
一分收获,3
擦身而过,3
起放,3
多添,3
明晚,3
因由,3
窥见,3
做笔,3
飞鹤,3
亿光年,3
骨牌,3
黑天鹅,3
猛将,3
谪仙,3
精锐部队,3
面旗,3
川道,3
赶个场,3
新人奖,3
伏特,3
小蛇,3
音速,3
爆超,3
武侠小说,3
陡勒山,3
二话不说,3
胭脂粉,3
双门,3
事当,3
双休,3
转手倒卖,3
打黑,3
腾格尔,3
杯哥,3
嘿人装,3
手晃,3
耍烦,3
牌琦摇花,3
切牌,3
比姓,3
一龙,3
分提,3
切哥,3
挪过,3
发羊,3
我珉,3
参满杯,3
参酒,3
嘿咻喊,3
皮影戏,3
切唱,3
买进,3
几家愁,3
鼓爱,3
单元楼,3
对垒,3
七出,3
合奏,3
一大步,3
抽水马桶,3
냐,3
근,3
운,3
깐,3
흘,3
엔,3
主治医生,3
赞扬声,3
金嗓子,3
找路,3
痛能,3
跑酷,3
居无定所,3
度蜜月,3
散散步,3
没法用,3
焦心,3
打通关,3
五倍,3
先买,3
少过,3
阿尔卑斯,3
之日,3
地耍,3
花天,3
皇族,3
出谋划策,3
烽火台,3
浮不出,3
宽度,3
从容不迫,3
内伤,3
名册,3
皿,3
ˇ,3
知根知底,3
弄巧成拙,3
高人一等,3
录取,3
选完,3
艾斯猴,3
爱恨交织,3
满屋子,3
宰杀,3
什么游戏,3
伤天害理,3
仪表盘,3
海明威,3
老人与海,3
奥德赛,3
七龙珠,3
研究生,3
常让,3
景观,3
简餐,3
钥匙链,3
丢到,3
科研,3
从事,3
我王,3
卑职,3
火浪,3
微肖,3
办话,3
九万里,3
顺心,3
抽刀,3
碍,3
筒,3
闭环,3
小抄,3
打会,3
别忘想,3
四强,3
衙门,3
杀鸡,3
哆哆嗦嗦,3
不能自己,3
心切,3
吹喇叭,3
里别,3
比大比,3
瞎忙,3
甜瓜,3
踏马,3
人模人样,3
神佛,3
公告,3
路见不平,3
后空翻,3
我省,3
送君,3
原子,3
人干,3
二者,3
薰衣草,3
车开,3
星夜,3
跑跳,3
踱,3
后终,3
筹款,3
同情心,3
中线,3
嚷嚷,3
见天,3
竭后,3
明示,3
界线,3
国企,3
国安,3
天蓝色,3
我之于,3
后成,3
帮着,3
风俗,3
父子,3
显而易见,3
失衡,3
确幸,3
易破碎,3
我拉回,3
透光,3
内片,3
想换,3
填好,3
薪火相传,3
灰会,3
沈以诚,3
讨价还价,3
人发,3
小光,3
向后看,3
多晚,3
太大像,3
约等于,3
痛打,3
车内,3
焦距,3
险峻,3
丹宁,3
腕上,3
È,3
狱,3
关进牢,3
伙有,3
缠上,3
除夕夜,3
算不清,3
高个,3
炼金术,3
背景音乐,3
两侧,3
瞠目结舌,3
工装,3
往上拉,3
安上,3
眉心,3
捧上天,3
喊话,3
无期徒刑,3
火影忍者,3
独霸,3
维吉尔,3
翠绿,3
风格化,3
曼尼,3
过手,3
哨,3
我口,3
悍马,3
扑食,3
显微镜,3
耐性,3
双涡轮,3
货运站,3
动一动,3
刚发,3
走太近,3
相应,3
狂舞,3
乍,3
耶爸,3
倒车,3
回在,3
巨人般,3
战争片,3
雅皮士,3
无垢,3
名列前茅,3
昆批,3
信任他人,3
主持,3
奥黛丽,3
春日,3
住所,3
旁边儿,3
妄,3
喊道,3
荀彧,3
辽,3
方天画,3
逃去,3
刺过,3
马下,3
斩于,3
华雄,3
平分秋色,3
禀报,3
完败,3
李铭昊,3
查查,3
实情,3
啊呀呀,3
香果,3
消灾,3
慕名而来,3
魁,3
咧着,3
上水,3
东来,3
两拳,3
始于足下,3
千里之行,3
传令,3
陈世美,3
救下,3
展昭,3
阴山,3
金城,3
心慈,3
飞散,3
第一批,3
山居,3
中来,3
狂欢夜,3
定都,3
奈何桥,3
发不出,3
生死离别,3
五脏六腑,3
关吧,3
先闯出,3
踽踽独行,3
警卫,3
整整齐齐,3
座座,3
探知,3
盈,3
之相,3
暗河,3
塔克拉玛干沙漠,3
诛杀,3
守护神,3
看样子,3
带病,3
重见光明,3
知情,3
环境恶劣,3
池里,3
血浆,3
六根,3
鬓发,3
状纸,3
马褂,3
来客,3
人心不古,3
安于,3
口往,3
抽够,3
残兵,3
该闭,3
高汤,3
这活,3
破冰,3
扶正,3
从左到右,3
场雨,3
彪,3
突发奇想,3
你害,3
中寻,3
猎户,3
魂灵,3
心已,3
无懈可击,3
元大都,3
太穷,3
斤两,3
打大,3
眉骨,3
砖瓦,3
最丑,3
刻骨,3
除以,3
相离,3
布谷,3
皮条客,3
擦屁股,3
开台,3
疾如风,3
希特勒,3
古遗,3
客请,3
问酬,3
巫演,3
怒喝,3
举火,3
震魂,3
神万化,3
傩戏,3
玉兔,3
榴莲,3
绿野,3
肇事,3
舞台灯光,3
操之过急,3
一算,3
添置,3
儿家,3
万夫莫敌,3
百毒不侵,3
捐剑弃,3
来风,3
删不掉,3
漏洞百出,3
财主,3
满布,3
仔细观察,3
多花,3
紫药水,3
精度,3
鲜少,3
伤别,3
现身,3
挣口,3
表用,3
摘来,3
丫丫,3
泪是,3
希林娜,3
英语听力,3
光艳,3
白字,3
已分,3
陨,3
弗斯,3
变难,3
通灵,3
闹鬼,3
腹中,3
饿鬼,3
播音,3
意难,3
图穷匕见,3
说一千道一万,3
乌合,3
举国,3
歌早,3
有益,3
搞了半天,3
前因后果,3
饮食,3
中坚,3
宝贝儿子,3
铁饭,3
活够,3
憨批,3
三剑客,3
津津乐道,3
甜甜蜜蜜,3
霉运,3
脱单,3
行乐,3
女票,3
急急忙忙,3
土拨鼠,3
亲朋,3
惊鸿一瞥,3
百货,3
照看,3
识相,3
下舞,3
剩菜,3
加码,3
显著,3
拿定主意,3
经费,3
小票,3
衣品,3
急剧,3
小床,3
猎狗,3
收养,3
中专生,3
出示,3
树活,3
仿冒,3
踏足,3
变远,3
糊比来,3
丧命,3
损耗,3
全视,3
全知,3
数百,3
原液,3
榨成,3
冥界,3
之人皮,3
甲虫,3
太多狗,3
圣门,3
女将,3
心神不宁,3
拒敌,3
渣紧,3
内战,3
针尖对麦芒,3
打赤膊,3
欧气,3
酋,3
史泰龙,3
定理,3
迥异,3
联袂,3
要同,3
胃部,3
西药,3
更愿,3
最敢,3
笼外,3
小憩,3
形俱灭,3
懒狗们,3
脸泼,3
拆封,3
爹味,3
半臂,3
扣死,3
截机,3
逼过来,3
缺妈,3
斑开,3
杀红,3
左勾圈,3
尖看,3
山尖,3
董事,3
格列佛,3
灭活,3
那放,3
车架号,3
谷源治,3
关用,3
碰烂,3
撒阔,3
沾火门,3
娃吵,3
有敢,3
减了,3
同葬,3
攻向,3
穷巷,3
真不换,3
面板,3
爆单,3
井边,3
四根,3
改判,3
独孤求败,3
渐长,3
人生地不熟,3
门上,3
面馆,3
绑票,3
左岸,3
爱面子,3
黑心钱,3
命看,3
心说,3
多病,3
哈个,3
精雕细琢,3
风越,3
裤腰,3
怨妇,3
关会,3
半腰,3
散个,3
违规,3
好身材,3
水塘,3
前两天,3
盖掉,3
平西,3
烂片,3
間,3
麵,3
身邊,3
旁邊,3
逻辑思维,3
豆腐店,3
變得,3
和睦相处,3
花坛,3
周千,3
攻城略地,3
空谷,3
更慢,3
位归,3
自甘,3
干将,3
最奇艳,3
梦露,3
美过,3
读心术,3
烟会,3
白白的,3
高像,3
花是,3
健壮,3
鸡飞蛋打,3
瞧一瞧,3
缩写,3
感都,3
五谷杂粮,3
巨著,3
群居动物,3
任重而道远,3
一窍不通,3
饭要,3
木板,3
树懒,3
右臂,3
回頭,3
美麗,3
货全,3
莫要,3
屡次,3
听课,3
进锅,3
床前,3
发鬓,3
猪排,3
曝晒,3
寒秋,3
没乱,3
软骨病,3
刻录,3
你演,3
瓒,3
叶懿,3
夸口,3
买空,3
瞬移,3
炮轰,3
就定,3
胆战心惊,3
风下,3
怒发,3
金木水火土,3
喊起,3
心计,3
以父之名,3
认认真真,3
废话连篇,3
贪图享乐,3
下跌,3
胜败乃兵家常事,3
地下铁,3
愛情,3
茶水,3
单人游戏,3
紧迫,3
舒缓,3
宠幸,3
成灾,3
过光,3
讨到,3
火灾,3
装熟,3
一笔笔,3
李雨轩,3
云雀,3
泥塘,3
爱学,3
不度,3
配烂,3
莫负,3
说定,3
尘土飞扬,3
羌笛,3
如箭,3
麾下,3
枕上,3
焚香,3
吃些,3
突突突,3
歪风邪气,3
私底下,3
作贱,3
浇不灭,3
大开杀戒,3
闹够,3
你加,3
朋看,3
不动票,3
珠江路,3
草食,3
航海,3
日里,3
阿尔卡,3
弹佛,3
鸣枪,3
罗明哥,3
新大洲,3
天变,3
万事具备,3
嘟是,3
东南角,3
昴,3
具乐部,3
渡头,3
浮流,3
两码,3
奇学,3
快键,3
不代练,3
太烈,3
大切,3
船底,3
开设,3
没得海,3
万人馆,3
渡要,3
共船,3
斗量,3
拜仁,3
似水,3
婆娑,3
当众出丑,3
用烂,3
从海,3
个证,3
璘,3
之畔,3
急流,3
笠,3
王笠,3
移开,3
问句,3
闻之晚,3
往下滴,3
戏言,3
避嫌,3
礼轻情意,3
梦雨,3
出谋,3
曲线救国,3
办完,3
大难临头,3
太阳升,3
回头见,3
寒芒,3
不沾身,3
片叶,3
君王,3
军马,3
自满,3
浮动,3
道骨仙风,3
刻度尺,3
满当,3
破个,3
圈外,3
薄命,3
所知,3
苍,3
廊桥,3
电击,3
素人,3
大龙,3
坡里,3
鼓像,3
铺陈,3
体肤,3
心乱如麻,3
你理,3
工会,3
一声不吭,3
平心而论,3
发工资,3
静观,3
发横财,3
十平方,3
小数点,3
逮起,3
空落,3
反复推敲,3
孤苦伶仃,3
汤成君,3
攻不破,3
沉到,3
几万里,3
天宇,3
负荆请罪,3
凭栏,3
天碎,3
遇路,3
城能点,3
平面设计,3
石刻,3
引出,3
迁走,3
嵌,3
绝弦,3
顽乐,3
湖中,3
饮茶,3
有见,3
久别,3
夜太,3
幽,3
离人,3
捉襟见肘,3
忽闻,3
耸肩,3
转念,3
知之甚少,3
敢言,3
绊住,3
握个,3
游移,3
慢慢悠悠,3
如烟,3
秦淮,3
红火,3
颂歌,3
焚身,3
御姐,3
点戏,3
救星,3
如末,3
花名册,3
摔掉,3
急刹省,3
匠心,3
大腕,3
伤后,3
夏飞,3
化蝶,3
灰白色,3
会错意,3
免罪,3
露馅,3
往上提,3
篡位,3
洋鬼子,3
幌子,3
华诞,3
收拢,3
出让,3
下季,3
之远,3
上乘,3
插一脚,3
锃亮,3
笔峰,3
兜住,3
百炼,3
卡纸,3
需用,3
趾,3
那破,3
洪荒,3
百战不殆,3
混饭,3
刺别,3
先走一步,3
疲,3
多颗,3
守望者,3
我建,3
荷官,3
神坤坤儿,3
摘颗,3
儿学,3
裹成,3
双保险,3
流遍,3
团名,3
赶巧,3
赛事,3
可言,3
棺木,3
华贵,3
顶得住,3
一克,3
马尔代夫,3
獸,3
投递,3
斩草,3
不以,3
摔个,3
伤愈,3
第一人称,3
到眶,3
弊,3
好胜,3
能入,3
疯语,3
未开,3
刚配,3
满怀信心,3
人言可畏,3
梦话,3
里划,3
不应,3
锋开,3
包剪,3
痛割,3
熊要,3
开不出,3
无心插柳柳成荫,3
有恒心,3
拖欠,3
侵占,3
托付给,3
乱码,3
地望,3
忽闪,3
千回百转,3
情到,3
诉述,3
近张,3
闯开,3
が,3
往同,3
太巧,3
吓破胆,3
え,3
攻无不克,3
午时,3
赌棍,3
干渴,3
一百六十,3
血流成河,3
宇阳,3
重来别,3
危言耸听,3
撞死,3
亲笔,3
备选,3
动线,3
得用,3
动员,3
听不出来,3
万籁,3
曲径通幽,3
古寺,3
伏案,3
副牌,3
涂炭,3
马后炮,3
诟,3
留痕,3
稳动,3
昧良心,3
照妖镜,3
向海,3
超个,3
待毙,3
天堂地狱,3
风快,3
有团,2
責任,2
發憫,2
衣摆,2
押韻緊,2
槟郎,2
發憤,2
穩,2
淨,2
識,2
给度化,2
呼啦圈,2
温文尔雅,2
季羡林,2
口部,2
置办,2
发挥余热,2
韵歌,2
用长,2
阿伯,2
大烟囱,2
晁盖,2
高太尉,2
语言不通,2
里千玺们,2
独吞,2
白龙马,2
已散,2
風,2
江河湖海,2
拢共,2
思君,2
初现,2
七八条,2
信神佛,2
螺明,2
不久前,2
托梦,2
多念,2
明鉴,2
唱大,2
唱不离,2
大阪,2
侵袭,2
故事梗概,2
有母,2
滴乐,2
上海港,2
改要,2
生存大计,2
毫元,2
咸度,2
借取,2
动兵,2
严正,2
县长,2
不忙,2
千帆,2
条筋,2
超倍,2
口齿伶俐,2
卷心,2
业主,2
紧致,2
闺蜜点,2
戏是,2
要酷,2
声当球,2
不谦虚,2
歹念,2
管天,2
管地,2
反光灯,2
组别,2
像瑞土,2
对跖点,2
词同曲,2
乐享,2
正飞,2
寇,2
爆灯,2
画外音,2
朗读,2
聊才,2
宁为玉碎,2
那篇,2
发线,2
咕噜,2
标间,2
割爱,2
口直心快,2
要死要活,2
全部开,2
仔再,2
赵老师,2
般得,2
四舅,2
五舅,2
命根,2
我迪斯,2
价翻,2
迪斯别,2
消防车,2
绪,2
比胖,2
那力,2
头重脚轻,2
明算,2
煤渣,2
情同,2
别送,2
当星爷,2
试镜,2
定得,2
招牌菜,2
书画,2
选举,2
加粗,2
超配,2
开超,2
亿吃,2
走酷,2
颜粉,2
阶级斗争,2
二头肌,2
谈不来,2
封侯,2
避避风头,2
宇哥,2
不济,2
卖脸,2
黑不动,2
亏不痛,2
侠之大者,2
他强,2
君子之交淡如水,2
刀子嘴,2
不伦不类,2
韵才,2
莫斗霸,2
歌忙,2
扭一,2
扭晃,2
港台腔,2
男玩,2
霸点,2
蛮刷个,2
中单,2
音里,2
穆托姆博,2
艾热王,2
搞歌,2
颜悦色,2
成皿,2
莫尼卡,2
拍胸脯,2
塞哥,2
摩拜,2
拨云见,2
惨雾,2
晃悠悠,2
嗅出,2
那帮哈,2
连麻别,2
调小,2
点宝里,2
你化,2
象征性,2
漂漂亮亮,2
斗志昂扬,2
雪夜,2
雁过留声,2
藏身之处,2
意料之外,2
一掷千金,2
信能,2
忍一忍,2
拼有,2
从一而终,2
渡人,2
慢工,2
细活,2
硬比,2
傲些,2
盛宇别,2
严惩,2
江天,2
风景如画,2
刚枪,2
结束战斗,2
满溢,2
触景生情,2
抬举,2
一江春水向东流,2
多多少少,2
精虫,2
街友,2
败柳,2
唐诗宋词,2
时光流逝,2
深浓,2
失魂,2
考生,2
满腔热情,2
选才,2
真爱过,2
信步,2
痛伴,2
语无伦次,2
木头人,2
模仿秀,2
悉皆,2
不静,2
百千,2
茄,2
经书,2
萤光,2
用心良苦,2
惗,2
退可守,2
追日,2
生如夏,2
强有力,2
烧练,2
铁掌,2
外国佬,2
股气,2
天摇地动,2
中多,2
词像,2
吸吸,2
琦,2
镚,2
小飞,2
弗拉,2
明戈,2
筋脉,2
楼梯间,2
美丑,2
生产总值,2
集合体,2
独孤九剑,2
骚包,2
酷热,2
阴云密布,2
神行太保,2
圈地,2
内力,2
航站楼,2
探究,2
好手,2
他太痛,2
已近,2
非说,2
主办,2
票数,2
已死,2
痛骂,2
听哥,2
那棵树,2
五公里,2
草稿纸,2
打分数,2
有白,2
种植,2
放狠话,2
引力场,2
洛希,2
美眉,2
菁英,2
位居,2
全票,2
威胁性,2
实太大,2
哗然,2
取宠,2
换句话,2
能赖,2
握手言欢,2
快死了,2
爱太痛,2
吃睡,2
寒蝉,2
得够,2
吴帅,2
真菜,2
说明书,2
协和,2
慢不为,2
被害者,2
有用吗,2
恨铁不成钢,2
能力差,2
买箱,2
回微信,2
三代人,2
确诊,2
肩担,2
地覆天翻,2
我败,2
封锁线,2
冰天,2
起纸,2
加害者,2
不超,2
自白书,2
不爱笑,2
川音,2
喝过,2
孟垠希,2
启迪,2
没牵,2
美想,2
校正,2
摇荡,2
超爱,2
不降,2
怕人,2
人静,2
色盲,2
之旅,2
下有,2
几百次,2
妙不可言,2
比马大,2
拖延时间,2
死不认账,2
当钱,2
烙下,2
高祖,2
斩蛇,2
阉宦,2
虎狼,2
除暴,2
走单骑,2
官渡,2
子龙,2
涨奶,2
吴主,2
荆州,2
兴兵,2
隔壁家,2
喘息声,2
人会亮,2
关起门,2
人全,2
吊车,2
上下班,2
自然规律,2
两极,2
本为,2
星丽,2
③,2
①,2
直流,2
数来宝,2
做什,2
不支,2
玩不来,2
爱随,2
带得,2
乱扯,2
著纱,2
网有,2
著雷丝,2
摇著,2
著来,2
腮,2
湿湿的,2
淋透,2
陈设,2
粉嫩,2
退货,2
凶暴,2
很俗,2
泪儿,2
司马相如,2
死而后已,2
乡土,2
古有,2
渺无人烟,2
太多莫问,2
谭钧文,2
淌水,2
名言,2
风景线,2
英吉利,2
咧开,2
打表,2
李谷一,2
发寒,2
勾绘,2
我碧浪,2
大网,2
黄帝,2
争奇斗艳,2
史上,2
如潮,2
保护环境,2
鸟巢,2
责任重大,2
一个多,2
花猫,2
密语,2
万乘,2
人间仙境,2
天朝,2
明朝,2
扮作,2
光别,2
荣获,2
豆沙包,2
拼色,2
小巧,2
磨毛,2
还点,2
善解人意,2
怪得,2
迄今为止,2
出点子,2
这斤,2
贴盖,2
自弃,2
转别,2
严峻,2
迈不出,2
赚要,2
夸耀,2
解暑,2
下陷,2
茕茕孑立,2
秘制,2
喱,2
稀稀,2
右派,2
游山,2
涌起,2
油碟,2
事不关己,2
美笑,2
好渴,2
守着,2
ユ,2
ウ,2
单亲家庭,2
秋田,2
风会,2
女高音,2
两岁,2
叶不沾身,2
巧遇,2
人错,2
疼过,2
没重,2
冠心,2
两具,2
详,2
中年人,2
职员,2
未成年人,2
二十七年,2
白发苍苍,2
沙一汀,2
争吵声,2
疲于,2
埋掉,2
陪我玩,2
红白,2
秤杆,2
祷告词,2
美妆,2
王一栩,2
难道真,2
熟视无睹,2
巴黎和会,2
北平,2
国权,2
红红的,2
说雪,2
家裡,2
麻将馆,2
忧心忡忡,2
虹,2
老人家,2
科波菲,2
亲历,2
华灯初上,2
舞台剧,2
错配,2
序言,2
有悔,2
强身健体,2
耳濡目染,2
丢不掉,2
爱物,2
大菠萝,2
一反常态,2
养老院,2
药别,2
脱稿,2
那帅,2
科外,2
踵至,2
风姿,2
空蚀,2
竖出,2
像学,2
戴时,2
直言,2
不讳,2
妆发,2
急到,2
稳占,2
春饭,2
土酷,2
结茧,2
时多,2
杰瑞,2
没学透,2
层级,2
卯足了劲,2
装饰画,2
店点,2
扭来扭去,2
恰如其分,2
通别,2
听然心,2
鸽都鸽,2
维加斯,2
整形外科,2
爱鸽,2
车赛,2
讲成,2
適合,2
憤怒,2
不夠,2
丟了,2
裝成,2
逐漸,2
奪,2
大干一票,2
跑马灯,2
不载,2
叫害,2
刻划,2
张苗,2
碎料,2
吠叫,2
遇挫,2
沒人能,2
順手,2
帕克卧,2
土土,2
千百倍,2
波赛,2
美工刀,2
刀功,2
医美多,2
学断,2
雕兄,2
右侧,2
差一划,2
咯要,2
度个,2
余音袅袅,2
孤眠,2
画楼,2
杯水车薪,2
小调,2
垂柳,2
陌上,2
败名,2
回笼觉,2
也造,2
萨,2
教育局,2
卢卡,2
驲,2
断桨,2
黄金海岸,2
位于,2
效率高,2
翰林,2
巧言令色,2
劝教,2
活结,2
钱克,2
汗颜,2
强则,2
老门,2
万国,2
算不得,2
清心,2
骚人墨客,2
从良,2
头悬梁,2
子期,2
这货,2
亟待,2
十五载,2
近一半,2
缝针,2
屁点,2
无人之地,2
亲带,2
人秀,2
战略版,2
九遍,2
说说看,2
找点乐,2
ᴡ,2
陪个,2
换份,2
恰多,2
一万多,2
办张,2
加加,2
周琦,2
狄忒,2
少块,2
报报,2
之喜,2
风雨飘摇,2
多點,2
轉轉,2
扣得,2
斜对面,2
盗走,2
好几道,2
快克,2
微晕,2
结像,2
堆栈,2
飞航,2
中城戏,2
偷像,2
抢破,2
言行举止,2
牵著,2
找根,2
皇后区,2
数过,2
没刀,2
那层楼,2
打税,2
好配,2
条子,2
闷棍,2
喷饭,2
缘份,2
受力,2
黑字,2
生而平等,2
全收,2
打者,2
蒙蒙,2
跨步,2
刚来,2
布偶,2
姐是,2
生死之交,2
忠良,2
赖暐哲,2
溺水者,2
黄冠豪,2
陈思函,2
裁剪,2
饭票,2
练个,2
热咖啡,2
大雅之堂,2
中饱私囊,2
压迫感,2
忌妒,2
喜美,2
大如,2
小如,2
米粒,2
补当,2
分冷冽,2
酒闻,2
鼻音,2
评断,2
入住,2
早出晚归,2
深思熟虑,2
就值,2
下摆,2
僻壤,2
监管,2
杨国,2
告解,2
微暗,2
飞著,2
多带,2
过结,2
传家,2
人卖,2
十之八九,2
罩住,2
哨子,2
分帐,2
根花,2
二段,2
撞墙,2
看近,2
遠來,2
嘴裡,2
項,2
剛剛,2
車廂,2
過程,2
對面,2
差點,2
處,2
我還,2
门市,2
微波,2
脸书,2
同好,2
砍树,2
塞滿,2
餵,2
天氣,2
相差不多,2
贵妇,2
手总说,2
布让,2
全梭,2
定神,2
湿掉,2
座落在,2
正对着,2
转飞,2
笔吐点,2
官员,2
尿垢,2
私相授受,2
药头,2
调货,2
填空,2
变挂,2
放火,2
没酒,2
一甲子,2
法拉盛,2
还重,2
市容,2
就勒昂,2
通山,2
刻刀,2
弃子,2
溺久,2
赞数,2
炙手,2
思考者,2
托出,2
仿制,2
那请,2
这具,2
刺后,2
举荐,2
聚财,2
崇礼,2
灰少,2
高街帝,2
次品,2
包太,2
硬糖,2
靠车,2
品是,2
蒽,2
任何迹象,2
编撰,2
认真仔细,2
逐句,2
截取,2
遍笑,2
钓着,2
物料,2
一笔勾销,2
国贸,2
水木,2
还亮,2
折中,2
挺忙,2
没翻,2
王来,2
争霸,2
近水,2
心旷,2
神怡,2
冬不拉,2
驾车,2
烧胎,2
配当,2
计数,2
皮实,2
大饭店,2
森口,2
墨绿色,2
醇香,2
老窖,2
吮吸,2
掌纹,2
笔芯,2
举在,2
赶回,2
十四个,2
每朵,2
帮扶,2
垂危,2
洒破,2
窗内,2
开快车,2
痛别,2
姜楠,2
陈恬,2
相结,2
矛头,2
拔情,2
赖账,2
傻力,2
华仔盛宇,2
回赢,2
别撑,2
炸演,2
按斤,2
用时,2
值爱,2
说爷,2
青回,2
好战份子,2
极有,2
陶冶情操,2
炸个,2
跳行行,2
可比克,2
排法,2
拿大奖,2
井然有序,2
弯过,2
解密,2
恭维话,2
慢热有,2
逆空,2
多思多,2
违,2
掐断,2
风大到,2
走云卷,2
单向,2
抗敏药,2
成气,2
悲惨世界,2
天公不作美,2
几篇,2
坐牢,2
羨慕,2
湿度,2
隔音棉,2
一行行,2
含氧,2
全册,2
风平,2
浪静,2
真别,2
用法,2
仿照,2
公款,2
鱼类,2
底里,2
澄海,2
烫死,2
丁芙妮,2
黄鹂,2
出将入相,2
协奏,2
良药苦口,2
蛋饼,2
点染,2
格罗夫,2
吹毛求疵,2
恍若,2
图里,2
桌酒,2
没过多久,2
噤若寒蝉,2
柳先生,2
花间,2
酒阑人散,2
众志,2
吹醒,2
香给,2
霍乱,2
淡妆浓抹,2
掷地有声,2
花自,2
飘零水,2
自流,2
两处,2
闲愁,2
无计,2
风花,2
留骑,2
邻家女孩,2
精神涣散,2
房奴,2
美是,2
轻言细语,2
灌下,2
配唱,2
新感受,2
烤熟,2
直男癌,2
腻歪,2
毒瘾,2
打板,2
比有,2
喜宴,2
迪伦,2
小粥,2
パ,2
ワ,2
そ,2
だ,2
车带,2
火像,2
困倦,2
天昏地暗,2
花酒,2
心窗,2
听雨,2
纯清,2
伪文青,2
人醉,2
强音,2
英雄救美,2
珍馐,2
有起色,2
吓退,2
讲稿,2
为时尚早,2
日行千里,2
健步,2
毛坯,2
突飞猛进,2
心越,2
来会会,2
艺术创作,2
饱餐,2
吐吐,2
浪子回头,2
旧恨新仇,2
玄关,2
拉斐尔,2
裁,2
难保,2
顾盼,2
充溢,2
夜以继日,2
见势,2
急湍,2
乱喝,2
卷筒纸,2
决然,2
海内外,2
寥寥数语,2
橡皮泥,2
团战,2
降噪,2
唬,2
身畔,2
栽进去,2
凉面,2
维吾尔,2
银幕,2
放一放,2
理科生,2
明眼,2
微皱,2
东尼,2
大木,2
没斯嘉丽,2
马王活,2
惨绿,2
飘帆,2
坑货,2
重看,2
进钱眼,2
紫荆花,2
论道,2
老叟,2
雕花,2
苍鹰,2
将相,2
誓词,2
时效,2
身亡,2
傲雪,2
之空,2
错坏,2
多集,2
金嗓子喉宝,2
嘿哟,2
嘿咻,2
咚次,2
四千多,2
子多,2
足见,2
那帮缺,2
怕吃苦,2
拉力,2
舞用,2
杀了人,2
替人,2
别老问,2
讲爱,2
放洋,2
屁真痞,2
冰河期,2
走张,2
中音,2
狠要,2
出生日期,2
绝比,2
锁别,2
停变,2
老虎钳,2
泥叭波,2
签在,2
卡其,2
七座,2
小好,2
惨都,2
Pt.2,2
死透,2
打点滴,2
愣装,2
牛笔,2
老问,2
马泽法克,2
讲真,2
摇花手,2
脏心烂肺,2
隐入,2
密切,2
潜藏,2
炸眼,2
台前幕后,2
溜别,2
太多爱,2
陆式,2
垮掉,2
干票,2
马德,2
机场跑道,2
泵感,2
打药,2
打保票,2
小是,2
皮鼓,2
瓦萨吉,2
开美团,2
先冲,2
克油,2
手加个,2
货摆,2
体貌特征,2
节去,2
喂鸭,2
猛吃,2
铁人,2
做敢,2
儿金,2
虎头虎脑,2
深多高,2
范范,2
叫代驾,2
力不从心,2
添麻烦,2
柯基,2
递手,2
穿切,2
大鲨,2
夏秋,2
足得,2
大泡,2
孙哲,2
关键词,2
缴匪,2
可遇,2
反复无常,2
家特,2
刚当,2
升个,2
劈扣,2
买束,2
平心静气,2
别输,2
新郎,2
莎个,2
鸡北,2
弈,2
一飞,2
粗中有细,2
男像,2
仓啷,2
装摸,2
黝黑,2
凉到,2
越难,2
玛奇朵,2
老牛,2
秦奋,2
强不强,2
先穿,2
背背佳,2
引体向上,2
壮壮,2
邹市,2
明出,2
手像,2
安德森,2
出人意料,2
峰值,2
这要,2
拿的出手,2
恐高症,2
天照,2
战况,2
几头,2
后别,2
检讨书,2
较冠,2
饮过,2
美唱,2
伙窝,2
游园会,2
沈佳宜,2
硬座票,2
一万句,2
心领,2
鸭蛋,2
香蕉皮,2
嗡关,2
定金,2
白沫,2
教皇,2
扭一扭,2
差价,2
全忙,2
进价,2
金城武,2
狗不理,2
又会有,2
几尺,2
腐肉,2
当德,2
辨出,2
过掉,2
骗到,2
莲娜,2
水大,2
酷狗,2
古时候,2
任何时刻,2
西游,2
智联,2
之城,2
冷锋,2
抢饭碗,2
史密斯,2
放放放,2
曲风,2
考试卷,2
吉普车,2
三班,2
颅骨,2
周维觅,2
叁眼,2
水肿,2
专找,2
白加,2
百日,2
郑州大学,2
湄湖,2
总去,2
高心,2
陈小春,2
逼斗,2
包再,2
真差,2
钱命,2
命当,2
晕晕乎乎,2
功德林,2
没味儿,2
一大跳,2
泔水,2
春有,2
秋有,2
斯哈像,2
你荡个,2
斑兰,2
飘柔,2
旧恨,2
俄国,2
探监,2
小不忍则乱大谋,2
份素,2
凭良心说,2
九层,2
灵域,2
麦克白,2
积过,2
油有,2
炸锅,2
狠手,2
理他,2
跌下,2
尝个,2
成狗,2
战报,2
胃药,2
冠希,2
吊事,2
入会,2
这面,2
洛杉机,2
黑布,2
光听,2
善类,2
会少,2
搬出去,2
黎都会,2
体育频道,2
首夜,2
别放太多,2
摸头,2
잡,2
널,2
질,2
갈,2
뭘,2
生日礼物,2
半信半疑,2
繁殖,2
人一,2
换炮,2
混水,2
匹马单枪,2
黄旗,2
由头,2
兼且,2
住部,2
修图,2
人罩,2
潜艇,2
样品,2
优把,2
洞房花烛,2
虎牙,2
退圈,2
筑巢,2
蚝,2
吃快餐,2
编上,2
三姑六婆,2
陋习,2
宝典,2
乘飞机,2
航空公司,2
进晚餐,2
观后感,2
太卡,2
人擦,2
破车,2
造型师,2
慰籍,2
条死,2
错别字,2
影张,2
临阵,2
捧出来,2
划动,2
已获,2
人守,2
厄困,2
与其说是,2
不如说是,2
曾喃,2
แ,2
ผ,2
ค,2
ะ,2
ง,2
小阿颜,2
挪开,2
太像,2
凡尔赛宫,2
凹个,2
名山,2
赢定,2
黑乎乎,2
廖超,2
你会否,2
祝你幸福,2
秀够,2
乐乐,2
邓卉,2
豪放,2
仲要,2
好囵,2
先够,2
调试,2
六万,2
向阳花,2
里光,2
一升光,2
从北,2
跟屁虫,2
看酷,2
别总挂,2
伤白,2
不备,2
这开,2
支援,2
自掏腰包,2
浪打,2
挂玉牌,2
开白,2
黄牌,2
河牌,2
财来,2
来散,2
片仔癀,2
飘茶,2
墙添,2
星板,2
拜敬,2
题库,2
正对面,2
包子铺,2
郧阳,2
几囵,2
蓬勃,2
下礼拜,2
五楼,2
巴塞罗那,2
凯旋门,2
之别,2
一排排,2
近路,2
能飞,2
经验值,2
拄,2
笔让,2
周公而,2
山高路远,2
武大,2
当说,2
宽衣,2
喝闷酒,2
凤双飞,2
许下诺言,2
吃惯,2
吟游,2
车城,2
极化,2
二中,2
擀,2
仿徨,2
渔夫帽,2
六发,2
终端,2
粗略,2
杀伐,2
败者为寇,2
没火过,2
不水,2
杭儿,2
风爽,2
江浪,2
厉鬼,2
一左一右,2
灰心丧气,2
盗窃犯,2
先请,2
还账,2
熟客,2
痛用,2
光不亮,2
药引,2
不救,2
流完,2
神经质,2
马仁義,2
海想,2
万分之一,2
负起,2
孩他,2
稻城,2
看格,2
桑花,2
家迪迪,2
文曲星,2
丁力,2
没缠,2
红头,2
雄性激素,2
脚丫子,2
拉赞助,2
混道,2
紧帮,2
吃吃喝喝,2
啫喱,2
膏,2
太薄,2
离近,2
兜圈子,2
哙,2
沙鸥,2
天似,2
穹庐,2
九曲,2
敖包,2
临行,2
胜天,2
半子,2
有难,2
大闷,2
带刀,2
七步,2
电商,2
看微,2
够点,2
歌越,2
翻过来,2
面全,2
光张,2
回廊,2
水袖,2
云儿,2
下头望,2
旁骛,2
唤回,2
渴得,2
张葛,2
风飙,2
陈俊豪,2
彭涵,2
提款,2
同花,2
饭到,2
树会,2
李天琪,2
李和宸,2
朱微,2
纪一瞳,2
明朗,2
麦芽,2
语调,2
死敌,2
万事万物,2
燃点,2
纯享,2
物喜,2
你触,2
七月份,2
甜酒,2
老宅,2
心头肉,2
草妈,2
雷声大作,2
训话,2
拍打着,2
比惨,2
几千几万次,2
周慧敏,2
渐冻,2
留大梦,2
自卑感,2
作何,2
眼含,2
里会,2
想唱首,2
手一放成,2
莫等闲,2
鏖战,2
百战,2
化脓,2
风闻,2
敲晕,2
催人泪下,2
冬去春来,2
一年级,2
房主,2
俩手,2
快美团,2
冰雨,2
神犬,2
病理,2
千秋万世,2
定心,2
长三,2
飞绝,2
天刚亮,2
出仕,2
烟霞,2
辛弃疾,2
荣辱兴衰,2
仙踪,2
乐得,2
带笔,2
渔灯,2
外邦人,2
航道,2
能争,2
返乡,2
西落,2
星像,2
回溯,2
焕发,2
小舟,2
俊朗,2
小生,2
拜会,2
神往,2
匿名信,2
床半,2
骤然,2
数以万计,2
盼君,2
别情,2
恶习,2
道喜,2
硬道理,2
德罗斯,2
地厚天,2
步幅,2
冢中枯骨,2
注上,2
完人,2
惟妙惟肖,2
黄袍,2
仰,2
雄浑,2
谗佞,2
安插,2
地干,2
铁戟,2
枕戈待敌,2
邪神,2
边角,2
不复,2
独倚,2
虽心,2
知君志,2
衣渐,2
伴君,2
琴韵,2
地响,2
分道,2
风挡,2
引流,2
哪别,2
缩影,2
帷幔,2
辨明,2
门户,2
案,2
为战,2
荒草,2
垂泪,2
亚妹,2
夜神,2
消富规,2
老保,2
帮给,2
扬镳,2
拉手,2
参与者,2
日文,2
ブ,2
西班牙,2
先都扉,2
如花似玉,2
影楼,2
站姐,2
正剧,2
怯场,2
牙往,2
心演,2
冰雪聪明,2
酹,2
锱铢必较,2
埋于,2
几纬能,2
微博微信,2
一整座,2
徒步走,2
旁放,2
瑰宝,2
收笔,2
谁许,2
富贵利达,2
丢盔弃甲,2
带雨,2
歌鸣,2
多月,2
变格,2
一歇,2
摆渡人,2
坠海,2
布鲁克,2
松林,2
禾,2
岩,2
潺潺,2
洞箫,2
调色,2
讲到,2
千张,2
万种,2
蝶破茧,2
学子,2
第二张,2
亲临现场,2
能手,2
尘俗,2
鲁能泰山,2
名帅,2
主教,2
助教,2
河南建业,2
延边,2
上港,2
球坛,2
力拼,2
恒丰,2
智诚,2
圈别,2
凝眸,2
弓着,2
已明,2
行车,2
甚少,2
好心人,2
之峰,2
而望,2
协心同力,2
中一人,2
有完没完,2
风急浪高,2
少使,2
心诚则灵,2
盟友,2
阿点,2
搞杯,2
更惨,2
萌到,2
托尔,2
讹人,2
星图,2
小金刚,2
会该,2
之分试,2
好几代,2
惘然,2
封包,2
没小像,2
头重,2
小葱,2
申哥,2
色子,2
酒拳,2
出克,2
没张,2
加纯,2
字种,2
前微信,2
戒饭,2
跳皮筋,2
梦来,2
喜洋洋,2
红太阳,2
高鼻梁,2
热议,2
情是,2
父母亲,2
蜜口,2
得活,2
冀一鸣,2
就近,2
名曰,2
当之无愧,2
成型,2
挤成,2
硬生生,2
职业联赛,2
敢作敢为,2
气宇轩昂,2
查出,2
寂静无声,2
通明,2
不已,2
少聚,2
求同,2
返来果,2
年方,2
就数,2
休要,2
监考,2
相谈甚欢,2
日出三竿,2
发簪,2
夏至,2
营地,2
担负,2
做能,2
浪来,2
取名字,2
当爹,2
好胀,2
一讲,2
合心,2
简易,2
山道,2
农活,2
路路,2
苗族,2
不胜酒力,2
错路,2
快报,2
须要,2
晕乎乎,2
酒药,2
灌敢,2
息怒,2
数据安全,2
选金立,2
最炫酷,2
逼出来,2
厨具,2
乐万,2
家宅,2
宅宅,2
所长,2
简短,2
中文版,2
霍含蕾,2
相同点,2
满园春色,2
哎呀呀,2
山船,2
这桌,2
练过,2
能少,2
满朝,2
所造,2
破戒,2
牧羊,2
缺一不可,2
优哉游哉,2
这海,2
园子,2
燕儿,2
孟霄,2
两匹,2
列位,2
如冬,2
铜钟,2
高升,2
老无所,2
禁欲,2
如血,2
评说,2
牵出,2
南美洲,2
红鼻子,2
徐颢哲,2
蛋壳,2
心不爱,2
不俗,2
口来,2
龙画,2
舞起来,2
来财,2
千事,2
少干,2
竹签,2
烧油,2
围裙,2
香快,2
亮任,2
英雄榜,2
馄饨,2
鸡架,2
美少女,2
咱再,2
尹之扬,2
唯伴,2
生好,2
阿科,2
泱泱,2
这无时,2
都化,2
春蚕,2
昏鸦,2
新词,2
热腾腾,2
踏雪寻梅,2
而出,2
水像,2
垂老,2
热场,2
祸去,2
磕绊,2
扒光,2
从下到上,2
人断,2
而逝,2
缘浅,2
拿烂牌,2
镜前,2
实岳,2
低分,2
同质化,2
叫停,2
超标,2
疼合,2
正反两面,2
升级版,2
收件,2
朝海,2
一章,2
冲面,2
土要,2
威信,2
竹筏,2
高矮,2
胖瘦,2
遭大,2
压台,2
看为,2
真可怜,2
来球,2
快快活活,2
五百公里,2
胡撒,2
眉宇,2
长矛,2
塞子,2
飘浮,2
蒜皮,2
险些,2
中心化,2
肾亏,2
酒酿,2
肃然起敬,2
涨落,2
坚冰,2
虔心,2
心理作用,2
倾情,2
走遍全国,2
喜怒哀愁,2
争冠,2
二至,2
时运,2
夺过,2
泼墨画,2
般印,2
决胜,2
团团圆圆,2
形而上学,2
李辉,2
洗面,2
万古愁,2
倒背如流,2
黑化肥,2
太轻光,2
人肯,2
戏怪,2
西瓜皮,2
单押,2
天塌地陷,2
五枚,2
儿大,2
干喊,2
老本行,2
麻哥,2
花冠,2
拖布,2
徐威,2
陈炯,2
山泽,2
那株,2
拓印,2
一闪即逝,2
如履平地,2
汉霄,2
有场,2
好强,2
阿美,2
咔叽,2
与尔同销,2
裘,2
君酌,2
沽,2
修行在个人,2
卖不出去,2
大卡车,2
黄旭手,2
总自,2
闫庆畅,2
攀过,2
过开,2
少年人,2
顺命,2
怨天,2
尤人,2
乞食,2
出头天,2
碰风来,2
碰天,2
何德何能,2
那梦,2
儿想,2
鹅毛雪,2
盖得,2
北风吹,2
大庆,2
那噜,2
乐会须,2
岑夫,2
留其名,2
二表哥,2
声哈,2
瓜子皮,2
骁,2
慕慕,2
千本,2
露露,2
青鸢,2
天娱,2
木琴,2
林子祥,2
梦飞,2
热血男儿,2
豪气,2
十大,2
济世,2
更光,2
热比,2
霜寒,2
东邪西毒,2
寒星,2
行将就木,2
杀人如麻,2
如虎,2
好苦,2
借问,2
何故,2
难解难分,2
醒后,2
难挡,2
叙叙旧,2
北程,2
留低,2
叶列娜,2
同裳,2
王威,2
工位,2
海苔,2
成亲,2
兔个,2
张自,2
多财,2
多福,2
多美多酷,2
猛进,2
气来,2
谭咏麟,2
寒鸦,2
凝神,2
万籁俱寂,2
蓑笠,2
翁独,2
寒江雪,2
苍鹭,2
未改,2
喝碗,2
怒发冲冠,2
凭栏处,2
壮怀激烈,2
魂不灭,2
无衣,2
同泽与子,2
每道菜,2
冲喉化,2
判若两人,2
傷疤,2
疼心,2
左思右想,2
领巾,2
扣儿,2
变旧,2
天高地,2
本钱,2
端掉,2
變現,2
漸漸,2
音響,2
給予,2
反饋,2
般點,2
凯,2
綴,2
槍,2
臺,2
单肩,2
皇马,2
向北看,2
暗语,2
生产力,2
五分裤,2
浮华世界,2
阅览,2
那为,2
你划,2
结了果,2
安身立命,2
没凉,2
有多酷,2
压不跨,2
吕小军,2
起前,2
蒸干,2
打着灯笼,2
火万尺,2
犯窄,2
行才行,2
豪强,2
服不来,2
碰完,2
聚伙,2
抚媚,2
红霞,2
油烟,2
靠北,2
老古董,2
结伙,2
脏钱,2
地爆,2
武学,2
环境变,2
对拉响,2
要面,2
孤一,2
向南飞,2
忠义堂,2
诱惑力,2
无功,2
累管,2
捐身,2
武装到牙齿,2
搞的定,2
远扬,2
狠货藏,2
流中,2
散沙,2
动气,2
共利,2
摸索到,2
常对,2
时装模特,2
良驹,2
爱雨,2
落跑,2
浮空,2
别光望,2
默祷,2
再撑,2
各个方面,2
正气凛然,2
奇兵,2
搅乱,2
斯坦,2
节节败退,2
杀猪刀,2
新学,2
明牌,2
毫米,2
透当,2
料想,2
漏水,2
料定,2
扣进,2
很燥,2
猛药,2
痞气,2
事出有因,2
水汽,2
案情,2
边用,2
起当,2
拼组,2
璞玉,2
攻守,2
求医,2
面露,2
顿挫,2
岂会,2
礼节,2
光板,2
开口闭口,2
油田,2
老化,2
紧靠,2
康纳来,2
限速,2
病用,2
窍,2
沉船,2
三太子,2
看国漫,2
唐三奘,2
娄,2
独奏家,2
我连眼,2
经济特区,2
格雷,2
心神不定,2
这不累,2
想教,2
神树,2
迷魂药,2
各过,2
没切,2
接场,2
阿猫,2
气出,2
装波,2
脑膜炎,2
艾斯生,2
翻几翻,2
气惨,2
费分,2
拇儿纪,2
装瓶,2
钻表王,2
樊少皇,2
包换,2
草房,2
你鸿翔哥,2
范拿死,2
梳头发,2
酥油茶,2
跳棋,2
卢,2
六条,2
烟味儿,2
闭门造车,2
飙着,2
食道,2
拉面馆,2
烟店,2
干不了,2
二涨,2
黄村,2
农用车,2
木樨园,2
买手机,2
大红门,2
丽泽桥,2
环外,2
要通,2
越次,2
马家堡,2
康复中心,2
铁瓷,2
家离,2
能不来,2
ú,2
北城,2
公共场合,2
证件照,2
哥问,2
兵甲,2
具足,2
扎稳,2
里程,2
真情流露,2
越多人,2
多位,2
你试,2
美声,2
枣树,2
面朝着,2
花插,2
海景房,2
睡别,2
宏大,2
焦味,2
质,2
冰层,2
猩红,2
只想融,2
破万,2
太共情,2
名不叫,2
再坏,2
累有,2
零碎,2
语病,2
李铭熙,2
歌里装,2
好勇斗狠,2
初夜,2
線,2
全回阳,2
照樣,2
境现,2
不长眼,2
冲出重围,2
强压,2
抛却,2
架不住,2
美猴王,2
麦克雷,2
消毁,2
原始积累,2
亚那,2
太大不去,2
惊颤,2
定量,2
收买人心,2
旱鸭子,2
运丸,2
硬掉,2
高手如云,2
退守,2
本变,2
跨太低,2
提人,2
产地,2
没歌,2
理脏,2
分熟,2
法院,2
败诉,2
没人破,2
威坐,2
礼拜三,2
栽培,2
太妹,2
吃播,2
服务器,2
说心,2
寄着,2
价把,2
拖枪,2
天理昭彰,2
善心,2
浆洗,2
曾不愿,2
忠厚,2
搭作,2
赏银,2
死或生,2
钱迎,2
一思,2
一涨,2
一飘一散,2
一袍,2
一恶,2
一善,2
不漏水,2
十句,2
陈近南,2
鞑,2
你播,2
畏,2
点纸,2
一床,2
奏起,2
踏成,2
爱太作,2
嗤笑,2
抗在,2
延缓,2
咫尺天涯,2
高速旋转,2
别求,2
地遇,2
选定,2
脏猫,2
护卫队,2
攀亲,2
自尽,2
加君,2
佛脚,2
杀破,2
胶泥,2
过歌,2
别条,2
下划,2
推平,2
直卡,2
货不太多,2
冒点险,2
碗盘,2
哪酷,2
休弃,2
鱼鳖,2
行路,2
半掩,2
扎来,2
那明明,2
福旨,2
李彦辰,2
万儿,2
身高体重,2
圆别,2
新书,2
拼数少,2
认些,2
外财,2
不富,2
演来,2
演去,2
下作,2
酒往,2
久经沙场,2
按兵不动,2
歌全,2
依次,2
愁云惨雾,2
死前,2
条好,2
看做,2
书院,2
随时奉陪,2
探手,2
挑翻,2
波及,2
三段,2
刷街,2
各色各样,2
卡丁车,2
凶鬼,2
锦罗,2
玉衣,2
聚积,2
兵团,2
清完,2
金蚕,2
讽,2
振兴路,2
怒用,2
酷看,2
汹汹,2
注明,2
切腹,2
移花接木,2
重镇,2
中西合璧,2
从帅府,2
民主,2
流了血,2
珍妮,2
虎山,2
妙途,2
屠蛟,2
断壁残垣,2
突显,2
例,2
好听话,2
王添,2
星藏,2
人多得,2
吕易秋,2
朱思梦,2
蒙对,2
弱水三千,2
只取,2
梢头,2
窸,2
窣,2
落落大方,2
吹哨,2
蔷薇花,2
藕丝,2
落脚点,2
留条,2
烫得,2
犯错误,2
散热,2
悄,2
说加,2
出言,2
叙旧,2
到极点,2
最秀,2
叠好,2
问太多,2
推诿,2
冗长,2
更不愿,2
情越,2
徒费,2
半秒,2
当落,2
发光体,2
稿纸,2
喜感,2
稚气未脱,2
三脚架,2
拜德盖,2
睡酒,2
海海,2
更美换,2
过隙,2
遥遥相望,2
梦圆,2
不染一尘,2
终不抵,2
起叶,2
霜下,2
一捧沙经,2
点不亮,2
发似,2
雪非,2
白霜,2
自我标榜,2
匣,2
挫愈勇,2
回不完,2
涨粉,2
粉管,2
宠店,2
争累,2
门去,2
信息时代,2
会多过,2
人独惯,2
带色,2
浣洗,2
部份,2
哪双,2
接洽,2
回路,2
犯忌,2
发微,2
燃梦,2
煞风景,2
隶书,2
一簇,2
酿出,2
美太过,2
太多罪,2
无束,2
心如刀绞,2
喜剧电影,2
喜头,2
悲尾,2
拦腰截断,2
断弦,2
巡个,2
赶早,2
上色,2
一路货,2
罹难,2
哪才,2
脸别,2
趁虚而入,2
돌,2
浅湾,2
取样,2
微乎其微,2
没拉,2
另一侧,2
限免,2
破茧别,2
乱换,2
笔当个,2
色能,2
点单,2
跟牌,2
无话可讲,2
一人点,2
四人份,2
哼哼唧唧,2
拼毒,2
钻牛角尖,2
爱信,2
改让,2
花合,2
戒备森严,2
上中下,2
联络感情,2
清清,2
一年一度,2
前半段,2
奥菲莉,2
虎口,2
禁錮,2
肉體,2
審問,2
釘,2
現代,2
舔食,2
分值,2
噬,2
阿道夫,2
子里,2
姜太公钓鱼,2
记忆体,2
这圣墓,2
全民皆兵,2
我腾清,2
伯利克,2
工作汇报,2
中的菜,2
比正,2
慢吞吞,2
工搬,2
脏款坦,2
工业品,2
铜头铁臂,2
头维,2
听遍,2
甘拜下风,2
铜管,2
雄辩,2
钳制,2
剧幕,2
肉食动物,2
鬼心,2
欲壑难填,2
半条命,2
偏逢,2
承受能力,2
伏尔加河,2
团团,2
坍缩,2
冥思苦想,2
来治,2
越转,2
越慢,2
看错,2
机械化,2
瘴气,2
蛆,2
亚伯拉罕,2
短视,2
症结,2
高洁,2
发出信号,2
可见一斑,2
爱憎分明,2
鼓组,2
维觅,2
仍得怀,2
煞碧压,2
第一页,2
蓬头垢面,2
非礼勿视,2
原宿,2
进群,2
皖,2
超频,2
吹点,2
自然风,2
四维,2
斩草除根,2
好时机,2
焦土,2
基洛夫,2
火器,2
神作,2
没建,2
能秀,2
不成问题,2
低下去,2
铁镣,2
竹篮打水,2
房门口,2
慢变,2
打冷战,2
泪话,2
指半,2
感好,2
第一遍,2
自制力,2
开挖,2
蚕蛹,2
五群,2
负能,2
须佐能乎,2
家猪,2
敬慕,2
眼怪,2
沙鲁,2
脳,2
翡,2
吃进,2
胃小安迪,2
地火,2
熏黑,2
咳狗币,2
早关,2
大染缸,2
召唤师,2
油管,2
病牛,2
越先,2
活不长,2
洋拳,2
心大金,2
总占线,2
你安,2
讨人嫌,2
骇客,2
打水,2
高飞远走,2
百岁,2
十颗,2
颈航,2
赞包,2
杨医生,2
喂药,2
薄利多销,2
现各现,2
最保,2
个表,2
邹,2
没耍,2
好闻,2
卡像,2
九颗,2
喊卡,2
猛鬼,2
戴珊来,2
几集,2
池儿,2
肖奕钿,2
不沾烟,2
探秘,2
铩,2
鼠流,2
蒙心,2
冲稀,2
棉裤,2
可装,2
酒得,2
隐藏人物,2
铁龙鸣,2
百多米,2
招弟,2
中发,2
管得严,2
食欲,2
早操,2
老高,2
高有,2
爸发,2
没信,2
我鼓,2
我想晓,2
雅虎,2
烧红,2
切尔诺贝利,2
有局,2
血变,2
包满,2
强强联合,2
吴京战,2
强森范,2
蔡嘘,2
儿加个,2
赛恩,2
打兵,2
飞起个,2
惨揍,2
倒哥,2
场当,2
肥肥,2
生蛋,2
张戎豪,2
血放,2
混儿,2
厅里,2
六七个,2
刮目,2
掂,2
不弹,2
花大,2
后夜,2
标帅,2
严阵以待,2
更秀,2
我拉着,2
浮想联翩,2
彼福,2
听普西,2
送进,2
弥散,2
荒唐事,2
真多,2
红颜薄命,2
头可断,2
床榻,2
怨声,2
先站,2
丑八怪,2
赶超,2
护身,2
腌料,2
诺群,2
刮掉,2
我光会,2
认不清,2
正事儿,2
光吊,2
蛮子,2
估摸,2
婆媳关系,2
敛,2
节哀顺变,2
队里,2
该当,2
太爷,2
切肉,2
当看,2
加盟,2
分店,2
灌饼,2
上钟,2
儿管,2
收摊儿,2
耳朵眼儿,2
白内障,2
隔气,2
皮练,2
一瓶子不满,2
能成,2
よ,2
土门,2
饮料瓶,2
大众情人,2
赤裸裸,2
变太,2
赌船,2
裤管,2
卡喉,2
相间,2
领航员,2
不成气候,2
丁正宇,2
姜凯朝,2
清甜,2
李永江,2
求样,2
化好,2
花尽,2
见弹,2
演整,2
腰里,2
紧抱,2
套入,2
赵恩雨,2
玻璃球,2
弄痛,2
打孔器,2
手头紧,2
球瘾,2
三年级,2
追到手,2
号发,2
想透,2
瞧准,2
专好,2
痞匠,2
含量,2
缺缺,2
想签,2
血撒,2
有加,2
少语,2
刷新记录,2
吝啬鬼,2
发惹,2
截肢,2
白事瓜,2
空说,2
恨货,2
凑过,2
普蛇,2
教一哈,2
唱教,2
甩飞,2
乐美,2
我太早,2
会烧,2
只想别,2
返别,2
弯檐,2
熄要,2
鼓动,2
气气,2
满杯,2
良缘,2
过儿,2
酌酒,2
盗用,2
一妈,2
撺,2
延绵,2
够不上,2
弯弯绕,2
这条命,2
没词儿,2
心该,2
枣儿,2
唯恐,2
精磨,2
时时,2
廻,2
同居,2
我慢,2
默诵,2
浊水,2
不严,2
时脱,2
营营,2
背叛者,2
更进一步,2
体悟,2
凡夫,2
蛇吞象,2
黑梦里,2
冒儿,2
权限,2
谢绝,2
三百个,2
使用权,2
大快,2
野玫瑰,2
玩美团,2
子母,2
那酷,2
挪对,2
超顶配,2
革除,2
盆以,2
届罗翔,2
交的些,2
纯纯,2
方丈,2
斑比冲,2
后微,2
歌真,2
婉拒,2
胶尼,2
穿制,2
半世纪,2
听斑,2
打有,2
豁人,2
老五,2
家二,2
万全,2
不放人,2
碰碎,2
买五险,2
艳抹,2
沙说,2
叩响,2
才思,2
泉涌,2
痛疼,2
千儿八百,2
不哈烦,2
霉味,2
货柜,2
蜃楼,2
润物细,2
但润,2
缝起,2
曲直,2
过刷,2
听言计,2
说命,2
台班,2
打亮,2
孔笑,2
飘笑,2
滔滔不绝,2
说儿,2
九日,2
雨要,2
带人,2
穿戴整齐,2
继父,2
口不择言,2
阿缝,2
撬不开,2
山珍,2
举不起,2
编活,2
雪碧,2
起跑点,2
妹别,2
人配,2
手贼,2
袁隆平,2
双会,2
受潮,2
一股风,2
一吹,2
立场坚定,2
谢特,2
没内,2
麦长青,2
上哈着,2
终会来,2
铁道,2
信使,2
扫黑,2
纵火犯,2
青年才俊,2
螳川,2
宝地,2
我崽种,2
做雅痞,2
平楼,2
跳出去,2
别弹,2
皱爱,2
组加个,2
捧哏,2
逗哏,2
供下代,2
脱缰野马,2
挂链,2
烟下,2
只骗,2
算根,2
锁店,2
大排场,2
邵庄,2
对哈,2
簇桥,2
谋事在人,2
虐池,2
巨婴赛,2
懂学个,2
学得土,2
焦卡,2
过美瑞肯,2
摆别,2
千块,2
紧死,2
鱼些,2
几大片,2
三百里,2
镜擦,2
比活,2
访华,2
抹胸,2
矗,2
삶,2
끌,2
빠,2
많,2
놔,2
픈,2
티,2
놀,2
올,2
틀,2
절,2
压不稳,2
本无神信,2
孙该,2
狂骄,2
佛下,2
得明,2
衰起,2
丘,2
林克,2
人畜,2
装好别,2
挵,2
追望,2
香烟盒,2
已飞,2
依仗,2
老用,2
郑亦钧,2
不知所谓,2
长痛,2
买酒,2
管控,2
杀价,2
调管,2
跳为,2
火海刀山,2
一股脑,2
装箱,2
笑眼,2
飘着雪,2
第三排,2
回寝,2
八神,2
短痛,2
售空,2
试题,2
寝,2
唱歌曲,2
离婚率,2
传宗接代,2
闯进来,2
钱够,2
飞龙在天,2
退赛,2
燕雀安知鸿鹄之志,2
蜀国,2
恤,2
垛,2
毛毛雨,2
该活,2
圈像,2
皓然,2
腹痛,2
波鞋,2
太凉,2
交着,2
伤伤,2
机想,2
八十年代,2
加塞,2
六神无主,2
平平凡凡,2
文山,2
听成,2
南屏,2
晚钟,2
失联后,2
黄伦,2
朱艺二提,2
宗晏宇,2
崔娥,2
王匡夫,2
张文潇,2
张丽琼,2
田秋子,2
陆华琨,2
罗伽颖,2
旧爱,2
黄清钦,2
飙过,2
太直学,2
刘鑫磊,2
寸金难买,2
印尼,2
深像,2
菜包,2
饺小二,2
一碟,2
梦活,2
此山,2
包中,2
有佛,2
迪格隆,2
咚锵,2
嗡嗡响,2
一寸光阴一寸金,2
升官,2
差使,2
恢复原状,2
手起,2
奶爸,2
领证,2
似矛,2
奉献给,2
家回,2
胡艺伟,2
肇卜羲,2
骑车到,2
退隐,2
隔间,2
挤走,2
黄要,2
肩肘,2
子午线,2
武运,2
放养,2
上系,2
李哲,2
万种风情,2
奉上,2
随地随时,2
阳朔,2
没摇,2
和蔼可亲,2
调性,2
一挑,2
走访,2
抱块,2
什嘛,2
来养,2
杀进,2
胳膊肘,2
多利,2
挽歌,2
起棚,2
喜来登,2
微信天,2
微明,2
根先,2
喷向,2
指劲,2
最昌隆,2
然,2
晨光,2
袋能,2
寻根,2
最紧,2
刂,2
居所,2
死而无憾,2
水渍,2
全貌,2
轻看,2
粘连,2
糙,2
沙画,2
灯盏,2
子夜,2
此后,2
络绎不绝,2
录取线,2
蓑衣,2
饱经风霜,2
饭盒,2
依山傍水,2
军人,2
夜凉,2
滚雷,2
肮,2
蹑手蹑脚,2
切实,2
长影,2
手串,2
看管,2
烦愁,2
排忧,2
黄口,2
弱冠,2
里点,2
夯土,2
杏仁,2
桉,2
加量,2
四座,2
易经,2
谦谦君子,2
几级,2
倒买倒卖,2
刻满,2
罢免,2
责令,2
应能,2
论调,2
匿名举报,2
推责,2
完整无缺,2
序列号,2
同林鸟,2
风爱,2
里通,2
蒙面人,2
不值一文,2
看得开,2
善谈,2
问题所在,2
取缔,2
磷火,2
无往,2
不顺心,2
繁多,2
触礁,2
惊异,2
不给你看,2
割开,2
舵手,2
接引,2
低垂,2
保护者,2
总分,2
主权,2
墓志,2
压制住,2
爱个,2
这柱,2
荒诞剧,2
长达,2
杞人忧天,2
这像,2
寄望,2
好物,2
那滴,2
比邻,2
打铃,2
年秋,2
预售票,2
就售空,2
发邮件,2
马克吐温,2
会洒,2
如期而至,2
水火不容,2
熠熠,2
一概而论,2
海渊,2
顾不得,2
百灵鸟,2
乙醇,2
第几轮,2
碎叶,2
六千,2
公尺,2
青色,2
白绫,2
棺椁,2
心语,2
一辆辆,2
自便,2
真来,2
几粒,2
启明星,2
而照,2
相交,2
在水一方,2
掩面,2
古朴,2
何地何,2
雪里,2
巨作,2
最靠近,2
顺理成章,2
搭台,2
这风,2
体操队,2
击中要害,2
催债,2
斗战,2
诸佛,2
羽化成仙,2
卧薪,2
未卜,2
糊口,2
不悲,2
看厌,2
土归土,2
王致和,2
曝,2
自下而上,2
你尬,2
碰运气,2
广播体操,2
假名牌,2
打包票,2
思前想后,2
先办,2
宝一,2
拒,2
封面人物,2
胡恩立,2
哈密瓜,2
能容,2
何畏,2
震天,2
不撞,2
国破,2
余烬,2
陆离,2
再多言,2
末节,2
多明戈,2
庄闲,2
十赌九骗,2
喊开,2
想扮,2
出千,2
扔牌,2
夺爱,2
封心锁,2
过输,2
胡做,2
败过,2
恋过,2
前送,2
协作,2
肯干,2
闹饥荒,2
健硕,2
耳中,2
缰,2
甲天下,2
随喜,2
醉步,2
生态平衡,2
扁肉,2
旺夫,2
帮著,2
跪木秦,2
够帅,2
会帅,2
山天,2
之涯,2
知交,2
尽余欢,2
谁为谁,2
笔记本电脑,2
著枪,2
四驱,2
劈碎,2
太多取,2
無所謂,2
規格,2
這規則,2
佔,2
經起,2
絕不,2
錯位,2
乾脆,2
摧毀,2
作廢,2
反客为主,2
出靠,2
随波,2
带财,2
著木秦,2
小凤养,2
著别,2
肥膏红,2
白灼,2
破事要,2
滑坡,2
财神庙,2
按连放,2
续摊,2
脱队,2
帕里,2
战区,2
为母,2
老人斑,2
还念,2
临盆,2
太远难,2
快凉,2
仔贼,2
公都别,2
阿命,2
顾潇予,2
睡想,2
全部堆,2
罗忆,2
儿行千里母担忧,2
欢聚一堂,2
勤恳,2
夸木秦,2
怨念,2
怜,2
板鸭,2
奇志,2
浏阳河,2
坟场,2
驼着背,2
耳麦,2
燥起,2
享福,2
备稿,2
屠龙记,2
第一课,2
算吊,2
退休金,2
纳新,2
化冰,2
当野,2
渡过难关,2
祝融,2
懒洋洋,2
西站,2
打退堂鼓,2
主食,2
血亲,2
算上,2
投保人,2
角质,2
时站,2
重述,2
记上,2
一坛,2
手解,2
热干,2
宽面,2
红薯,2
众山小当,2
一箩筐,2
新民路,2
举枪,2
能者多劳,2
团魂,2
以礼相待,2
专机,2
一个团,2
往梅,2
个店,2
车长,2
间房,2
没全,2
活养,2
阳康阳,2
轻胜马,2
十字街口,2
高站,2
有手,2
讨饭,2
溃得,2
塑普,2
喝不上,2
水想,2
拜祭,2
椰奶,2
潘俊,2
开大反,2
死而复生,2
徵羽,2
何泽林,2
听风是雨,2
眼旁,2
摘自,2
宿列,2
秋收冬藏,2
拳打脚踢,2
青花,2
恶趣味,2
比差,2
老中青,2
扩土,2
夜月,2
无神,2
以暴,2
忘以,2
予以,2
之印,2
活活,2
青春不老,2
如剑,2
烏托邦,2
統治,2
蓝鸟,2
凶灵,2
潮穴,2
体液,2
往南方,2
卤菜,2
一时半会,2
韵炸,2
样给,2
虽迟,2
打能,2
包银,2
惹出,2
溜掉,2
会碎,2
背光,2
比来比去,2
喷头,2
想火,2
干一波,2
天下太平,2
败不馁,2
城再,2
挥泪,2
抱过,2
乱涂乱画,2
我书读,2
卢慈,2
挥别,2
最胖,2
最骚,2
可名,2
放辣,2
种花,2
贪睡,2
鸩,2
击发,2
树桩,2
棉,2
准备后事,2
肌肉男,2
绞痛,2
只拿样,2
快活林,2
修剪,2
味快,2
全买,2
吹别,2
修筑,2
大驾光临,2
瞎吹,2
婴儿车,2
反例,2
留手,2
鬼爷,2
榨汁机,2
用地,2
浅潮,2
开疆拓土,2
自费,2
已画,2
心持,2
有输有赢,2
行骗,2
猜准,2
十克拉,2
一月份,2
透湿,2
皱住,2
追悼,2
再算,2
凹得,2
去加,2
老梁,2
能发,2
狠歌,2
装精,2
首义,2
鲁磨路,2
噶事磨,2
缠刀,2
逗弄,2
见不得人,2
金奖,2
排比句,2
遗孤,2
顾影自怜,2
抵得过,2
炎炎夏日,2
泳装,2
战略性,2
涉谷,2
印景,2
不得要领,2
现代版,2
上纲上线,2
武断,2
不费力气,2
傻小子,2
四美塘,2
孤雁多,2
历史书籍,2
运筹,2
生存空间,2
穿山甲,2
展品,2
丢块,2
夜远,2
回迁,2
比雨,2
清一清,2
礼义廉耻,2
痛怕,2
卖唱,2
名找,2
躲种,2
因结,2
门解,2
再刷,2
一刷,2
印度尼西亚,2
来碗,2
太空船,2
最后通牒,2
寥若晨星,2
夜刚,2
霹雳火,2
太秀,2
再不去,2
四页,2
街闭,2
蜡炬,2
王以行,2
白流苏,2
院墙,2
美不美,2
守则,2
黑着,2
蜂,2
阎罗王,2
可喜可贺,2
孟雨,2
晴好,2
插花,2
蓝楼,2
凝重,2
很窄,2
坏坏,2
勾选,2
未尝,2
孤高,2
视听,2
罗马城,2
酒足,2
转圈圈,2
春心,2
悔棋,2
可畏,2
小哈,2
这段话,2
辣鸡们,2
门类,2
妹为,2
广播台,2
金虎,2
文泽,2
水房,2
剪到,2
建军,2
武宿,2
专业书,2
伊索,2
素拓,2
直播室,2
音高,2
张锋,2
追上去,2
第一双,2
情坚,2
他生,2
速成,2
偷税,2
房看,2
酷先,2
捞月,2
堵死,2
笨鸟先飞,2
最惨,2
音障,2
股价,2
鹏程万里,2
打開,2
投机者,2
道奇,2
真人版,2
没恨,2
反目,2
挽住,2
群马县,2
石破天,2
失去平衡,2
尖上,2
柳叶儿,2
遮满,2
其位,2
细听,2
畅谈,2
倒入,2
相散,2
蓝靛,2
快怨,2
花败,2
偷乐,2
廉耻,2
可话,2
大声吼叫,2
犯得,2
混比,2
得蠢,2
五档,2
王群,2
秀太,2
瓜哈想,2
托福,2
后顾,2
恬不知耻,2
捧腹大笑,2
量化,2
黏稠,2
异物,2
大团圆,2
爱嗷,2
电扇,2
桌面,2
刚调,2
键后,2
黏膜,2
宋宋,2
张静,2
雯雯,2
敬告,2
著作权,2
违者必究,2
瞭解,2
事看,2
超支,2
织女,2
西厢,2
で,2
没存,2
款款深情,2
壬,2
近些,2
金比,2
双面胶,2
幼苗,2
他心,2
付诸于,2
神经元,2
蒸腾,2
压缩成,2
指向性,2
劳其筋骨,2
敲断,2
锈住,2
致意,2
停进,2
未定,2
设限,2
旧社会,2
亚热带,2
典礼,2
肿胀,2
一草一木,2
第三章,2
本地人,2
氧气瓶,2
羊水,2
只因,2
思潮,2
大开大合,2
篇目,2
邀请函,2
递个,2
刺身,2
疵,2
孤伶伶,2
春到,2
蒸得,2
命花,2
破解版,2
慌太过,2
换装,2
登儿,2
背得,2
来莫得,2
会客,2
坐电,2
竞区,2
起刷,2
尊享,2
看喃,2
麻不麻往,2
脚喊,2
面头,2
压不压,2
山口组,2
提尼,2
化淤,2
活血,2
爱如火,2
烤个,2
烧根烟,2
少根,2
鲍爱,2
如脚,2
帮你忙,2
命太硬,2
我板,2
醒水,2
批起,2
婚前,2
完装,2
结完,2
李赛,2
一喝崽种,2
薛高,2
包刀,2
二十二岁,2
完片,2
开钱,2
杀板,2
来补,2
长寿烟,2
动哈手,2
手钱进,2
抽勒零烟,2
起疑心,2
飞脚,2
别杆,2
发杆,2
老四,2
过咯,2
牙口,2
考起,2
医的,2
贵子,2
仆,2
撒水,2
纵欲,2
劲大,2
又求,2
青头,2
教头,2
拳里,2
穷山恶水,2
信点,2
少华,2
煤用,2
镇雄,2
山山外,2
山过,2
屠洪刚,2
昭通,2
渣滓,2
超想,2
飙得,2
越飘越,2
军训教官,2
别日怪,2
轮岗,2
家政,2
滥用,2
呼扇,2
一尾,2
广茂,2
荒寂,2
坠下去,2
翠竹,2
山人,2
过学,2
双下巴,2
面谈,2
乱射,2
配皮,2
小崽在,2
不窝,2
基督教,2
李保华,2
丑得,2
汉奸,2
驱寒,2
钗,2
发朵,2
奖上,2
马尿,2
批渣,2
笑哈,2
小带,2
角子,2
太保,2
通心,2
画饼充饥,2
汪东城,2
整姚,2
官哥,2
万打,2
拿破开,2
破财,2
认到,2
揣包,2
三五年,2
尿急,2
分批,2
乍一看,2
四处奔走,2
再飘个,2
钓个,2
豪情壮志,2
酒意,2
头奖,2
拥进,2
土够,2
翻旧,2
假到,2
隔南,2
说歹,2
票票,2
飞让,2
变形记,2
头昂,2
拒絕,2
多像别,2
养殖,2
整船,2
安呐供,2
甘有影,2
金在,2
自证,2
生小孩,2
殖民地,2
内共甘有,2
扎成,2
白道,2
猴戏,2
凌人,2
仁兄,2
公瑾,2
别学人,2
戏外,2
风风火火,2
交配,2
去养,2
栽到,2
猜猜猜,2
总上,2
没当过,2
爆筋,2
精神病院,2
斗篷,2
一星半点,2
邪门歪道,2
妹见,2
当属,2
尸横遍野,2
尸变,2
头名,2
投名,2
讲劫囚,2
天子门生,2
攀高,2
神游,2
术士,2
周刊,2
天目,2
拼乐高,2
雅山,2
写照,2
房间内,2
纳尼,2
体見,2
せ,2
ひ,2
ミ,2
人間,2
ニ,2
気,2
貯金,2
纱手,2
猴急,2
先玩,2
无地自容,2
先目,2
狗带,2
比值,2
紧排,2
需多想,2
震住,2
四顾,2
超带,2
邪不胜正,2
开向,2
可破,2
出新招,2
中肩,2
比喜马,2
树根,2
导,2
鹅子,2
没人用,2
位起,2
放贷,2
关窗,2
青草地,2
经手,2
成箱,2
丁点,2
礼拜五,2
林木,2
远点别,2
浴袍,2
隔到,2
三石,2
卖当,2
社死,2
钙奶,2
扔入,2
白贼,2
路遇,2
浮荡,2
走昂,2
街头霸王,2
封盖,2
三锤,2
陷入绝境,2
签上,2
古惑狼,2
平平安安,2
成長,2
太多野,2
竣工,2
你解,2
装多爱,2
可回忆,2
光纤,2
没触,2
圖夫,2
解藥,2
金錢,2
同時,2
貪圖,2
絕望,2
有形,2
騎著,2
狀人來,2
往熙熙,2
攘攘,2
輝煌,2
問著,2
這憤怒,2
愛還,2
點事兒,2
開竅,2
還好,2
懷抱,2
有時,2
人為,2
阳台窗,2
爱罗言,2
当飞,2
总恨,2
钟摆,2
铁砂掌,2
名胜,2
局不输,2
武动,2
咑,2
未觉,2
小爱,2
死党,2
见个,2
忙前忙后,2
人念,2
舒楠,2
翻回,2
满雪,2
音乐作品,2
抒情歌,2
冷夜,2
打不乱,2
没穿,2
凯莉,2
担不懂,2
爱落,2
劝架,2
儿掉,2
补办,2
瓦数,2
活著,2
紙醉,2
定义出,2
欺騙,2
目標,2
一點,2
我覺,2
多麼,2
盤,2
裡面,2
我試,2
各種,2
義勝合,2
萬變,2
的關,2
時刻,2
複,2
尋找,2
金迷,2
關住,2
離去,2
代價,2
聆,2
喚醒,2
玩出来,2
命行,2
变子,2
愛他,2
一樣,2
墮落,2
徬,2
宋冬野,2
地獄,2
別管,2
合编,2
義胜,2
齋,2
時代里,2
熱血,2
崢嶸,2
音樂,2
誇張,2
萬已,2
這張,2
專輯聞,2
勸,2
保護,2
就連,2
徹底,2
這事兒,2
碰資本,2
兒實,2
驚著,2
著勁兒,2
信兒,2
氣兒,2
事兒,2
詞兒,2
著換,2
點子兒,2
還覺,2
瘋,2
舊,2
飞任,2
一目,2
云畔,2
卍,2
出全,2
天妒,2
无力回天,2
韬略,2
那金,2
剑光,2
嘴比,2
爱火,2
火能,2
已身,2
理解能力,2
勉着,2
主儿,2
寶,2
脸志,2
生来死去,2
胸柿,2
好几碗,2
前不久,2
缓一缓,2
干爱,2
守纪律,2
换句,2
值日,2
瓷往,2
要考,2
穿太低,2
尚属,2
进红刀,2
戏太深,2
扎堆儿,2
力送,2
展宏图,2
天低,2
敌有,2
奇招,2
西原,2
健一郎,2
李天钊,2
暄,2
毛爱,2
儿半配,2
上塘,2
相互影响,2
昌龙组,2
七斤,2
要落,2
炖肉,2
蛞蝓,2
斗过,2
忠祥,2
原则上,2
那狗样,2
求偶,2
浓看,2
关系不大,2
金戴金,2
没念,2
过书金,2
像付,2
六日,2
艳福,2
庄稼地,2
活靶子,2
敢怒不敢言,2
阿球,2
科班出身,2
艺考,2
混声,2
雌雄同体,2
冲撒,2
污,2
艾露,2
鞭刑,2
欺人,2
黄莲,2
黄乙纳,2
羊来,2
风温,2
胸针,2
空岛,2
原文,2
词厂,2
冬梅,2
付不出,2
收银,2
两者之间,2
黄霄,2
雲红狼,2
壮美,2
离群,2
娘来,2
手试,2
风迎,2
身换个,2
弧线球,2
再意,2
早于,2
收录于,2
嫩娘,2
上脑,2
土地开垦,2
春意,2
沁人心脾,2
泥别,2
土在,2
下功夫,2
老辈,2
儿哩,2
美中不足,2
哩伙家们,2
淫靡,2
不知下落,2
拆字,2
老张,2
栽哩,2
绝大,2
前人栽树,2
没粮,2
送往,2
不对味,2
七夕,2
尖酸刻薄,2
全部种,2
认不出来,2
碧昂斯,2
新宿,2
请爷,2
中山纪念堂,2
配厚,2
得躁,2
刁难,2
異凡,2
定论,2
太闹,2
拉丝,2
能载,2
余波,2
交球,2
耳不闻,2
情归何处,2
人一波,2
暗锁,2
米欣,2
疑难,2
闭起,2
娶媳妇,2
我弱,2
焦段,2
新动力,2
投送,2
改正,2
词眼,2
水钻,2
子别,2
亮亮的,2
断了腿,2
半鬼,2
换当,2
水带,2
猜来猜去,2
无肉,2
半刚,2
文昱欢,2
罗娅菡,2
维纳,2
千百个,2
热土,2
红通通,2
艾尼玩尔,2
热依木,2
嘴子,2
锃,2
大婶,2
绿豆糕,2
吵些,2
听苦,2
屏锁,2
厌过,2
逼不得已,2
忽尔间,2
喷使,2
怪皮,2
慢炖,2
炯炯,2
拔萃,2
莫些,2
十多公里,2
得意洋洋,2
小三来,2
戆徒,2
重要关头,2
涅盘,2
过油,2
人不为己,2
戴假发,2
瞎搞,2
手段毒辣,2
偷鸡,2
倒装,2
突噜,2
皈依,2
鬣,2
安歇,2
德拜,2
亮会治好,2
听心,2
环海,2
一门心思,2
骑墙,2
雨夹雪,2
以心,2
清掉,2
叭叭,2
泪涌,2
走漏,2
真嗝,2
心明,2
午休,2
错摇下,2
独霸一方,2
终极目标,2
计数器,2
花脸,2
一面倒,2
减都,2
强心剂,2
当假,2
很冲,2
盗卖,2
溶化,2
热乎乎,2
您老,2
老君,2
交税,2
受得了,2
绽入,2
个事,2
狂浪,2
曲曲,2
兵书,2
蹲点,2
这梦中,2
流脓,2
割脉,2
见小瑜,2
半人,2
那闭,2
之箭,2
功败垂成,2
割舍不下,2
一万斤,2
太一,2
云遮,2
两厢情愿,2
阻比,2
梁祝,2
流传千古,2
林忆莲,2
心春去,2
梦秋来,2
不删,2
那爱来,2
势出,2
半月,2
有音,2
天肩,2
孙梦迪,2
刘效,2
松和音,2
青石板,2
儿展,2
爿,2
于案,2
黄铜,2
镇尺,2
明晃晃,2
当东,2
曲曲折折,2
韩天赫,2
中国音乐著作权协会,2
毛阿敏,2
香泪,2
何炅,2
李莎旻子,2
男歌手,2
张语涵,2
红军,2
远征难,2
淮海路,2
弹眼,2
落睛,2
忘义,2
查对,2
这笑,2
这泪,2
这心,2
一生何求,2
善罢甘休,2
美不盼,2
荡风起,2
一身是胆,2
儿女情,2
忘美人,2
泪断,2
人肠,2
盘着,2
龙是,2
张淇,2
厢房,2
窗棂,2
初研,2
曹晓冬,2
第十三个,2
驻唱来,2
穷日子,2
布布卷,2
本大,2
书人,2
短过,2
旁有,2
山有海,2
碎渣,2
时来运转,2
谈吐诙谐,2
私教,2
高翻,2
旁落,2
满灰,2
返工,2
下钟,2
累是,2
韩淑琦,2
波谲,2
诡,2
中花,2
火如花,2
中花火,2
如花火,2
慕容,2
鼎盛,2
陈佑峰,2
绕梁,2
葛琪,2
掇,2
狼毫,2
银锭,2
荷塘,2
描,2
行书,2
若爱得,2
深会,2
情困,2
分夜,2
胡丹峰,2
麦茵茹,2
工商大学,2
音乐学院,2
晚空,2
总不分,2
米开朗琪罗,2
角斗,2
心长,2
合是,2
中哭,2
肩靠肩,2
转开,2
始发,2
幻念,2
幻景,2
董健剑,2
先鸣,2
胃去,2
健健康康,2
条柯基,2
粉飾,2
气枪,2
小溪流,2
苦不苦,2
取货,2
装不来富,2
勒笔,2
分全,2
好几架,2
川东,2
血是,2
开摩,2
猛犬,2
别墅区,2
才干,2
摸清楚,2
新添,2
梅拉,2
不嫉妒,2
背陀,2
杂皮,2
瓶儿,2
勒家,2
勒花,2
中毛,2
电子科技,2
不动勒块,2
自傻,2
珍貴些,2
土臉,2
灰頭,2
獨光,2
撫慰,2
不覺,2
辦幾個,2
勒種,2
我換,2
起過,2
一輩子活,2
錯片,2
葉不沾身,2
萬花叢,2
中過,2
王齊銘,2
擺布,2
躋,2
流社會,2
左擁右,2
房床,2
頭櫃兒,2
燒起,2
煙勒種,2
服務勒個,2
月還,2
幾千勒條,2
那盞,2
燈兒,2
塞進,2
褲兜兒,2
卖东,2
勒行,2
躲来躲去,2
犬别,2
烟雾迷漫,2
可藏,2
上师,2
福分,2
嗵,2
冲击力,2
该会,2
入帐,2
飘流,2
关二哥,2
狗会,2
胖商人,2
选赛级,2
我想握,2
卡伦,2
越看,2
越帅,2
泊车,2
进废,2
区块,2
征求,2
整队,2
三十三个,2
未毕,2
多发,2
昉,2
芊,2
张卫健,2
哪放,2
造到,2
意味深长,2
开奖,2
波本,2
谈大,2
要制,2
下太多,2
没得烂命,2
疯勒狗,2
做勒丑,2
石板,2
既分,2
碎手,2
下点,2
小白鞋,2
男款,2
男人装,2
搬弄是非,2
由里,2
谈过去,2
果结,2
体院,2
为生,2
践踏在,2
黑白相间,2
全说,2
不敢造次,2
混假,2
录够,2
录累,2
騎士,2
貴族,2
擲,2
二姐,2
红能,2
炭,2
风停了,2
넘,2
툴,2
뗄,2
돼,2
千亩,2
카,2
相互之间,2
车模,2
山为,2
右滑,2
竖个,2
矚目,2
好发,2
虚壳,2
受益匪浅,2
你争我夺,2
夏立个,2
扛下,2
岁末,2
加件,2
大夜,2
未归,2
好找,2
胸有成竹,2
寒旭,2
形体,2
白鼠,2
再垒,2
裹脚布,2
黑脸,2
盗猎,2
胃必治,2
却乏,2
傻不拉几,2
哑着,2
喷想,2
份王,2
吃坏,2
汗流满面,2
有灵,2
酒辣,2
觀眾,2
法真,2
野抄,2
日迫,2
寫個,2
報告,2
點為,2
兩條,2
鏈,2
條,2
人挡,2
四壁,2
列宁,2
遗体,2
蒙德,2
刚来时,2
娓娓道来,2
筋想,2
有下,2
收铁,2
碎开,2
中山,2
有格,2
水纹,2
家家酒,2
黢,2
楚过,2
动粗,2
完放,2
一百回,2
王齐铭儿,2
垃,2
儿骑,2
整完,2
累断,2
一個格,2
擺扎,2
嘔,2
上關,2
自認,2
娃絕,2
當一輩子,2
小賊,2
當寶貝,2
顯,2
發自靈魂,2
笑哈哈,2
夜太深,2
疏导,2
中山路,2
一桩,2
醉个,2
辊,2
野尿,2
凉糕,2
乖噜噜,2
心情舒畅,2
是尬,2
调味瓶,2
半刻,2
毕业生,2
有课,2
爽进,2
就点,2
二本,2
周长,2
幌,2
慧星,2
泼妇,2
艳舞,2
肾腺素,2
醉眼,2
影视制作,2
打坝坝球,2
滨江路,2
干下,2
豆花,2
剃光,2
更贵,2
睁一只眼,2
搜森斯,2
洪金宝,2
纳甘诺,2
礼花弹,2
带活,2
酷仔,2
搞词,2
再乎,2
扬点,2
迷花,2
煞到,2
洗胃,2
鸡太美,2
搭油,2
太想帅,2
张嘉麟,2
倚赖,2
和而不同,2
最爱聊,2
古装,2
批爆,2
复辟,2
纯美,2
尿炕,2
排汗,2
镇乱,2
收拾残局,2
没赏,2
女娲补天,2
七小福,2
萨利亚,2
方钢,2
花岗岩,2
开提,2
宜人,2
识时务,2
却识途,2
倒空,2
依有,2
双翅,2
睚眦必报,2
呼吸之间,2
上善若水,2
社会关系,2
郑景曦,2
撈,2
豁命,2
高强,2
杨康,2
大使馆,2
肥过,2
赌钱,2
白脸,2
揀,2
懶,2
松果体,2
文题,2
freestylept.3,2
头耀武,2
锁子,2
干漏,2
推牌,2
素豪,2
大鹏鸟,2
裤叉,2
去别,2
服么点,2
酒敢,2
王立,2
浅肝,2
赞假,2
轨子,2
要立立,2
涮锅子,2
大排挡,2
啤啤有,2
高腔,2
赔得起,2
再赔,2
帮养,2
扎入,2
骑兵,2
山茶,2
武松打虎,2
税收,2
会水,2
不疼,2
酎,2
挖光,2
不爱聊,2
围坐着,2
能光,2
香梨,2
瓷弹,2
胶皮,2
辉哥,2
挺起来,2
我播,2
白饶,2
夯昆,2
有瓶,2
夯夯,2
输球,2
德彪,2
我爱散,2
和事佬,2
太拉风,2
飞乐,2
憾,2
营盘,2
居高,2
自远定,2
闪如,2
跛脚,2
连车,2
戏个果,2
子往,2
忽律,2
加内特,2
丫挺,2
炒炒,2
乐着,2
热匹,2
晓春,2
多待,2
自演,2
狐狸尾巴,2
起脏,2
土掉,2
洗菜,2
那钱,2
浇头,2
商界,2
上生,2
威虎山,2
于原,2
翟树鸿,2
实录,2
回话,2
私下里,2
王桂红,2
不爱闹,2
单点,2
仙翁,2
海天一色,2
樊怡,2
郭璐,2
名角,2
人怜,2
之流,2
微人言,2
如戏戏,2
知水,2
暂避,2
敷上,2
帮要,2
便池,2
相助,2
要进,2
大快朵颐,2
逆耳忠言,2
谗言,2
摇匀,2
调音,2
清台,2
小暑,2
没有止境,2
借支,2
云落,2
笔旁,2
路能,2
装样子,2
毒奶,2
六步,2
魔兽,2
我花光,2
群演们,2
改放,2
不吵,2
阴错阳差,2
我排,2
星盘,2
比龙长,2
立业,2
一墙,2
中央视觉,2
无名氏,2
恃,2
人才济济,2
事事如意,2
修来,2
另想,2
孤芳待,2
任何事物,2
白鹤,2
轻唱风,2
轻唱,2
古人云,2
润,2
亲友们,2
蓬蒿,2
鹭,2
白雾,2
惊梦,2
发懵共情,2
传播者,2
先小人后,2
相辅相成,2
心慈手软,2
豪夺巧取,2
不考,2
情难,2
追梦中,2
进前,2
灿若繁星,2
亚东,2
挑一是,2
鸿儒,2
称雄,2
力求,2
不败之地,2
九五至尊,2
谋臣,2
尽享,2
鱼水之欢,2
超能,2
骑帅,2
地是,2
燃炸,2
一汪,2
游春,2
大庭广众,2
哄骗,2
自认倒霉,2
见要,2
控好,2
人牙长,2
理太,2
伤及,2
交友不慎,2
遇人不淑,2
下苦功,2
欢歌,2
欺世盗名,2
逢时,2
提剑,2
扬长,2
已深,2
罪恶都市,2
心握,2
耐克鞋,2
包干,2
五道口,2
建得,2
纪念堂,2
电器,2
模,2
肿瘤,2
种怪,2
呼和浩特,2
天物暴,2
殄,2
三秋,2
不同凡响,2
天马,2
今人,2
癡,2
魔鏡,2
沒錯,2
难分,2
候命,2
食链,2
空是,2
一百七十,2
消掉,2
贫与富,2
抢断,2
人犯,2
汪洋大海,2
溃散,2
墨辰,2
清河,2
子幕,2
洪洗象,2
陈子,2
轩辕,2
青锋,2
姜泥,2
倥偬,2
诸君,2
凌雪,2
三木,2
愛与,2
紀元,2
易晨,2
玉玉玉玉,2
米禄,2
星垂,2
平野,2
侠骨,2
千万盏,2
尘寰,2
开宴,2
宸,2
鸳,2
逸尘,2
马猴,2
南起,2
谷雨,2
霖川,2
思维混乱,2
锁太多,2
画中,2
揭下,2
采花,2
昨个,2
没缘,2
求己,2
伸伸,2
摘花,2
倜傥,2
疤用,2
火杀,2
成花,2
成渣,2
为名,2
老伴儿,2
最多会,2
远会,2
即燃,2
用带,2
本嘻哈,2
连云,2
东单,2
给扬,2
更耐,2
好够,2
A座,2
C座,2
预付,2
丫儿,2
音像,2
头头是道,2
吉普赛,2
还求,2
人久,2
坐南朝北,2
红楼梦,2
打虎,2
负阴,2
抱阳,2
臭氧层,2
十座,2
枉然,2
一举两得,2
不同寻常,2
合为一体,2
更怪,2
弄斧班门,2
甘醇,2
歇会儿,2
不捞,2
听矿,2
被打乱,2
墨耍,2
出斗日,2
心不烦,2
启齿,2
读得,2
笔奔,2
出笑心,2
笔顿,2
大滴,2
陈芝豹,2
流云,2
四时,2
回丁,2
鳌,2
振金,2
寒笙,2
灯花,2
柳絮飞,2
路人醉,2
水绣齐,2
针美,2
平金,2
笔言飞,2
寒者,2
阳羡茶,2
玉笛,2
佾,2
地势,2
舞备,2
一人怕,2
萧忆情,2
尽写,2
满纸,2
旷世,2
此书,2
袖里,2
只缘,2
落拓,2
几声,2
朝堂,2
明光,2
万山,2
阑干,2
掌中,2
换酒,2
龙生九子,2
叶谙,2
囚牛,2
睚眦,2
狴犴,2
狻猊,2
赑,2
屃,2
螭,2
纯良,2
纵是,2
历历,2
青衫,2
试手,2
珍珑,2
半局,2
寄意,2
星罗,2
投子,2
杳尔楚,2
楚江,2
泓,2
璧月,2
云低,2
事应,2
最堪,2
弦歌,2
清歌,2
纨,2
愔,2
회,2
막,2
혀,2
콤,2
栀若,2
君清,2
寒休,2
箫笙,2
情种,2
裂天,2
聂怀桑,2
梦破,2
阁主,2
工作组,2
撩动,2
老生常谈,2
转寰,2
详撰,2
上书,2
纯则粹阳,2
两仪,2
遵道,2
恒长,2
故有,2
自生方,2
百丈,2
峰松,2
如浪,2
슨,2
셔,2
文舒苒,2
所想,2
辞归,2
夭,2
基兰,2
苼,2
北执,2
傲栗,2
二哈,2
纾,2
成蹊,2
踏歌,2
一席话,2
观云,2
舒云卷,2
好时节,2
歌一阙,2
千灯,2
点额间,2
描进,2
歌笑,2
鹤樓,2
心肯,2
大泽,2
能记,2
任孤舟,2
刻绘,2
千重,2
触不清,2
扰,2
我贼,2
称重,2
中邪,2
认爱,2
狗蛋,2
尼罗河畔,2
鱼民,2
杰森用,2
无耻之徒,2
风行电掣,2
雾起,2
芬迪,2
高干,2
状语,2
哨声,2
脸梦里,2
挑起来,2
五洲,2
路人蛋,2
灼出,2
浮烟,2
地醉,2
第二步,2
没戒,2
沉降,2
铁用,2
除锈,2
这手,2
蓝布,2
射轻雾,2
喷灯,2
鲲,2
爱鲲鲲,2
护鲲,2
伴鲲,2
玩坏,2
罗罗缸,2
长明灯,2
金吊,2
坠儿,2
胡姬花,2
农家院,2
勉,2
擓,2
天塔,2
手绢,2
病天,2
孙策,2
晴雨,2
民园,2
西里,2
正暖,2
街里,2
舒克说,2
花卷,2
鬊,2
天抖平,2
招儿,2
佛野哥,2
折野哥,2
蛤蟆镜,2
小野,2
路桩,2
帆桨,2
卫龙人,2
必传,2
孤兵,2
赎金,2
输定,2
唐宇涵,2
机就,2
牵梦扰,2
坠物,2
纸质,2
地压,2
低气压,2
托利亚,2
夹竹桃,2
粉晶,2
表兄妹,2
落有,2
那麼給,2
半小時,2
而痛,2
太拿样,2
靠边走,2
牵魂梦绕,2
好力,2
冻掉,2
比得,2
来回来去,2
坐捷,2
万兽之王,2
数之,2
遣返,2
帮辣条,2
活蹦,2
强卫,2
龙帮,2
篮,2
照骨堆,2
土灰,2
由默示,2
蹲下来,2
郝云,2
说哥,2
虽短,2
浇桶,2
要旺,2
新气象,2
数一数二,2
越讨,2
喜越,2
福字,2
聚宝,2
筹建,2
抽检,2
樱木,2
敲山震虎,2
球权,2
先送,2
拔宅,2
弗雷迪,2
似睡,2
没核,2
不耐,2
陕,2
易容,2
金屋藏娇,2
商业资本,2
超棒,2
交相辉映,2
长灯,2
赛前,2
做台,2
单脚跳,2
咂烟,2
闲客,2
敬老恤贫,2
敬贤礼士,2
千人一面,2
各门派,2
卖房,2
异士,2
充饥画饼,2
唾斥,2
惟吾德馨,2
淘沙得金,2
内功,2
灼心,2
终得,2
黑虎,2
美人归,2
蓬莱阁,2
装成个,2
强而,2
竹篮,2
大理州,2
之南,2
自傲,2
十三太保,2
元旦,2
张艺谋,2
路飞,2
心力,2
但细,2
秀新,2
七哥,2
对流层,2
玛拿着,2
飞飞飞,2
椡,2
缘落,2
脑力,2
赛虎,2
编录,2
自制,2
罗在,2
黄旭词,2
滤布,2
千年老二,2
大定,2
雷比,2
钢针,2
上留,2
比户,2
有来生,2
根烟扎脏,2
辫装,2
狂扎,2
赵子玥,2
王立毅,2
焦德宇,2
高振轩,2
络割,2
幽明,2
络基,2
础,2
一两颗,2
干快,2
心不静,2
变不信,2
全满,2
招法,2
路透,2
死灰,2
之勇,2
不怕累,2
红粉,2
施氏,2
多寸,2
炝,2
杨晓慧,2
先苦,2
秦香莲,2
没掉,2
发苦,2
桂发祥,2
李雨嘉,2
周真伊,2
一饱眼福,2
张威,2
恬,2
却展,2
处飞到,2
西北角,2
地多,2
诱陷,2
画报,2
触端,2
浮桥,2
放远,2
涨停,2
贝索斯,2
夜叉,2
肉争,2
五五,2
收就垒,2
蜡笔小新,2
声销语,2
疏待,2
见留,2
废气,2
惩恶扬善,2
沾些,2
下进,2
活去,2
而力,2
度八,2
两千多,2
直前,2
李鹄辛,2
医学界,2
野史,2
放盏,2
凶铃,2
不擦,2
都切,2
唇亡齿寒,2
变满,2
背肌,2
崆军,2
还拉好,2
苍蝇儿,2
天汇,2
铁治,2
懂王,2
ꀃ,2
转朱阁,2
热浅,2
冠希转,2
一环接,2
起大,2
想战,2
火门,2
河粉,2
活整,2
出狠货,2
审上,2
莫得戏,2
非日,2
歌放,2
买下来,2
钻表,2
阿甘正传,2
ꆪ,2
ꑬ,2
ꌋ,2
ꐓ,2
徐妍,2
李颖,2
愚恒,2
红莓,2
第二季,2
写刻,2
崖壁,2
遮眼,2
留恋不舍,2
昧心,2
翻要,2
弄份,2
细窝,2
品点,2
一百九十八,2
撤收,2
菌子,2
足千,2
追龙,2
吹蓬,2
笨人,2
几桶,2
洋盘,2
听哈来,2
闪表闪,2
瑞思,2
太守,2
心绞痛,2
打戏,2
小瓜批,2
撒气,2
野巴郎子,2
轰烂,2
老爷们儿,2
回溯到,2
火线,2
变都,2
第一根,2
季鸟,2
白佳,2
安和桥,2
潘粤明,2
勉为其难,2
班集体,2
变老想,2
摩托罗拉,2
拜把子,2
捎带,2
正蹬,2
纪律,2
必先,2
毫,2
亦可,2
途遇,2
加肥,2
怪雨,2
愿花光,2
后下,2
南昌起义,2
几组,2
界山,2
聊过,2
赣南,2
乌鸡,2
景德镇,2
历朝,2
ə,2
我微,2
镀过,2
换表,2
换房,2
先免,2
歌加,2
克拉斯,2
勾日,2
牛狗,2
牛牛狗,2
稳站,2
加一注,2
一满,2
箭在弦上,2
纽币,2
一万两千,2
出货量,2
蛋包饭,2
ꂸ,2
ꌊ,2
慌冬说,2
不花点,2
办多,2
占多大,2
合在一起,2
这棍,2
七老八十,2
红双喜,2
有车有房,2
唠点,2
撒冷,2
报数,2
奥数,2
包公,2
一放儿,2
一呆,2
ꇑ,2
回哥,2
挺深,2
挺嘻哈,2
特特特特,2
玩昂,2
互望,2
马内换,2
签啥,2
忠和义,2
真服了,2
摊招,2
钻王,2
婶家,2
南来北往,2
萨维奇,2
中炭,2
那雪,2
热嘲,2
冷讽,2
寂耐,2
难何,2
浓浓的,2
老能,2
发一到,2
技校,2
嚎,2
放曲,2
卖货,2
搂席,2
家嗷,2
赶集,2
大猪,2
肘子,2
汤往,2
鼓鼓囊囊,2
鸭肉,2
那龙肉,2
驴肉,2
貂儿,2
腿肚,2
纂筋,2
黑土,2
刺挠,2
巴博斯,2
等额,2
秋子,2
肾虚,2
ꍆ,2
命給,2
留要,2
锁爱锁,2
情锁仇,2
作是,2
庆,2
领没,2
请示,2
领子,2
完让,2
工作者,2
该入,2
金光闪闪,2
刺秦,2
这线,2
河再,2
破关,2
ꉥ,2
千穿,2
听会,2
阿杰,2
基,2
ꇱ,2
ꃏ,2
ꆗ,2
ꉣ,2
ꐰ,2
普格县,2
ꈌ,2
鹅蛋,2
ꑠ,2
舌胎,2
我净,2
一干点,2
五常,2
ꀄ,2
ꊭ,2
ꑶ,2
ꏾ,2
ꏭ,2
ꉜ,2
ꁬ,2
ꎬ,2
ꇈ,2
ꋃ,2
ꆥ,2
ꄎ,2
ꐦ,2
ꊪ,2
ꌧ,2
ꉡ,2
ꐈ,2
ꌳ,2
ꌲ,2
唐太宗,2
没假,2
ꅍ,2
ꇐ,2
冬说,2
残霞,2
罗引江,2
烹羊,2
總會門口,2
機,2
龍虎,2
大田,2
讀,2
絕對,2
老漢,2
你給,2
君不見,2
河之水,2
到海,2
一輩子,2
散盡還,2
喝個,2
越恨,2
勞,2
力士,2
無間,2
筶,2
盤盤,2
子先,2
轉紅包,2
還清,2
賬單,2
陪酒,2
甩頭,2
買酒,2
熱情,2
擺到,2
保時捷,2
寶馬,2
德國,2
捐款,2
夏洛,2
完给,2
马儿快,2
纳吉尔,2
劳文,2
小家伙,2
下新,2
大酒店,2
加紧,2
土砂,2
包浆,2
金熙,2
义愤,2
下泪,2
说保,2
莫风,2
莫浪佑,2
莫灾,2
莫难,2
亡夫,2
难安祝,2
万寿无疆,2
莫笑,2
颯,2
氣質,2
問勒是,2
網紅,2
總有,2
湊,2
吶喊,2
版票,2
再醉,2
火好,2
解下,2
凤雏,2
全局,2
打掉,2
南宇晨,2
够慢,2
那配,2
中止,2
不淡定,2
快为,2
圣剑,2
深意,2
含糊,2
葵因,2
泪海,2
涨红了脸,2
半给,2
小熊猫,2
演够,2
会照,2
一方有难,2
阖家团圆,2
素女,2
说装,2
耸入,2
不言不语,2
不厚,2
兔女郎,2
飯,2
礼拜二,2
使点,2
剖,2
茶园,2
捌,2
勒樣,2
全國,2
最艷,2
快點,2
蛋糕店,2
重特蘭大,2
有種,2
地頭,2
夠,2
降火,2
海上花,2
幾瓶,2
黑要,2
老麻,2
耍得惯,2
发得,2
财靠,2
黄赌毒,2
金卡,2
皮特,2
碰碰车,2
库房,2
西蒙得,2
人意共怜,2
根草,2
惩戒,2
旧联,2
春江花月夜,2
此身,2
秀娟儿,2
我琴箱,2
雨带,2
纷扬,2
警光,2
香叶,2
咬张,2
同校,2
酒分,2
马兰,2
拟麻,2
五七,2
二九,2
深盟,2
密约,2
怨春,2
剪布,2
这烂,2
发顶,2
回校,2
狠角,2
再管,2
跳球,2
伙批,2
离恨,2
刘欢,2
星与星,2
谅解,2
意共怜,2
烂俗,2
逐流,2
同频,2
装惨,2
卡洛斯,2
粪坑,2
打些,2
倔犟,2
八爪,2
易逝,2
挪走,2
装坏,2
托关系,2
先打,2
十佳,2
野请,2
完满,2
封赏,2
碧玉,2
店小二,2
向潇湘,2
暮春,2
大力神,2
盖棺定论,2
这一别,2
磨烂,2
弟伙,2
没养,2
滚刀肉,2
斯派,2
声点,2
比较忙,2
没播,2
儿童节,2
莎莎莎莎莎莎,2
掩着,2
巴郎子,2
思路清楚,2
尝着,2
金发,2
功夫不负有心人,2
地冲,2
不移,2
有光配,2
多样化,2
比去,2
惊现,2
咕哩,2
感恩戴德,2
红红,2
音拉进,2
最准,2
落队,2
玛菲娅,2
bradaChinaNo.1,2
尼木,2
炮筒,2
修姆,2
敖,2
龙泉,2
佩利,2
翻说,2
提他,2
钟哈,2
规制,2
烧根,2
不思进,2
提灯,2
超法,2
千奇,2
看宋,2
加在,2
游玩,2
塞班,2
飘看,2
古代人,2
巡航,2
当财,2
你值,2
跟瓜,2
个学渣,2
乐节,2
我陷,2
四川人,2
找人练,2
想刀,2
坦,2
百幕,2
刻意追求,2
大开,2
人连饭,2
福中,2
縂,2
同學,2
結婚,2
怎樣,2
原來,2
現,2
时用,2
盛产,2
舌花乱,2
范伟,2
轻闲,2
乱乱,2
死翘翘,2
选人,2
养乐多,2
择,2
劳逸结合,2
不响,2
强角,2
挖墙脚,2
七大婆,2
队排,2
勇哈嗖,2
留咯变,2
冲切,2
没挂,2
炒点,2
下顿,2
那人的確,2
愛是,2
不過,2
然後變,2
我想家,2
不近,2
小汤,2
巧立名目,2
又哭又闹,2
不请,2
黑哨,2
眼长,2
扁豆,2
蒜头,2
还响,2
面无血色,2
昏昏暗暗,2
产妇,2
老头子,2
九九年,2
不惜重金,2
有饭,2
越修,2
骂成,2
恐怖分子,2
上不起,2
募捐,2
会象,2
就此结束,2
一赛,2
童話,2
盐水鸭,2
唆帅,2
已来,2
四十年,2
弄饭,2
腰花,2
比较满意,2
新尔,2
哈嗖,2
国足,2
ㄒ,2
电冰箱,2
随它,2
三场,2
来点脏,2
入坑,2
满展,2
袭卷,2
漱口水,2
脱衣舞,2
受宠,2
麻醉药,2
算管,2
骄狂,2
定级,2
神超,2
神不愿,2
神不受,2
度酒,2
纯像,2
正当理由,2
配要,2
自备,2
不保,2
醋坛子,2
板帽,2
放冷箭,2
黑晌,2
歌和面,2
鬻,2
锅馍,2
㧅,2
赛尔,2
烧大奔,2
邩,2
不雅,2
父皇,2
开路先锋,2
认成,2
盐道,2
购物券,2
救助站,2
帅加,2
稳少来,2
小新儿,2
脑花,2
川普,2
恰点秀费,2
恰起,2
要得演,2
全往,2
鸦,2
心电图,2
我想试,2
沙沙,2
无数条,2
博文,2
狂沙,2
出埃及记,2
聋掉,2
浓艳,2
电杆,2
听命于,2
处愿,2
这阳,2
荒井,2
几万年,2
删过,2
끔,2
瓶口,2
整的头,2
天伦之乐,2
很胀,2
梭边,2
客卧,2
数不累,2
身比,2
费瀚林,2
张义欣,2
牟雪,2
更美,2
相与,2
车导,2
风行雷厉,2
航拍,2
圣雨,2
太赶,2
去解,2
空得,2
抱脚,2
流起,2
栽不出,2
能超,2
人力资源,2
招满,2
参谋,2
选拔,2
很乖,2
相克,2
可载,2
飞不回,2
填回,2
亦师亦友,2
妹学,2
放能,2
客机,2
上半年,2
吊吊,2
低人一等,2
收个,2
睡过去,2
啃骨头,2
爱唱,2
洗不散,2
雨势,2
能望,2
轮转,2
盛衰,2
出借,2
由内,2
爱加辣,2
禁飞区,2
高等级,2
除菌灵,2
练家子,2
振臂高呼,2
手曲,2
人未散,2
触地,2
香榭丽舍,2
旁若无人,2
上圆缺,2
我摇着,2
早些时候,2
不玩脏,2
闻香识,2
侠行,2
不战而胜,2
除暴安良,2
不畏艰险,2
乐呵有,2
左邻右舍,2
柴盐,2
油米,2
一番苦心,2
言多语失,2
起门来,2
外住,2
狐疑,2
要查,2
高速移动,2
心花放,2
情比,2
坚金,2
读成,2
早缠,2
拆着,2
说正经,2
回犯,2
骑士队,2
佛利,2
滑翔机,2
伊能静,2
比比皆是,2
追悼会,2
李大奔曲,2
修满,2
王天培,2
不冷想,2
冷满,2
壁咚,2
多帅帅,2
签份,2
熊胆,2
脉路,2
立体声,2
担去,2
愿力,2
纸屑,2
止泻,2
十级,2
补像,2
派兵,2
长至,2
小骗子,2
发招,2
空手道,2
手刀,2
全息,2
只画,2
无能无力,2
稽查,2
君主,2
队内,2
反骨带,2
真太累,2
五座,2
算太废,2
手骨,2
怪金剑,2
不多别,2
脑吃,2
多顶,2
牌运,2
丫细,2
铁哥们,2
扎钱,2
挂电,2
画虎,2
怎不撞,2
烧用,2
悬在空中,2
放血,2
先多学点,2
两立,2
权益,2
不成文,2
不确定性,2
顾家,2
吸食,2
爱行,2
前程似锦,2
承担风险,2
蓬荜生辉,2
废客,2
笑容满面,2
灰狼,2
神经中枢,2
学在,2
腕,2
上百,2
麦尔丹,2
蜂蜜水,2
对要,2
摆摊儿,2
几十公里,2
惊掉,2
贝利凛冬,2
臭娘,2
红点镜,2
如何治,2
队是,2
桥头堡,2
龙得盘,2
梦而战,2
禁军,2
机在,2
浙,2
乱押,2
听山,2
总忙,2
难存,2
能受,2
香兰,2
自持,2
绸带,2
实不相瞒,2
山与海,2
峰峦,2
神性,2
敢留,2
面店,2
玩票,2
呼之欲出,2
光下,2
早翻,2
银蛇,2
映刻,2
音盒,2
并合,2
定义新,2
不香,2
差张,2
曾为,2
下克上,2
白熬,2
丫饭,2
左点,2
试爆,2
画戟,2
礼崩乐坏,2
指东,2
打西,2
打鸣儿,2
足有,2
堪比罗尼,2
拆尼当,2
老家儿,2
呆宁当,2
司令部,2
正美,2
灵巧,2
删一,2
萧峰,2
关前,2
血怕,2
转评,2
非学缺,2
爸学,2
瓜俩,2
北管,2
消不灭,2
班别,2
有福,2
等价交换,2
姑且,2
纳赛尔,2
态势,2
演进,2
返听,2
板筋,2
烂批,2
柜头,2
劝酒,2
打晕路,2
人边,2
家丁,2
杀精,2
发群,2
嘉庆,2
卓别林,2
没钱交,2
牛腱,2
剪果果,2
二十根,2
电死,2
后游,2
旭苏,2
靖哥,2
宽宏大量,2
我和旭来,2
哥狗哥,2
野快,2
试驾,2
喝旭哥,2
太次,2
钙质,2
骨缺,2
满笑,2
诏,2
制裁者,2
碎沫,2
黄旭唱,2
袁博,2
张智美,2
想触,2
冰多,2
半道,2
名垂青史,2
靠右,2
良木缘,2
联机,2
闯下大祸,2
兵败,2
借住,2
巴吉度,2
影视文化,2
绝大部分,2
武神,2
揭竿而起,2
总离,2
往门,2
气数已尽,2
头晕眼花,2
环爱奇,2
艺少,2
苏是,2
华晨,2
宇给,2
合伙,2
摩擦力,2
酒别,2
不堪入目,2
涿鹿,2
大扫荡,2
太闲,2
苏苏,2
怡,2
文工团,2
周游世界,2
专横,2
梁古驰,2
势必会,2
托斯,2
国父,2
泰顺,2
煮饭,2
总长,2
泰顺县,2
文旅,2
威风凛凛,2
已玛,2
点商宴,2
贞洁,2
血口喷人,2
四十岁,2
嬉闹,2
想选,2
养蚕,2
差强人意,2
罗绮,2
这旗合,2
搞出,2
太香想,2
腾让,2
摆神,2
德高,2
那排,2
起三再,2
来层,2
斩除,2
屠煞,2
猪哈给,2
除法,2
督察,2
正协,2
认爷,2
轻烧,2
管台,2
比错,2
扯理,2
但谢,2
事莫得,2
撤上,2
结义为,2
赏口,2
坐板凳,2
遍身,2
全黑,2
宰割,2
横渡,2
端平,2
纨绔子弟,2
花风,2
入秋,2
连名带姓,2
怜惜,2
想动,2
事成,2
陌路,2
两字,2
洗不去,2
我尝过,2
魂儿,2
一碗水,2
情说,2
老挝,2
炒肝,2
大碗茶,2
八通,2
影城,2
呜当,2
大哭,2
客舱,2
詹皇,2
连年,2
圆梦,2
单翅鸟,2
王舒,2
孤家寡人,2
黄汤,2
黑变,2
金杯,2
网游,2
成帮,2
钟哥,2
停稳,2
钱别,2
梯田,2
盎然,2
汤药,2
小有名气,2
带娃,2
坐轮椅,2
封号,2
妓女,2
关住,2
瓷别,2
北冰洋,2
放盐,2
西四环,2
顺意,2
痛有,2
捭,2
一往情深,2
进不去,2
脱过,2
性生活,2
毒到,2
破酒,2
烟说,2
浓墨重彩,2
责难,2
惨不忍睹,2
琳琳,2
治标不治本,2
迎人,2
一捋,2
喃喃自语,2
暗涌,2
失色,2
作别,2
如歌,2
探望,2
警校,2
紧俏,2
学员,2
森严,2
年勒,2
读求,2
猫场,2
有歹,2
二货,2
之些,2
哪歹,2
柿子,2
办点,2
成海,2
求解,2
张小邪,2
白狼,2
53%,2
征收,2
人伤,2
文雅,2
浪够,2
子格,2
失心,2
深信不疑,2
成河,2
月光宝盒,2
北京站,2
越爱越,2
象个,2
内张,2
负心汉,2
洗过澡,2
肩撑,2
一吵,2
裁掉,2
精走,2
侠麦词,2
侠喊,2
麦词,2
花鸟,2
苏二零,2
不卷,2
点不点,2
踏着步,2
凉当,2
没多远,2
很乱,2
无求,2
剿个,2
妞子,2
放块,2
潇洒不羁,2
专爱卖,2
行先,2
无钱,2
重挂生,2
少省,2
全个,2
能省,2
面顶,2
丢面子,2
毕业考,2
田家炳,2
说害,2
搭话,2
炕桌,2
眉来眼去,2
蜜雪,2
百威,2
电驴,2
二斤,2
问富,2
称尊,2
难夺,2
独断,2
独木难支,2
却化,2
九是,2
生奔周,2
难弄,2
地生,2
效念,2
自小,2
依搭依,2
福寿双全,2
放工,2
稳不稳阵,2
果滴,2
老坑,2
两哈儿,2
门墩,2
有权有势,2
谂,2
我辞,2
善则昌,2
恶则,2
善不昌则,2
囹给,2
赫柏森斯,2
真老,2
长衫,2
解手,2
账要,2
两间,2
急事,2
八卦图,2
爸带,2
脖横横,2
目穹,2
贡称,2
对配,2
那商,2
算清楚,2
开船,2
一等功,2
梅林,2
这代人,2
身首异处,2
邻村,2
红袖,2
划清界线,2
卫兵,2
北京体育大学,2
伤碎,2
常忙,2
花成,2
胃液,2
第十,2
细化,2
如胶似漆,2
家庭幸福,2
进纸,2
整部,2
车速,2
咳血,2
终是,2
转业,2
受困,2
趁乱,2
长不出,2
低诉,2
横穿,2
电话费,2
直观,2
一酸,2
变富,2
毛骨悚然,2
打越,2
独飞,2
篓,2
不爱动,2
儿刷,2
豆汁,2
岔人,2
危房,2
求婚,2
欠缺,2
承受力,2
更厚,2
加太,2
银戴金,2
暗表,2
好烂,2
便签,2
催泪,2
四辆,2
调到,2
老的辣,2
不停顿,2
伤神,2
油盐酱醋,2
实用,2
女主人,2
会卖,2
元凶,2
跟果,2
盖楼,2
他尬,2
磨磨,2
贫血,2
火山爆发,2
我满,2
寒王,2
范德彪,2
大绿,2
猴哥,2
甩手,2
掌柜,2
这别,2
里克,2
来斤,2
重写,2
思达,2
我情,2
进小,2
争前恐后,2
斗兽,2
使诈,2
古罗马,2
会多,2
心怀叵测,2
生杀大权,2
利和弊,2
大张口,2
敬请期待,2
别硬,2
素养,2
偏北,2
尿湿,2
心悦诚服,2
脱不开,2
恻隐,2
何以堪,2
一前一后,2
背包带,2
令人作呕,2
凡心,2
梵音,2
迈不开,2
人心叵测,2
求着,2
认认,2
我唱出,2
以爱之名,2
为耻,2
五线,2
很傲,2
踏入社会,2
中醒,2
过过,2
零零落落,2
说好听,2
候补,2
甩手掌柜,2
派来,2
斑爷,2
溃,2
报菜名,2
恨死,2
低春,2
乐手,2
意外险,2
我落,2
咯哈单,2
登起,2
乌木,2
巨难,2
不多理,2
南齐,2
不得闲,2
那勒个,2
猜才,2
缪,2
常川,2
一千多个,2
青音,2
上推,2
网址,2
水土,2
发是,2
亏神,2
脚挝,2
渡鸦,2
再闭,2
洒过,2
整嘛哥,2
得话,2
面筋,2
合不上,2
磨不灭,2
个线,2
徐歌阳,2
股掌,2
猪柳蛋,2
汇进,2
黑吉,2
变酷,2
老粉,2
受控,2
民愤,2
挨够,2
烦透了,2
别向,2
李老棍,2
五万块,2
坚韧不拔,2
连根拔,2
声名大噪,2
千人场,2
饱个,2
曾骗,2
缺乏自信,2
选准,2
景仰,2
这杆,2
两万元,2
王是,2
泡澡,2
摆不脱,2
粉饰太平,2
英语老师,2
过期不候,2
一瓦,2
人体器官,2
助吾,2
云见,2
加身,2
泥里,2
百衲衣,2
服免,2
贵单,2
当川外,2
五轮,2
穿进,2
再错,2
开州,2
继承人,2
伙站,2
拉盖,2
逊,2
先咽,2
火人,2
梦送,2
麦三,2
麦到,2
活到老,2
长寿面,2
当烟,2
原始森林,2
沙导,2
洪钟,2
狂装,2
完夏虫,2
瓜假,2
北京市,2
考了,2
诈骗犯,2
借光,2
要记,2
装入,2
沙握,2
花溪,2
方哥,2
万万岁,2
做得好,2
说方,2
事人,2
春雷,2
全情,2
项目经理,2
两万多个,2
六亲不认,2
提写,2
十二岁,2
抽华子,2
养人,2
黄蓉,2
李宇春,2
催收,2
服务费,2
人团,2
痛得,2
设别,2
不给力,2
梦作舟,2
吹入,2
苍翠,2
相悖,2
早带,2
事办,2
蠢动,2
帝位,2
而消,2
燃烬,2
第三年,2
曾似,2
邓纸,2
蓝光,2
易燃,2
深点,2
耳鬓厮磨,2
喷吐,2
凸起,2
纾解,2
同距,2
任命,2
心热,2
阻拦着,2
收藏家,2
调味品,2
乖宝宝,2
五马,2
梦呓,2
耳返,2
寿星,2
尾山,2
外置,2
准狠,2
金雕,2
出口成章,2
阴暗处,2
避孕,2
斯凯,2
递来,2
捧杯,2
阅后,2
再换个,2
溺死,2
眼用,2
眼牛,2
横酸,2
润滑剂,2
任何借口,2
眸,2
那不多,2
落山风,2
年年月月,2
右肩,2
江正莲,2
冯大香,2
林时崎,2
吴佳烨,2
冯荠慧,2
呆久,2
白日青天,2
张牙舞,2
狗急跳墙,2
柯杜,2
华裔,2
槃,2
宫鹏,2
森霖,2
高仰辰,2
洗碗机,2
银牌,2
天空海阔,2
疏离,2
几帧,2
远光,2
这伤,2
老点,2
透不死,2
华灯,2
屈伏塔词,2
亏装,2
这番,2
可内,2
杀伤,2
超曲,2
超林宝,2
带住,2
飘住,2
留比,2
革命烈士,2
行到,2
三是,2
二二到,2
成一滩,2
兵家必争,2
ㄉ,2
ㄨ,2
ㄞ,2
站着不动,2
多一环,2
比六环少,2
两环,2
十局,2
上半,2
猫来,2
冷猫,2
中信,2
剧中,2
消毒水,2
离职,2
仁波切,2
第六天,2
优唱得,2
年费,2
千倍,2
杨国福,2
蔬,2
北循,2
规奈,2
北冲,2
冠万兽,2
别入,2
最尾,2
依说,2
幽云,2
卢沟桥,2
孫實力,2
最強,2
計劃,2
周詳,2
開發,2
繁榮,2
領十幾憶,2
王君婵,2
重庆电视台,2
歌红岩,2
东扯,2
西扯,2
绕弯,2
河桥,2
共产,2
虽穷,2
娃有,2
强渡,2
坚持原则,2
权没得加,2
心护,2
尘中千叹,2
观天云渐,2
恰过,2
恰得国,2
冒得气,2
进汤,2
萧劲光,2
炎黃子,2
表揚,2
最長,2
歷史,2
武陵,2
港太多,2
封城,2
靠党,2
密旨,2
冒名,2
갑,2
코,2
포,2
꽉,2
준,2
령,2
춥,2
줬,2
退縮,2
失業,2
失晒,2
咬實,2
牙根,2
幾時,2
十宗,2
九單,2
源頭,2
暫時,2
限罪令,2
確診,2
歸,2
布朗,2
有什,2
人人为我,2
辞典,2
小航子,2
不爱带,2
克夺雨,2
喃样,2
过令,2
争强斗狠,2
养花,2
养草,2
某能,2
有悟悟,2
人尼事,2
哈式,2
人金,2
有尼,2
我为人人,2
听尼话,2
我尼,2
我尼根,2
评来,2
评克,2
哎首,2
真尼,2
会兴,2
尼理,2
辨别真假,2
从金,2
传通,2
公常路,2
巡着,2
对少,2
我撒下,2
一上午,2
玩通,2
辫假,2
锈别,2
常挂,2
水仙,2
友谊赛,2
踩坏了,2
馊臭,2
播放机,2
开罐器,2
胆固醇,2
发木,2
娱乐节目,2
浑过,2
做贼,2
脱要,2
淌汗,2
诬赖,2
脏姐,2
利于,2
屁给,2
讲卓卓,2
恶人先告状,2
臭得,2
背不住,2
空气流通,2
觉快,2
地堡,2
丢根,2
想得起来,2
花言,2
初醒,2
一幻,2
变热,2
越冷越,2
咖放些,2
卢广仲,2
盡情,2
易懂,2
簡訊,2
實現,2
乡民,2
游伴,2
动辄得咎,2
宋豪,2
液态,2
塑,2
棒球场,2
炒鱿鱼,2
本垒,2
老夫子,2
齐秦,2
天和人,2
天晓得,2
错边,2
招黑,2
ㄘ,2
爱快,2
巧语,2
最闪,2
乌烟,2
只去,2
继胆续,2
山连,2
邕江,2
掌风,2
通开,2
武会友,2
擒贼先擒王,2
水平面,2
唇语,2
许进,2
乖有,2
祝鑫,2
颇为,2
乐透,2
雅韵,2
龚芷希,2
概论,2
压轴戏,2
得放,2
搭活,2
绿鬼,2
星放,2
词写,2
老电影,2
义无返顾,2
高攀不起,2
吐过,2
恰哈茶,2
毛噶大,2
陈独秀,2
分房,2
生不出,2
返点,2
事业单位,2
梦当,2
杂交,2
既得利益者,2
错判,2
悠到,2
花边新闻,2
转悠,2
添堵,2
不解之谜,2
洞穿,2
子曲,2
长气,2
胶,2
涮羊肉,2
砖墙,2
本田,2
积怨,2
小嘴儿,2
你追我赶,2
再晃,2
装走,2
完全相同,2
秧子,2
串子,2
撒欢儿,2
摔跟头,2
儿见,2
露馅儿,2
齐为,2
教导员,2
顽态,2
地尚,2
临门一脚,2
桌味,2
会会,2
没退,2
零蛋,2
金枪不倒,2
涨工资,2
工赚,2
基点,2
秀到,2
面它,2
大又圆,2
配队,2
脑浊,2
闲篇,2
北极熊,2
他些,2
泼上,2
不干不净,2
写来写去,2
瓢儿,2
腰果,2
张琦,2
同享,2
大仙,2
儿岁,2
包进,2
集里,2
你合,2
不分彼此,2
照本宣科,2
吴小明,2
李曦,2
杨爽,2
刘昭晖,2
张玥,2
候宇红,2
阎红,2
唐昕,2
刘影,2
姜美帆,2
何辉,2
振华,2
李晶,2
王宇沛,2
张平,2
王瑶,2
林佩薇,2
宥,2
曾莎莎,2
杨君颖,2
文思,2
收网,2
孙可,2
宝清,2
错音,2
整间,2
互相交换,2
乐加,2
说进,2
唐装,2
现景,2
纹满,2
倒胃口,2
系不上,2
变要,2
附庸,2
飞向天,2
唱起歌,2
故外,2
四眼,2
跳窗,2
挥砍,2
不脆,2
选叫,2
捶胸,2
阅事,2
孤立无助,2
行径,2
声场,2
住宅区,2
偷换概念,2
铜管乐,2
周可,2
何磊,2
吴怡哲,2
长句,2
回想到,2
马克思主义,2
海娃,2
李雪峰,2
矢志不渝,2
战先,2
高比,2
红船,2
舫,2
共产党,2
朦朦,2
工农,2
王二小,2
狼牙山,2
五壮士,2
董存瑞,2
张嘎有,2
事开,2
再静,2
宁同,2
红老个,2
年个,2
来涩,2
卤水,2
一浇让,2
雨花台,2
粉丝汤,2
汤包,2
遥看,2
湖为,2
墨山,2
徐向前,2
师范,2
彭真,2
开国元勋,2
新文化运动,2
英美法,2
瞿秋白,2
张文宏,2
贺电,2
浙南,2
探一探,2
来太多,2
二零二零,2
四明山,2
抗日战争,2
越好,2
充满信心,2
二零二一,2
事头,2
辛亥革命,2
党中央,2
十三年,2
功不可没,2
青藏铁路,2
援藏,2
飞蹬,2
党的领导,2
吕梁,2
文水,2
侯马市,2
窑洞,2
笔提,2
首战,2
平型关,2
金融机构,2
新芽,2
换代,2
以旧换新,2
热衷,2
南岗,2
九龙城,2
黑莓,2
某间,2
找马云,2
地靠,2
兰博要,2
被宠,2
筹,2
多彩的,2
大胜,2
样本,2
人累,2
梧叶,2
芭蕉,2
凉薄,2
不强,2
十元,2
开不起,2
医学,2
难怪会,2
怪气,2
能长,2
碑上,2
四十多年,2
贡献力量,2
四季如春,2
黄崖洞,2
光荣革命,2
井冈山,2
彭德怀,2
这早,2
九国,2
大沽,2
平津战役,2
百色,2
路霸,2
坦衣,2
束发,2
听党,2
巴旦,2
大疆,2
相抱,2
省市,2
休息时间,2
波一波,2
表兄弟,2
黑话,2
矿力,2
改活,2
最肥,2
我词,2
盗取,2
十公里,2
香港电影,2
苦过来,2
麦真,2
一藏,2
已谢,2
广去,2
酒花,2
升火,2
强买强卖,2
只入,2
艾滋,2
性传播,2
得之不易,2
绿酒,2
桌布,2
隔日,2
阳光男孩,2
钟笑,2
首数,2
刘韩,2
肉泥,2
歌喉,2
指导员,2
唯物主义者,2
群众演员,2
泥饭,2
微博中,2
输惨,2
耳塞,2
三夹板,2
搞来,2
凉亭,2
短时间,2
别过,2
胡芷琪,2
地磨,2
2.5,2
1.5,2
归结为,2
蝴蝶梦,2
遭躁,2
锯断,2
再大点,2
失事,2
曲别针,2
割烂,2
成烟,2
喜羊羊,2
许了,2
心装,2
东里路,2
再说下去,2
归成,2
爱先,2
总过,2
关不紧,2
钢镚儿,2
帐户,2
那雨,2
太聋,2
事干,2
钱泽安,2
瞌睡虫,2
费给,2
埋首,2
下写,2
投给,2
蓝盖,2
饭袋,2
赶海,2
海蛎,2
仔鸡,2
尼古拉斯,2
凯奇,2
八练,2
蛋白,2
酒会,2
英文课,2
旅游费,2
欧洲人,2
一复,2
得花,2
钢架,2
折纸,2
第六代,2
防身,2
整年,2
哭丧,2
血留,2
摩尔,2
未料,2
成千上百,2
骄横,2
直梯,2
来玩来,2
超短,2
海宁,2
天诛地灭,2
西方人,2
鱼鹰,2
武夫,2
每至,2
寒灯,2
怀人倍切,2
三月初,2
三夜,2
近载,2
彼日知,2
半百,2
较乎,2
残冬,2
人愈,2
高年,2
思人睹,2
干女儿,2
遗骨,2
蹑足,2
事便,2
春梦无痕,2
十月初,2
二夜,2
连声,2
莲叶,2
火多,2
香妃,2
辛勤劳动,2
动个,2
那长发,2
好演,2
重爱,2
新思路,2
赵括,2
让你玩,2
里盖栋,2
食肉动物,2
结盟,2
城东,2
能闻,2
少真,2
共用,2
副耳机,2
没交过,2
无杂质,2
自找没趣,2
大半辈子,2
冲断,2
喧是,2
怅惘,2
压落,2
眉落间,2
已落,2
烟影,2
中写,2
中酿,2
酒落,2
冻醒,2
枝来,2
腕子,2
傻货,2
磕过,2
翘课,2
龙气,2
虽生,2
瓷雾,2
但盖,2
德胜北,2
老搭档,2
层次分明,2
一周年,2
家生,2
醉翁之意不在酒,2
卖好,2
甜辣,2
城寨,2
胡同口,2
放诞,2
毒手,2
调弦,2
法音护众,2
拜持,2
国尊,2
监禁,2
人生价值,2
歪瓜裂,2
丫别,2
问君,2
叽喳,2
燕雀安知,2
青石,2
砚池,2
诗且,2
转再,2
十几天,2
仰卧起坐,2
别沉,2
怦然,2
当站,2
担不担,2
文弱,2
割让,2
冲磨,2
遮上,2
搁放,2
更变,2
正义凛然,2
奉行,2
高枫,2
唇齿,2
映得夜,2
互利,2
第七日,2
争宠,2
急匆匆,2
弄断,2
下到,2
这装,2
第二段,2
无名鼠辈,2
独流,2
看风水,2
百子,2
我春要,2
几万个,2
归雁,2
怎能度,2
倒悬,2
有湾,2
有船,2
有帆,2
支烟,2
走挥,2
哪一方面,2
生痛,2
不太周,2
爱爱遇,2
密室,2
赢光,2
我次,2
功放,2
美梁,2
分泌物,2
会毁,2
难不成,2
多疼,2
拨给,2
虞姬,2
脚拙,2
剩灰,2
本不爱,2
辛勤工作,2
衿,2
卷度,2
真大拿起,2
画壁,2
拿克,2
马宝国,2
某见,2
猜不着,2
组克,2
哥全,2
要录,2
无方,2
自然选择,2
甘于,2
时间机器,2
船载,2
向西山,2
半瓶醋,2
一氣,2
村货,2
表再亮,2
歼灭,2
抬好,2
全国冠军,2
抖过,2
罪加一等,2
保留住,2
喷拿着,2
揩油,2
奶油小生,2
脸往,2
黑熊,2
草庐,2
万给,2
读上,2
打瞎,2
不講,2
武德,2
講義氣,2
幹,2
餘力,2
掰头,2
战备,2
贵人相助,2
足彩,2
胃病,2
这太多,2
傻歌,2
再克,2
九星,2
连珠,2
研读,2
扳次,2
起住,2
地质,2
历史进程,2
中举,2
范进,2
光驱,2
站立起来,2
物装,2
迷晕眼,2
越演,2
精玩,2
谋带,2
装大,2
看時代,2
照顧,2
編寫,2
雲南,2
裡從,2
表裡,2
畢卡索,2
夢用,2
寫下,2
颠进,2
空房子,2
声丁肆,2
别想用,2
插叙,2
作个样,2
架个,2
梦风,2
37.2,2
Diss37.2,2
SouthSide37.2,2
Life37.2,2
堆太高,2
精神力,2
坏见,2
只麦,2
过得苦,2
来处,2
给予帮助,2
淬煉,2
一池春水,2
万颗,2
攪動,2
国际都市,2
黑匣子,2
觍,2
海林,2
根开个,2
人茹,2
结婚的人,2
五六岁,2
但蜜,2
我谟,2
向来都是,2
指来,2
空耳,2
嫩黄瓜,2
保持身材,2
大谟西,2
看抖,2
茹,2
笑面,2
人布欧,2
驱动力,2
高雄港,2
变个现,2
死过,2
活带,2
先進,2
許是,2
濕,2
連成,2
寤寐,2
两截,2
开团,2
夜辉,2
钱袋子,2
再溃,2
流窝,2
克玩,2
港克,2
顶些,2
流区,2
韵哈味,2
手身,2
深棕,2
发呕,2
西裔,2
餓,2
耍家,2
没妙,2
无例外,2
苏三碎心,2
干换,2
TurnontheradioTurnontheradioTurnontheradioTurnontheradioTurnontheradioFM97.4,2
齐麟,2
梅卿源,2
泽华,2
FM102.6,2
博亚,2
岷江,2
袁搏,2
放错,2
名别,2
惩治,2
狼子野心,2
黄白,2
夕子,2
淅淅沥沥,2
慢慢吞吞,2
毛线帽,2
仰泳,2
简便,2
食人魔,2
存活率,2
过誉,2
局上,2
十种,2
月入,2
郁郁寡欢,2
心海,2
静坐,2
留好益,2
纤维,2
神像,2
懒别,2
新带,2
印刷厂,2
天去,2
沉陷,2
讲多,2
鼻钉,2
抓准,2
MIXFM103.5,2
灿荣,2
罗一,2
真爱吐槽,2
下带,2
版圖,2
藍圖,2
親手,2
畫下,2
一筆,2
行頭,2
靈感來,2
自街頭,2
貼近,2
五門,2
雅各,2
繞,2
每條,2
搖下車,2
窗邊,2
說邊,2
興趣,2
爸媽,2
鄰居爭,2
相走告,2
達到,2
補充,2
詞句彈,2
門票,2
麥,2
閃耀著,2
监视器,2
缩小差距,2
FM92.7,2
庸医,2
楚天,2
交通广播,2
湖北省,2
张慧,2
FM90.7,2
嘉乐,2
干能,2
金箍,2
人算得,2
走告,2
加湿,2
肥男帮,2
男人帮,2
自学,2
中丝滑,2
会拉着,2
郑瓷,2
常录,2
常发,2
黑棒,2
传着,2
家训,2
还累,2
打哭,2
丹顶,2
专栏,2
大呼小叫,2
开溜,2
花着,2
亿万富翁,2
手店,2
唐恬,2
偷换,2
种罪,2
抽醒,2
墨尔本,2
吐司,2
面包机,2
雪飘不进,2
趁雪,2
这专,2
阿那,2
多首,2
圆桌,2
回爱奇艺,2
第二种,2
路用,2
我新开,2
袖珍,2
行写,2
上放,2
宽裕,2
虹桥,2
医药箱,2
装根,2
累说,2
配看,2
没哭,2
剧情片,2
菲律宾,2
达蜜,2
1000%,2
屠边,2
眼望,2
剑锋,2
折不断,2
汗湿,2
侵,2
宫崎骏,2
阴想,2
蒙不对,2
天暗,2
近靠,2
看一地,2
王海涛,2
汪岸,2
李飞,2
张坛,2
欧记,2
启始,2
估算,2
拍卖行,2
数学家,2
减磅,2
铸铁,2
杨一,2
白耀坤,2
吴侬,2
软语,2
撤走,2
散利,2
倾略性,2
请举手,2
珍姐,2
普里,2
钻冰求火,2
根刺,2
山度士,2
照成,2
财经,2
黑刀,2
那块料,2
加副铐,2
炉灶,2
棒槌,2
小鹤,2
五尺,2
单人床,2
周涛,2
潜到,2
挎着,2
定会,2
地必,2
有声,2
当宝,2
不分青红,2
连赢,2
敦煌,2
都兰,2
坑过,2
毛蛋,2
狼吞虎咽,2
迪卡,2
大看,2
但球,2
绿茵场,2
跌重,2
再编,2
黑崎一护,2
人物传记,2
同舟共济,2
哈佛大学,2
影碟,2
双引号,2
提词,2
人猿泰山,2
钟焕楷,2
赫本,2
音悦,2
号脉,2
削掉,2
配匡威,2
哨响,2
地往,2
烂肉,2
佳得乐,2
千万遍,2
橘红,2
上纹个,2
弹回来,2
恒大,2
申花,2
定位球,2
兰亭,2
皓月当空,2
行上,2
拙,2
我须,2
贪玉,2
名留,2
顾雄,2
三山五岳,2
神韵,2
丝路,2
名士,2
临风,2
娥,2
如月,2
张旭,2
狂草,2
没得戏,2
孔新,2
祥瑞,2
入药,2
举高软,2
正月十五,2
拜白龙,2
挡百虫,2
红绳,2
高挡,2
蠢人,2
外溢,2
可化,2
涌来,2
非分之想,2
密术,2
抒,2
藏山冠,2
侠客行,2
丧失理智,2
云头,2
蔡琴妈,2
惯出,2
一百零八个,2
如许,2
硬学,2
比一山,2
盖爷,2
淘尽,2
剩一襟,2
晚照,2
谦虚谨慎,2
冲冠,2
祸笑,2
必自,2
墨皆凉,2
心映,2
图阅,2
山石,2
过苗疆,2
军帐,2
天众,2
山望,2
景阅,2
成狂,2
花前,2
真费瀚林,2
轻叹,2
不逝,2
揭竿,2
大块,2
炸鱼,2
阳气,2
龙牌,2
根烟勒个,2
酌情,2
心不诚,2
要降,2
罪罚,2
跪个,2
五十天,2
青铜镜,2
神话故事,2
贪嗔,2
痴怨,2
易显,2
胖词,2
丑读,2
变秃,2
爱少,2
强天,2
盗寇,2
人格特质,2
梦卷,2
笑裂,2
毛孩,2
大蒙,2
礼智,2
举义,2
虞兮虞,2
绿林,2
矿工,2
爽够,2
赶不走,2
裴若岐,2
纳,2
进梦里,2
走水,2
百炼成钢,2
沉香,2
守得,2
飞字门,2
冷浪,2
打船,2
准够,2
划完,2
狠够,2
汉化,2
用命,2
自寻,2
栽进,2
找虐,2
孔乙己,2
入席,2
无风,2
随你挑,2
紫棋,2
势在必得,2
漂流记,2
硕果,2
寒舍,2
无闻,2
测量,2
集市,2
广进,2
眉眼高低,2
矛与盾,2
信马由缰,2
中枢系统,2
拐角处,2
相儿,2
一问,2
闪人,2
数不完,2
无人驾驶,2
恒温,2
牡蛎,2
三百块,2
暂时性,2
燎解,2
穷凶极恶,2
俯在,2
口哨儿,2
海当,2
东临,2
碣石,2
星汉,2
百兵,2
抽完,2
大天,2
活化石,2
下石,2
胡逼,2
夜醉,2
瞎琢磨,2
概述,2
命换,2
闸门,2
棺材板,2
红黄绿,2
一环扣一环,2
声势浩大,2
人性本恶,2
本善,2
空言,2
不骗,2
儿新,2
节车厢,2
问诊,2
每层,2
多言,2
嫌人,2
进好,2
先摘,2
缺心眼儿,2
点八,2
狂风骤雨,2
央求,2
娇小,2
爱于,2
招收,2
尽量少,2
疲态,2
祭天,2
打盹儿,2
外留,2
八字眉,2
手挥挥,2
外楼,2
金装换,2
金丝猴,2
魁星阁,2
叩首,2
亡魂,2
编唱,2
可贼,2
稳打,2
票真,2
炮儿,2
拳后,2
多大鸟,2
崔珏,2
贪官,2
讨还,2
太多刑,2
鬼差,2
十层,2
兵差,2
血债,2
地藏,2
那厮,2
摆台,2
我挥,2
挨上,2
雄,2
千万条,2
鳌头,2
千法,2
尸群,2
法台,2
灯台,2
破碗,2
敏捷,2
咣炸,2
座观,2
清浊,2
冤狱,2
多沉,2
枉死,2
金蝉,2
扬善,2
苦寒,2
一遭,2
度外,2
喝退,2
可谓,2
堂来,2
冤屈,2
此女,2
马汉,2
一品,2
官位,2
大伞,2
几克,2
别聊,2
墓穴,2
形于,2
何用,2
瞳,2
欠钱,2
精疲力竭,2
鉴赏力,2
整套,2
其踪,2
劲舞,2
鸣叫,2
访谈,2
整些,2
踩点,2
眼么前,2
内样,2
三菱,2
由长,2
灰雾,2
推不倒,2
下体,2
参差不齐,2
问个,2
花镜,2
林海,2
衢州,2
总聊,2
神学,2
真不少,2
几千几万,2
之快,2
疼别,2
骆驼比,2
对事,2
书童,2
树里,2
住别,2
宾,2
火眼,2
少先队,2
袁世凯,2
劳改犯,2
冯敬尧,2
技压群雄,2
拿四城,2
鱼庄,2
愿别,2
对歌,2
选拨,2
很水,2
玩别,2
高高地,2
可可西里,2
占领市场,2
快收,2
太绝,2
夏呈青,2
不爱会,2
冯,2
丧志,2
东瀛,2
一毛不拔,2
锥子,2
常上,2
拔儿,2
差一点儿,2
多一点儿,2
分级,2
摸着石头过河,2
苑,2
共和,2
提不起来,2
罗列,2
克拉特,2
书典间,2
犯蒙,2
鬼斧神工,2
本真,2
蚊虫,2
眼观六路,2
拉升,2
光带,2
鬼魂,2
海淀区,2
松下,2
平移,2
小得,2
麦后,2
噪声污染,2
旅居,2
菇,2
黑金,2
儿分,2
疮,2
就标,2
傻宝,2
第三世界,2
张破,2
眯成,2
身位,2
勾着,2
睡城,2
靠窗,2
发财致富,2
自习室,2
进京,2
检查站,2
翻修,2
褪下,2
殒命,2
蔫儿,2
兹,2
果肉,2
寄走,2
甘之如饴,2
打骂,2
特窄,2
特大,2
关帝庙,2
过五关,2
大瓷,2
闷口,2
憋口,2
我清,2
寒铁,2
一厅,2
北关,2
鱼肠剑,2
破甲,2
追箭,2
军阵,2
中取,2
北从,2
十八里,2
未央路,2
新盖,2
原飙,2
二马路,2
徐家,2
市图书馆,2
张家堡,2
磨一剑,2
凤城,2
白杨,2
汉城,2
贡在,2
手仞,2
只和士,2
敢亮,2
低昂,2
找歌,2
咏志,2
莫试,2
挥剑成河,2
无剑,2
搭调,2
丢开,2
杀遍,2
般散,2
说家,2
鱼苗,2
阿比,2
手换,2
小雨点,2
粉巷,2
回民,2
温差,2
六号楼,2
澈,2
有布,2
一物,2
一户,2
我租,2
龙哥,2
那站,2
想降,2
我速,2
天灭,2
灭天,2
遍丸,2
椎间盘,2
贩打,2
人录,2
天狼星,2
旧尘,2
新叶,2
练兵,2
空儿,2
之计,2
小树苗,2
玩儿不转,2
半自动,2
左青龙,2
右白虎,2
西直门外,2
小打小闹,2
抬头不见低头见,2
照眼,2
多话,2
满灰尘,2
射影,2
清像,2
栽掉,2
我亡,2
弄点,2
每时,2
瓷儿,2
收盘,2
只想来,2
现原形,2
嵇康,2
子时,2
毛毯,2
考大学,2
麦站,2
十万火急,2
莫哈,2
吸水,2
较真儿,2
天外来客,2
声儿,2
学无止境,2
半年前,2
眼前一亮,2
Iwillalwaysbethereforyou.4,2
如能,2
归根到底,2
一妈生,2
帮假,2
幸灾乐祸,2
有多燥,2
中关,2
止步不前,2
发颗,2
含不化,2
招都,2
舍利子,2
行识,2
诸法,2
不增,2
无明,2
无得,2
枪炮声,2
穷街,2
有棱有角,2
担得,2
花心思,2
多飞,2
强攻,2
咋接,2
这俩,2
野真,2
绕回,2
岳哥,2
半季,2
论资辈,2
恩准,2
叫嗣尧,2
中奔,2
浪多大,2
至忠,2
吾爱,2
编组,2
走远点,2
放气,2
报批,2
轻微,2
死不瞑目,2
滞后,2
神对,2
用爱去,2
领路,2
神给,2
很轴,2
造访,2
那当,2
轻薄,2
背新,2
这新到,2
撰笔,2
漏着,2
别吐槽,2
炫炫炫,2
气想,2
界叶,2
前才,2
得累,2
秀得,2
批后,2
去躁,2
解码,2
痛难,2
最老,2
霸中霸,2
犯起,2
休让,2
做得够,2
坐卧不安,2
人柱力,2
纸里,2
定时器,2
队合,2
岳狗蜜,2
我决,2
可输,2
致办,2
先定,2
读书看报,2
两天晒网,2
采蘑菇,2
深入虎穴,2
八写,2
自神,2
快藏,2
骄兵,2
奇点,2
满篇,2
食神,2
押个,2
双韵,2
眼闪,2
雪化,2
痛觉,2
故园,2
参差,2
泗水,2
翻覆,2
本体,2
真不像,2
有歌,2
卷尺,2
脸换,2
结尾处,2
拨号键,2
冉,2
家村,2
咸宁,2
儿饭,2
睡大,2
黑烟,2
草长莺飞,2
奸,2
外之音,2
萌发,2
是业,2
枪械,2
沙石,2
撑炸,2
罗兰,2
发不完,2
投诚,2
网贷,2
不听使唤,2
我藏起,2
车别,2
穿白,2
走起路来,2
苦脸,2
皮人,2
激增,2
不耻下问,2
白花花,2
浓汤,2
麦地,2
叛乱,2
瓦尔登湖,2
以己,2
没成想,2
保鲜膜,2
未关,2
蹁跹,2
冷不丁,2
粒粒,2
海潮,2
托马斯,2
系在,2
聚成,2
残血,2
饭奥,2
没清,2
行像,2
苏炳添,2
捆到,2
工头,2
隔扣,2
三江,2
碧海,2
乌纱,2
白黑,2
干球,2
蒙到,2
喂饭,2
法克斯,2
调羹,2
用金,2
压境,2
龙胆,2
抠动,2
王笑,2
那未解,2
飞鱼,2
劫后,2
地为,2
茅屋,2
宝骏,2
踏断,2
脚软,2
枯子,2
我线,2
弄不好,2
水雀,2
铁肘,2
昭和,2
彝语,2
用鸡,2
花活,2
过勒,2
先学哈卡,2
抠破,2
沙坪,2
赌到,2
富贵病,2
写实,2
经得,2
正传,2
同甘,2
拉太快,2
卡力,2
喷水池,2
做囊,2
问永富,2
哥会,2
大富,2
杂货店,2
凌飞,2
菲斯,2
海飞丝,2
黄巢,2
秦广,2
马思莹,2
真唱,2
莫子,2
词用,2
好三押,2
山气活,2
往卫衣缩,2
乖宝到,2
奶罩,2
狂龙,2
酒欲知,2
后事,2
兼具,2
诳言,2
九鼎,2
行草,2
梅花香,2
脊,2
不为瓦全,2
结霜,2
戎马一生,2
光走,2
亏享,2
欧尼尔,2
仙管,2
天壤之别,2
横尸遍野,2
开山始祖,2
仙风道骨,2
为非作歹,2
假黑,2
抢肉,2
是友,2
口信,2
指路明灯,2
仁寿,2
左脑,2
右脑,2
涯,2
似有,2
心相,2
不毁,2
分加木,2
失约,2
不断涌现,2
胡琴,2
大江东去,2
潼关,2
渭南,2
走板坡,2
借不来,2
天灯,2
铜雀台,2
朱玉,2
雕栏,2
全管,2
空仓要,2
典,2
混不拿麦,2
说盖哥,2
稳赢,2
家乡话,2
居住地,2
鬼鬼,2
更骚,2
同案,2
包儿些,2
小豪,2
老猴,2
袁小,2
酸得,2
方能,2
不处,2
放远围,2
圆颈,2
行响,2
水水水水,2
闯永力,2
两广,2
榜眼,2
炎,2
烟藏,2
仰起,2
肖华,2
数高刷,2
潘森,2
西蒙斯,2
之称,2
王燕,2
双鹰,2
洗浴,2
鮑哥,2
装烟,2
这使,2
曼陀罗,2
云嘎,2
西直门,2
蜜范儿,2
脸蛋儿,2
领衔主演,2
片尾曲,2
男高音,2
现出原形,2
暗夜精灵,2
飞梭,2
内位,2
政教处,2
苦苦哀求,2
之交,2
填写,2
酸辛,2
双足,2
大睡,2
拜我为师,2
运到,2
印第安人,2
运着,2
再和些,2
讲要,2
好烟,2
完快,2
阿米,2
饮恨,2
搞歪货,2
咯下,2
交太多,2
법,2
프,2
셀,2
싱,2
집,2
낮,2
외,2
탔,2
쿨,2
척,2
개,2
뿔,2
명,2
몰,2
풍,2
춘,2
컸,2
쓸,2
잎,2
심,2
얼,2
탯,2
갱,2
얘,2
궁,2
겠,2
经优好,2
圆起,2
떡,2
뿜,2
山才,2
녹,2
猪食,2
抵太满,2
我费,2
特调,2
全军,2
波尔,2
忌嘴,2
川航,2
减脂期,2
为浪,2
冲点,2
笑星,2
切趟,2
翻篇到,2
弯酸,2
潘安,2
跑得慢,2
遭打,2
几十斤,2
暗网,2
冷兵器,2
集码,2
国里会,2
越塔,2
捞点,2
浪都管,2
끼,2
关将军,2
神勇,2
一不注意,2
残花,2
花里,2
送终,2
天已,2
弯王,2
沉潜,2
美刻,2
木子,2
说得动,2
锁扣,2
王恩喆,2
做哥,2
薄如纸,2
看春,2
渐落,2
神庙,2
打不烂,2
陈慧娴,2
千千阙歌,2
提杨,2
九八,2
分歌,2
玉女心经,2
冰清玉洁,2
印得,2
百花丛,2
九筒,2
哽,2
既来之,2
有生,2
暗部,2
妇孺,2
只收,2
五花马,2
出换,2
缈,2
合着,2
此曲,2
美若,2
恒顺,2
单丝不成线,2
埋入,2
欣乐,2
太合,2
实穆,2
胡译友,2
闫曼嘉,2
挥不散,2
灵犀,2
循着,2
辱,2
妖女,2
入神,2
弟子,2
毁于一旦,2
一兵一卒,2
人皆爱,2
刀下,2
刀要,2
定好,2
则安之,2
漓江,2
借势,2
共建,2
又关,2
六七岁,2
猛料,2
腰背,2
完八,2
藤经,2
检控,2
当只,2
辩论,2
几轮,2
条形码,2
风声鹤唳,2
几刻,2
痛扁,2
坑洼,2
粉过,2
替玮柏,2
冲满,2
生套,2
腰疼,2
轻脚,2
轻拳,2
我爱练,2
出招表,2
它变,2
戴支,2
必点,2
风城开,2
盎司,2
抄近路,2
气化,2
卖到,2
七成,2
十恶不赦,2
临终,2
天授,2
马瑞莹,2
那轮,2
郎中,2
所动,2
疆,2
先来后到,2
直角,2
满减,2
平地而起,2
岌岌可危,2
疑难杂症,2
瞻前,2
顾后,2
活多久,2
沙盖,2
沙臾海,2
能塞得,2
紧绷绷,2
自设,2
三天三夜,2
只会射,2
重重包围,2
吔,2
唱功,2
落了空,2
火烤,2
虚华,2
行给,2
充点,2
喝起,2
几十场,2
补药,2
改去,2
莲子,2
知书达理,2
快化,2
平手,2
劳其,2
信息网,2
我得学,2
谁主张,2
行得通,2
局像,2
灞,2
精神压力,2
无一幸免,2
过盛,2
百遍,2
其义,2
自见,2
楚楚可怜,2
中气足,2
疗法,2
行李物品,2
门下,2
讨点,2
真勒穷,2
煤碳,2
靠湖,2
单摆,2
一言为定,2
肖夏,2
野当,2
弄鬼,2
停水,2
日起,2
货要,2
修面,2
南充,2
牵红线,2
小樱和佐助,2
创造性,2
跟心,2
爱现,2
假当,2
王琇琦,2
葛磊,2
有块表,2
劲大得,2
连唱,2
挣越,2
报考,2
败叶,2
高睿,2
黄诗惠,2
哪一首,2
周雪洋,2
谭盾,2
黄莺莺,2
突破口,2
欠账,2
天之大,2
卸车,2
树一,2
修道,2
断水,2
联欢晚会,2
百无一用,2
似月,2
不识书,2
蹙眉,2
时运不济,2
屡试不第,2
循声,2
探听,2
孤坟,2
野匪,2
巫人,2
似笑非笑,2
绰约多姿,2
慑,2
心魄,2
缚,2
冒出,2
唤来,2
冷雨凉,2
远远地,2
年长,2
诸公,2
葬心,2
景呀,2
中国歌剧舞剧院,2
交响乐团,2
叶倩文,2
咿呀学语,2
识曲,2
走下,2
夏虫,2
假仁假义,2
驻留,2
之酒,2
折戟沉沙,2
裂空,2
樱散,2
悄赏,2
以火,2
熔,2
只亮,2
节选,2
隔江遥,2
应点,2
落花流水,2
唱灯,2
上夜,2
未凉,2
数点,2
红入,2
向水,2
魔法石,2
付大,2
无忌,2
脱氧核糖核酸,2
来修,2
韩文,2
这届,2
垫音,2
破衣补,2
绞心,2
某幻君,2
六百多,2
配作,2
李莫得,2
颗龙珠,2
哈莱姆,2
金框,2
水响,2
能变,2
刷人设,2
杰宝,2
砍砍,2
低智,2
卢特,2
最够,2
坑槽,2
根找,2
树正少,2
彩画,2
有出,2
我剑往,2
真稳,2
场场,2
小羊,2
三名,2
鸟山明,2
手眼,2
贪食,2
鱼音,2
鱼能,2
看低,2
久仰,2
胜率,2
遮风,2
挡雨,2
不留心,2
重轻,2
困兽之斗,2
行刺,2
一人撑,2
降雨,2
没亲,2
置换,2
能录,2
童趣,2
有名气,2
十句话,2
冠军杯,2
够重,2
家班,2
买身,2
阿龙,2
那谢,2
耍贫嘴,2
谦和,2
十五六个,2
羽翼渐丰,2
迪喊,2
不良习气,2
隆隆,2
多金来,2
人不淡定,2
慢载,2
一都,2
我罚,2
依高,2
太呆,2
太普,2
五零,2
二胶,2
亚当夏娃,2
小樱佐助,2
好彩头,2
管帐,2
评论员,2
瞄得准,2
莫想,2
宁在,2
球馆,2
练球,2
泡杯茶,2
椅太,2
不太鸟,2
绝买个,2
虎踞龙盘,2
同船,2
数圈,2
析出,2
配鹤仙,2
人佐助,2
平情,2
难抑,2
歌厅,2
绝美,2
撒出,2
灵异,2
西西,2
殁,2
十亿分,2
地透测,2
会寄来,2
星链,2
窒碍,2
编年史,2
军费,2
王般,2
多汁,2
圣子,2
闪金,2
难境,2
雏型,2
黑纸,2
蚕丝,2
穷不散,2
脆落,2
打遍,2
灿,2
补气,2
肖申克,2
我换个,2
腕力,2
电邮,2
羊马,2
你弟,2
为险,2
该移,2
阔点,2
歌下,2
凶恶,2
内框,2
摈弃,2
擦洗,2
障眼,2
改改,2
博彩,2
心法,2
迷踪步,2
笔代枪,2
骄傲自大,2
再轻,2
货别,2
听似,2
散别,2
写够,2
天煞孤星,2
肺腑,2
豁出,2
陪笑,2
盘问,2
带薪,2
假演,2
拳稳,2
尽良,2
弓藏,2
烹名,2
横看成,2
岭侧,2
成峰,2
高林,2
山光悦,2
鸟性,2
潭影,2
此俱寂,2
钟磬音,2
奥义别,2
略懂,2
太多脑,2
半钱,2
外散,2
布紧,2
吐满,2
没点料,2
神经科,2
懂帅,2
脱女,2
酷头,2
鸡鸣犬吠,2
咖没,2
官宁,2
舞美,2
用血,2
舍利,2
孤自,2
药性,2
老怕,2
轻飘,2
半声,2
定看,2
休止,2
尘沙,2
行不更名,2
开该,2
瘦成,2
道谢,2
别唱,2
染过,2
结义,2
锡城,2
破过,2
湿鞋,2
吸满,2
同死,2
同生,2
别到,2
路天,2
拿不住,2
陪人,2
推他,2
兴高采烈,2
际,2
怡然自得,2
戒除,2
说来惭愧,2
意别,2
欠个,2
亲信,2
某种程度,2
妆造,2
百发,2
别实,2
不佳,2
强加,2
清等,2
满山遍野,2
会靠,2
无话,2
阶下囚,2
请点,2
没经,2
体位,2
团里,2
盗墓,2
尝胆,2
昵称,2
我太想,2
财力,2
学识,2
仁爱,2
当次,2
火当,2
删改,2
红木,2
王梦晨,2
混圈表,2
亡命,2
招子,2
规规矩矩,2
瞑目,2
想快,2
出窍,2
多斤,2
二十倍,2
还理,2
病要,2
假潮,2
夺个,2
小尼利,2
青得里,2
这乔力,2
愈大,2
衣侠,2
会太强,2
下爆,2
布娃娃,2
生他,2
命好,2
快睡吧,2
凶打,2
从疆,2
金手,2
第六次,2
六段,2
弄坏了,2
别叫,2
长岛,2
燃着,2
解约,2
变凤凰,2
博启,2
王见,2
沙赞,2
按快,2
蔓越莓,2
比糖,2
茬子,2
有钱能使鬼推磨,2
支脉,2
条轨,2
快拉到,2
客要,2
真太燥,2
谈信,2
他配,2
界碑,2
黑太多,2
彻底改变,2
再放上,2
初赛,2
明辩,2
憎爱,2
没弄,2
为帝,2
盼活,2
多药,2
法变,2
逆水,2
考点,2
烧灭,2
牢不可破,2
手恨,2
巴萨,2
它次,2
阿三,2
八班,2
龙母,2
赚起来,2
万人场,2
懂理,2
解决办法,2
首好,2
抓空,2
大带,2
罗配,2
上佩佩,2
乙级,2
意大利语,2
原意,2
真买,2
左拳,2
熊猫眼,2
系手,2
附驾,2
上利,2
博尔塔拉,2
火随,2
选修,2
博乐市,2
脸爱,2
闪灯,2
节本,2
马当路,2
新建县,2
出太大,2
我范范儿,2
存瓶,2
画圈,2
冲不爱,2
坠伤,2
疑无路,2
情海,2
恩恩爱爱,2
第二十三,2
人拉不出,2
挤过,2
磊哥,2
常熟路,2
拼上命,2
闵行,2
混在疆,2
验,2
包套,2
很暇意,2
快带,2
限售,2
限购,2
思来想去,2
近期,2
攻到,2
神神秘秘,2
魔道,2
邪魔,2
妇人,2
烛照,2
有群,2
操演,2
此言差矣,2
象无一害,2
长老,2
首长,2
英尺,2
录影,2
突发,2
人面兽心,2
伸个,2
界面,2
精神障碍,2
牢狱之灾,2
密麻,2
厂子,2
画押,2
凑点,2
亮亮,2
两分,2
登门,2
凡俗,2
美差,2
美意,2
啪啦,2
惨状,2
扇子,2
施主,2
退到,2
交上,2
堂堂,2
不待,2
星日,2
斗转,2
棉布,2
鞋白,2
瓦雨,2
轻刷心,2
卷云,2
水清沙,2
作浪,2
无招胜,2
君子兰,2
岐黄,2
益术,2
明于,2
知彼在,2
残骨,2
祝母,2
优价,2
刘炳鑫,2
人之常情,2
敲丧钟,2
前冲,2
要准,2
建功立业,2
奉命,2
必战,2
窝个,2
少要,2
饲养员,2
登进,2
吹雨,2
祸福相生,2
但身,2
乃情,2
戏中戏,2
中到,2
剥皮,2
高低贵贱之分,2
结缘,2
金元,2
改个,2
通顶,2
反抗者,2
重压,2
在职,2
签签,2
固态,2
四肢无力,2
要付,2
手扶,2
乌龟壳,2
放光,2
警局,2
殡仪,2
牢有,2
打册,2
马来,2
好册,2
真章,2
秋意浓,2
赶尽,2
追来,2
胸窝,2
显着,2
剑意,2
手摸,2
斩下,2
血战到底,2
响马,2
令令,2
偷要,2
满贯,2
不怯,2
走势,2
手底下,2
众人皆知,2
孟获,2
出自于,2
法器,2
撒西,2
问爹,2
调块,2
排儿,2
传满,2
想册,2
我淡定,2
活靶,2
商锦暄,2
榜别,2
握得,2
冰透,2
地自,2
上归家,2
先擦,2
俏丽,2
壮大队伍,2
蛇形,2
没骨头,2
声里,2
八佰,2
力揽,2
这购,2
里样,2
强沙,2
楠木,2
开刃,2
演段,2
雄赳赳,2
不握,2
堂兄弟,2
侠肝义胆,2
旌旗,2
马下管,2
艺高,2
奥卡姆,2
如蜜,2
衣带诏,2
翘首以盼,2
违章,2
观礼,2
峦,2
万人伏,2
精钢,2
弄乱,2
党们,2
压下,2
大成,2
首烂,2
泪心,2
撕毁,2
喜闻乐见,2
一幢,2
忙音,2
最蠢,2
抽坏,2
封魔,2
劲要,2
售,2
继承者,2
划等号,2
小飞侠,2
种颜色,2
疑似,2
喷绘,2
高带,2
印迹,2
妄言,2
定罪,2
祢衡,2
击缶,2
东厂,2
投在,2
要算,2
交道,2
秋游,2
同种,2
总贴,2
请瑞奇,2
瑞奇来,2
一分耕耘,2
虾们,2
爷青回,2
满身是汗,2
塔姆,2
嘴配,2
平平常常,2
㘄,2
嗙,2
哴,2
宵个,2
龙五,2
愤个,2
狂演,2
冷清清,2
巨小奇,2
疲惫不堪,2
激浪,2
后仰,2
红要,2
股神,2
秉性,2
论功封赏,2
冻伤,2
舰船,2
船身,2
富氧,2
浒,2
玉制,2
练上,2
七伤,2
受洗,2
瘫软,2
柏林墙,2
凿壁偷光,2
巴浦,2
狗争,2
没人惯,2
打神,2
普法,2
新闻片,2
顾城,2
碑刻,2
高斯,2
憾太多,2
熟练地,2
停笔,2
窃取,2
缝上,2
插画,2
作茧,2
为免,2
章目,2
侧翼,2
我单,2
舍亲,2
而接,2
野格加,2
多酒,2
出车祸,2
白马湖,2
天地会,2
爬不起来,2
当光,2
蓝月亮,2
第二辆,2
目前为止,2
扫描,2
古埃及,2
这灵霄,2
锦标赛,2
找死,2
实惠,2
展示柜,2
陈宇轩,2
过路费,2
一言既出,2
驷马难追,2
姑姑,2
挣太少,2
带满,2
装甲部队,2
伪证,2
万马奔腾,2
马嘶,2
号笛,2
再家,2
配药,2
歌姬,2
合情,2
而流,2
扣心,2
欧巴爱,2
韩脑,2
喊叫声,2
羊战,2
莫合烟,2
得赞,2
两千多年,2
房要,2
迁,2
危急关头,2
流美团,2
灯后,2
空幻,2
大坝,2
旅途愉快,2
生无,2
分文,2
自作主张,2
酷档,2
金嘴,2
富穷,2
霍比特,2
六座,2
遗愿,2
避弹,2
一顶,2
死得,2
嘈杂声,2
周期,2
不牢,2
石狮子,2
触痛,2
拳台,2
连胜,2
敌情,2
极刑,2
桃花运,2
表亲,2
挑断,2
好怪,2
选条,2
待办,2
数额,2
真强,2
听烂,2
慢车,2
兵乱,2
明镜高悬,2
摊管,2
匾额,2
身兼多职,2
玫瑰红色,2
在此一举,2
事实真相,2
夜宴,2
莱茵河,2
金店,2
梳着,2
扭紧,2
吃香的喝辣的,2
终南山,2
巴黎圣母院,2
互不相让,2
休息厅,2
空盒子,2
否定句,2
运砖车,2
双耳,2
联系人,2
석,2
죽,2
곤,2
득,2
껀,2
걱,2
투,2
耀洋哥,2
邮筒,2
丰年,2
缩进,2
并列,2
讲义,2
苦瓜脸,2
实枪,2
起起伏伏的,2
回往,2
刮不出,2
街娃帅,2
够响,2
半喝,2
牛肉汤,2
二一送,2
烤乳猪,2
看经,2
文质彬彬,2
地比,2
孙肠,2
摇个,2
破窗,2
猪笼,2
水利,2
太会,2
山给,2
推断,2
青红皂白,2
披头士乐队,2
到兴,2
青羊区,2
争点,2
牙科,2
照要,2
耍太野,2
罗要,2
遭耍,2
看小李,2
点味,2
想学人,2
漩儿,2
抓瓶乐堡,2
起后,2
襟,2
脱口,2
剁成,2
窝窝头,2
郭沫若,2
刘罗锅,2
碳纤维,2
乌鸡汤,2
汉斯,2
有权,2
血印,2
昆汀,2
杀死比尔,2
追逐名利,2
混杂着,2
每隔,2
原定,2
三十五,2
好词,2
奖该,2
金波,2
赤热,2
风林火山,2
剧透当,2
张淑玲,2
整让,2
哈网,2
景片,2
免费音乐,2
照向,2
燥火,2
鼓全,2
天下乌鸦一般黑,2
散碎,2
豁嘛,2
腋毛,2
爆扣,2
日不拢,2
调好,2
提尼多,2
欺头,2
本少爷,2
碾死,2
清口,2
切抱,2
歌刚,2
庄庄,2
搭野白,2
这周,2
梦太美,2
夜是,2
好来,2
上麦,2
高用,2
整用,2
打拳,2
总觉,2
有层,2
第三类,2
后怕虎,2
前怕狼,2
上悠,2
非鸡儿,2
还方,2
钱太脏,2
切走,2
我拿个,2
高挂,2
伯纳乌,2
李尔,2
李随,2
拱火,2
透一口气,2
这离,2
浴巾,2
发起人,2
在押,2
旧卖,2
标起,2
关让,2
地卷,2
搅碎,2
剿匪,2
管来,2
曲养,2
练习册,2
歌里花,2
足球明星,2
时侯,2
耍娃,2
猎食,2
各样,2
支出,2
试金石,2
乐曲,2
迭起,2
第一关,2
剧去,2
一个天,2
白得,2
泪滩,2
芬达,2
马特,2
明面,2
鹰眼,2
弱鸡,2
贝雷帽,2
缺货,2
爆棚,2
核磁共振,2
柔道,2
主管,2
天会变,2
没签,2
无休,2
自由职业,2
贾玲,2
毛遂,2
大名鼎鼎,2
布利,2
哈根达斯,2
五句,2
差是,2
那歌,2
撒花,2
营业执照,2
松软,2
宰相,2
一唱一和,2
必得,2
真气,2
寻韵,2
根谈,2
造物,2
仙草,2
别太快,2
属狗,2
知识库,2
雇主,2
选美,2
这舞,2
数学系,2
买根,2
机卡,2
流行曲,2
开绿灯,2
当即,2
框起,2
汤底,2
土到,2
夏洛克,2
独坐,2
棋手,2
歌差,2
答谢,2
感谢信,2
抽水,2
知错,2
窦口,2
历史悠久,2
爬虫,2
十三幺,2
伯母,2
晃别,2
那伤,2
小歌,2
唯一标准,2
更胜会,2
胖夫,2
地壳运动,2
这鲁邦,2
炒热,2
桩子,2
装子弹,2
海归,2
得益,2
这不怪,2
知情人,2
鞋架,2
更多直,2
别懒,2
二人转,2
三房两厅,2
日结,2
冧,2
买楼,2
莱福,2
别头,2
捕,2
瓦斯,2
五折,2
控评,2
藏匿于,2
实线,2
而富,2
速食,2
新德里,2
湿湿碎,2
啡,2
唦,2
邮轮,2
机翼,2
商铺,2
葬入,2
静脉注射,2
同住,2
鸠,2
游出,2
規則,2
语言艺术,2
差遣,2
十三行,2
不识,2
坐馆,2
少去,2
太浪,2
为情所困,2
山和海,2
善用,2
可燥,2
可闹别,2
记名,2
多碎,2
撼天,2
动地,2
邪教,2
筑造,2
代劳,2
寄到,2
胆别,2
棋谱,2
划入,2
胜似,2
划线,2
纯种,2
死血死,2
哈起决,2
奥巴马,2
黑穿,2
错要,2
我脏,2
心志,2
面窝,2
没得说的,2
看得懂,2
告急,2
薪资,2
身先士卒,2
袁凤瑛,2
望洋兴叹,2
偏于,2
闹到,2
栏写,2
人新,2
汉室,2
不在话下,2
偏安,2
山村,2
定局,2
过觉,2
作成,2
热诚,2
闯个,2
侯宇,2
喊痛,2
娑婆,2
黄粱,2
白墙,2
转学,2
绿巨人,2
手模,2
周笔畅,2
假可假,2
签得,2
脏辫配,2
头早,2
悬崖绝壁,2
如触,2
呆若木鸡,2
在所不惜,2
护膝,2
必大,2
一拔,2
迪赛表,2
几辈子,2
大中,2
差往,2
招兵,2
拿劲,2
泡酒,2
调酒,2
你会管,2
是品,2
辞尊居卑,2
天不作美,2
点肉别,2
小時,2
想斗,2
赛狗,2
配来,2
冒个险,2
我尝,2
无产阶级,2
小家,2
理想家,2
高高挂,2
除害,2
炮声隆隆,2
出书,2
还得拔,2
重鼓,2
接得,2
坐直,2
搭扣,2
会大,2
买本,2
地图学,2
一般性,2
屁里,2
大佑,2
大寿,2
现货,2
判断力,2
水饺,2
浸没,2
留过,2
歪曲,2
大波,2
伤太多,2
差用,2
ح,2
麦克斯,2
地地道道,2
高纬度,2
尺子,2
抵在,2
骚骚,2
爆炸性,2
六路,2
耳闻,2
大亨,2
纳达尔,2
耶和华,2
别替,2
能怪,2
前想个,2
鹤顶红,2
闭口不谈,2
互补,2
氪,2
热歌,2
二十一岁,2
二天,2
丁太升,2
膻,2
佛头,2
咖啡杯,2
人会信,2
网球,2
跑不动,2
怪命,2
四溢,2
那太,2
紫琪,2
棒里,2
别自,2
几瓣,2
还败,2
变晴,2
产检,2
陷入困境,2
德育处,2
纸盒,2
一九六八年,2
塞达,2
垃圾车,2
释迦,2
反恐,2
有莫得,2
搞对象,2
浣熊,2
买盘,2
哪买勒,2
三百四百,2
3.6,2
7.2,2
录像机,2
发有,2
亮得,2
最强者,2
财源滚滚,2
打咯,2
四岁,2
抢答,2
转瞬间,2
欺软怕硬,2
臭名,2
算得,2
迎击,2
圆月,2
人来试,2
病因,2
半醉,2
张得,2
哈出,2
诺兰,2
反上,2
一让,2
各类,2
超凡,2
呵欠,2
我太闷,2
催婚,2
快生了,2
英格兰,2
电跑,2
房买个,2
火离,2
醉得,2
华东师大,2
李建鹏,2
课雨后,2
角斗士,2
十八般,2
集火,2
姓李,2
套子,2
搅成,2
散掉,2
如临大敌,2
阴三儿,2
硬太多,2
改为,2
变哈,2
上万个,2
养家,2
作业本,2
五毛,2
碎子,2
果子沟,2
辣风芹,2
疯批,2
放艾尔肯,2
超淡定,2
凯皇,2
人谟西,2
我玩过,2
穆里尼奥,2
电影迷,2
反应力,2
王涛,2
仿货,2
裸泳,2
李有,2
档杆,2
沙人要,2
全搏,2
莫辨,2
过线,2
声盖,2
多开,2
无尺,2
趁手,2
针孔,2
做件,2
埋当,2
费德勒,2
鼓里,2
欧巴桑,2
但开,2
个秀,2
不多见,2
幕碑,2
比伯,2
比咯,2
着纪,2
六尺,2
热播,2
圣雄甘地,2
濒临灭绝,2
腾达,2
满记,2
松活,2
回火,2
头冲,2
命运多舛,2
逼格刀,2
上野,2
个喃,2
七煞,2
洗哈面,2
帘,2
哈让,2
布克,2
人点,2
散打,2
衣钵,2
坏心,2
连体衣,2
丑化,2
杰出青年,2
天妇,2
罗钱,2
摇闪下,2
勾放,2
歌够,2
車儿,2
机盖,2
对讲机,2
条大,2
教乖,2
高定款,2
领衔,2
如一日,2
超哥些,2
消失掉,2
没正,2
带夺,2
法眼,2
沙县,2
就可以看,2
我网,2
不网,2
不镶英,2
鲤跃龙门,2
刷成,2
扫过,2
导管,2
天骄,2
处近,2
敢接,2
细佬,2
颠佬,2
软过,2
无道,2
帝女花,2
剑辉,2
农家乐,2
烧腊,2
九爷,2
人系,2
唱住,2
概,2
赛龙舟,2
海印,2
水质,2
练字,2
练累,2
你争,2
李四,2
别顾,2
剥光,2
开录,2
第四个,2
遇害,2
发功,2
服掉,2
从古到今,2
奥丁,2
安之若命,2
爱财如命,2
异变,2
蓝白道,2
得家火,2
家火,2
发在,2
西蒙,2
找不点,2
成干皮,2
弟娃们,2
撒钱,2
踢出局,2
钻出,2
车臣,2
人丫果,2
三角洲,2
发够,2
资源共享,2
不可开交,2
还莫得,2
这太,2
埃米尔,2
长款,2
古驰衫,2
不赦,2
火懂,2
整翻,2
巨头,2
他妹,2
黑灰,2
动若脱兔,2
满阶,2
束紧,2
火连,2
忘忧草,2
泪中,2
看得惯,2
练拳,2
路会越,2
总太,2
魔教,2
巨网,2
内卖,2
两百多万,2
喝断,2
几十光年,2
地老去,2
三花,2
签把,2
又躁,2
食色性也,2
八万里,2
中央公园,2
赔当,2
自我调侃,2
一人之下,2
随梦,2
巴厘,2
大无畏,2
佛光,2
活不累,2
黑红,2
人不白,2
放下去,2
阔未,2
国际级,2
X光,2
枪支弹药,2
撞坏,2
狸猫,2
废料,2
交叉口,2
无憾,2
心会痛,2
强袭,2
双全,2
雷电交加,2
必须品,2
无足轻重,2
痛不痛,2
路段,2
备课,2
越往后,2
记清,2
丰富多彩,2
相斥,2
直升飞机,2
多烂,2
已上,2
营养过剩,2
黑枪,2
猎艳,2
总往,2
兵强马壮,2
复杂化,2
扩大化,2
只加,2
格达,2
网红有,2
爱补妆,2
头带,2
宝总太有,2
福佳白,2
表叔,2
枪剑过,2
昌都,2
瓢不起,2
飘来飘去,2
产量比,2
懒批,2
莫发瓜,2
脓包,2
互关,2
二十多,2
托托,2
五辆,2
门照,2
喊弟,2
弹飞,2
大黑,2
卡戴,2
星途,2
舞放,2
太多飞,2
赫尔,2
大走,2
施救,2
走当,2
画挂,2
一船,2
捕蝇草,2
汉尼波,2
肃穆,2
浮图,2
熟路,2
本原,2
壹指,2
灏,2
刘涵,2
渔民,2
蓄势,2
五福,2
胶己,2
还面,2
般去,2
桃园路,2
一索,2
用花牌,2
贼眉鼠眼,2
盯牌,2
上家,2
动情处,2
生娃,2
赔钱,2
地放个,2
防抖,2
父亲节,2
老广,2
丢索,2
隔住,2
系只,2
進化,2
屙,2
企住,2
事企住,2
系点,2
离教,2
毛狂,2
系串,2
老领,2
毛人,2
领昂,2
死硬,2
大肚,2
扮不像,2
印住,2
好易,2
距话,2
万事开头难,2
捉字,2
系稳,2
侵瓜,2
跳紧,2
导演组,2
闪光弹,2
逼进,2
森活,2
即系,2
家驹,2
女会伤,2
10%,2
学古瓦,2
落够,2
兑瓦,2
冲弟,2
迈来,2
瓦去,2
理吕,2
距痴过,2
粘过,2
整煲,2
紧系,2
恒晒,2
后尾,2
箱度,2
车住,2
系葛话,2
过主,2
莱纳,2
塔系,2
中坑,2
埋位,2
哪用,2
里艺,2
讲翻,2
超笨,2
粗言秽语,2
血清素,2
呼应,2
第三天,2
总当,2
囹仔多,2
基底,2
奔内,2
摇像,2
网飞,2
双皮奶,2
甜品店,2
粤曲,2
四书五经,2
历尽,2
牛魔王,2
展馆,2
洗耳恭听,2
五雷轰顶,2
太公,2
箍紧,2
如意郎君,2
灌水,2
张家口,2
包拯,2
米老鼠,2
参照物,2
歌剧,2
浓厚,2
专挑,2
宛平南,2
入教,2
波子,2
大囹蛋,2
庄泡,2
开明,2
发就发,2
寰宇,2
华罗庚,2
伏羲,2
东方文化,2
阻,2
技以,2
制夷,2
完形填空,2
仄,2
感悟到,2
校队,2
吵起来,2
十几倍,2
要些,2
盘酿,2
太多囹话,2
上排,2
龙丰,2
老囹是,2
老囹死,2
很别,2
妹走,2
埋别佬们,2
吊个,2
蓝带,2
公庄,2
仔开,2
领奇哥,2
年味住,2
墙动,2
这饭,2
零界点,2
呱呱叫,2
好香,2
屈,2
真实性,2
夸着,2
自作,2
通顺,2
十韵,2
太有钱,2
尽到,2
用个,2
送餐,2
卖不卖,2
亩,2
开不开,2
爱买,2
钥匙扣,2
彩券,2
派件,2
白兰度,2
蔡澜,2
不太敢,2
有能,2
三心二意,2
不然的话,2
对内,2
闹个,2
戴荃,2
带全,2
诉讼,2
雇工,2
普利策,2
苏伊士,2
负离子,2
怕得罪人,2
来怪,2
风赶,2
高压锅,2
浇花,2
取咯,2
下访,2
炸爽,2
防空,2
越烧,2
越广在,2
上奏,2
来访,2
提点,2
危在旦夕,2
废柴装,2
苇草,2
族裔,2
闷声不响,2
帷幄,2
汗毛,2
指不出,2
拜跪,2
剑术,2
按当,2
最受,2
变焦,2
关键问题,2
带票,2
乐评,2
脏乱差,2
左会,2
三边,2
趴系度,2
窦系度,2
写住,2
担住,2
省旗,2
距地,2
铀,2
翻未过,2
埋单,2
梅州,2
支窗,2
轻身,2
咪系,2
老虎头,2
瓦哩套,2
吕迈甲措,2
依囊,2
搭刹,2
奇哥,2
吕卡,2
无扎,2
目买块,2
骂来骂去,2
嘴欠,2
低切,2
六调,2
漂往,2
变光,2
玩揽,2
平潭,2
囹够,2
南航,2
两嘴,2
琴晚,2
似挠,2
尼度系,2
样先,2
卵理,2
噶捞,2
支棋然,2
开波系,2
大圈,2
玩紧,2
泥沙,2
拍紧,2
畀,2
白车,2
摆定,2
影一辑,2
瘦恒级,2
边炉,2
食鸡煲,2
九声,2
别犯,2
庞贝,2
下里巴人,2
驱驰,2
乱编,2
编得,2
气功波,2
为关,2
双截龙,2
合金弹头,2
汪霜,2
好安单,2
侯是,2
琴人,2
三扣,2
八百公里,2
境内,2
大年初二,2
脱水,2
降挡,2
冲线,2
淘金者,2
玩潮,2
咖都,2
认亲,2
看钱,2
碎了心,2
上税,2
米苏,2
加够,2
会同,2
陷太深,2
帮王哥,2
人烟,2
畅所欲言,2
柏金,2
零在,2
坐井,2
烟里,2
马别,2
姜汤,2
更衣,2
谢娜,2
那吵,2
画太多,2
能狂,2
岛花,2
朱楼,2
李天杲,2
陈静,2
常雪,2
洒入,2
4.4,2
グ,2
有台,2
丹东,2
二档,2
眯起,2
送货,2
冒雨,2
花盆,2
晨钟暮鼓,2
日落时分,2
龟缩,2
想得开,2
无根,2
头忙,2
举手之劳,2
禀赋,2
猹,2
风和沙,2
沁入,2
百鬼,2
窄窄的,2
留活,2
完剩,2
全走,2
时首,2
医不好,2
咯回,2
登春台,2
放行,2
希介哥,2
闪舍子,2
拿水泼,2
赢十把牌,2
喜儿,2
搞太大,2
跳子,2
叫化,2
安慕希,2
棒棒鸡,2
根钢,2
包遭,2
首日,2
一步之遥,2
不戴,2
苏灿彬,2
力巴,2
玻璃墙,2
蛤利油,2
硬性,2
心垂,2
出不入,2
忽路,2
残花败柳,2
饮鸩止渴,2
锦瑟华年,2
越浅,2
总串,2
影集,2
风信,2
气神,2
留作,2
金喜善,2
通利,2
秉持,2
大家闺秀,2
追求幸福,2
真乱,2
透顶,2
昨儿,2
天盖,2
丰禽,2
服装设计,2
家欣,2
草鱼,2
粉要,2
哈来,2
这比,2
耍花腔,2
冤大头,2
气昏,2
小赢,2
会领,2
村外,2
有部,2
减掉,2
摊手,2
鸡翅膀,2
烂熟,2
一击必杀,2
恐怖片,2
野家拳,2
乱串,2
穷开心,2
难念,2
难变,2
辟谣,2
口粮,2
地道战,2
各奔前程,2
大空翼,2
小肚子,2
少屁,2
信港,2
子港,2
打错,2
低耸,2
没墨,2
水浒传,2
施耐庵,2
恰得,2
亏霸,2
湘楚,2
附中,2
花鼓戏,2
湘绣,2
从细到,2
正街,2
清水塘,2
长岭,2
窑岭,2
伍家岭,2
莫拢,2
倾国倾城,2
裕兴,2
饭前,2
井水,2
策神,2
解围,2
发绿,2
今世,2
宝莲灯,2
便士,2
排版,2
防空洞,2
圆圆的,2
木滴,2
哈港,2
横直,2
港话,2
文身,2
二线,2
打哈,2
学不走,2
学号,2
眼保健操,2
练功房,2
哈兮练,2
孤立无援,2
禁令,2
销愁,2
更愁,2
初来,2
娘泡,2
疼痛感,2
变直,2
快聪别,2
操性,2
明人不做暗事,2
太多歌,2
娃哈哈,2
似于,2
酒家,2
茶油,2
莫放,2
味精,2
鱼汤,2
泡饭,2
爱该,2
学生证,2
咯咯,2
宿舍楼,2
一杂,2
学有,2
莫像,2
招术,2
道德经,2
天达,2
坎坷路,2
万卷,2
挑眉,2
闯敢,2
携本族,2
军于,2
产房,2
桥身,2
太平街,2
但国,2
变黄,2
裸眼,2
老孙,2
功过,2
快放,2
宁死不屈,2
重于泰山,2
无码,2
配黑,2
方程,2
四班,2
江师,2
软云,2
伍灿阳,2
手看,2
弹雨枪林,2
街摇,2
褪成,2
愚蠢地,2
纵火,2
糖蛋白,2
皮包公司,2
苗,2
得主,2
追随者,2
造浪,2
太饿,2
有红,2
生寄,2
泥尘,2
独留芸,2
窗间,2
绝色,2
不爱虹,2
舣,2
舟瞑昏望,2
离垢,2
杭有,2
霜叶,2
蝶伴,2
躞,2
蹀,2
商榷,2
旧习,2
蝎子,2
黑化,2
盆儿,2
难分难舍,2
安乐,2
赵小棠,2
上浮,2
驾放,2
卷成,2
抽进,2
已过期,2
自我教育,2
里潮,2
阡陌,2
噙,2
好快,2
郭采洁,2
无坏,2
有史以来,2
不皮,2
首饰盒,2
失宠,2
动画片儿,2
坐上来,2
布擦,2
清雾,2
丁达尔,2
割伤,2
试音,2
一垛,2
与寐语,2
相怜,2
金玉良缘,2
会评,2
先行一步,2
结的果,2
律,2
颤颤巍巍,2
没主意,2
膛线,2
会助,2
中米,2
劣势,2
吹灰,2
心黄旭,2
痛合,2
天高,2
半流,2
生不来,2
里记,2
怪盗,2
早入,2
强长,2
有弛,2
张上,2
太功利,2
名不副实,2
刚转,2
火药桶,2
一港,2
几去,2
下站,2
作美,2
功自,2
一展歌喉,2
寒莹,2
枯乾,2
拂弦,2
虚掩,2
晚到,2
油墨,2
热太多,2
敲不响,2
无缺,2
海黑,2
永丰,2
抿嘴,2
划断,2
成粉,2
MARZCypher1.0,2
心给,2
太拉垮,2
保熟,2
举牌,2
跪到,2
写会,2
卡戴珊,2
人外有人,2
烤化,2
太卷,2
脚蹬,2
博士后,2
联网,2
杨枝,2
伊莱,2
層,2
德國衝,2
煤老,2
犟給,2
借十個,2
膽還,2
哪點兒,2
範兒,2
棚頭,2
專櫃,2
選哈脫,2
西裝,2
領帶,2
整兩套,2
學區,2
保质,2
沙區,2
手裡面,2
起礦,2
過撒,2
起邊,2
邊兒,2
定勝負,2
只興,2
小艾喊,2
耍哈,2
給他,2
拉閘,2
光说,2
軍帶,2
蘇聯盟,2
搖擺,2
凶樂大漢,2
好频,2
服务行业,2
下策,2
踎,2
猪肚,2
摩摩,2
声援,2
泡哈,2
還了,2
比個,2
帥氣,2
手勢,2
耳環,2
我點,2
酒馬,2
很醜,2
開瓶,2
超還,2
暴發戶,2
通貨礦,2
配發財,2
一雙,2
爛,2
峙,2
麻煩,2
遞下,2
名號,2
杂物,2
脱皮,2
老好人,2
先错,2
养猫,2
养条狗,2
銅元局,2
豆像,2
拉布拉多,2
解了,2
腿短,2
普吉岛,2
再租,2
拿花,2
我飘得,2
十度,2
真皮沙发,2
当网,2
塞纳,2
二次,2
大乱,2
三朵,2
塔利班,2
点放首,2
文在,2
近处,2
软禁,2
像关,2
公映,2
李彤,2
记不太清,2
脾气坏,2
黑顶,2
烤鱼,2
金酒,2
配酒,2
希介曲,2
逛下,2
钱装,2
来福士,2
背到,2
东征,2
起坎,2
马上开,2
拿范儿,2
不能自拔,2
灯火辉煌,2
找求,2
钱多得,2
用求,2
想了又想,2
不痒,2
兑点,2
确让,2
马卡龙,2
香芋,2
侦测,2
差求,2
滚到,2
土头,2
新手村,2
我拉出,2
练地,2
弹词,2
天心,2
刚买哩,2
冰要,2
八八,2
爪儿,2
歇气,2
烂局,2
扣起,2
大喝,2
干大,2
沙坪坝区,2
爱日白,2
摆带,2
切唱勒个,2
建国,2
嘉士伯,2
沱江,2
包勒些,2
发饭,2
圈周,2
哥拜,2
浩南,2
会替,2
母舰,2
狼吞,2
补品,2
天连,2
朝阳区,2
布谷鸟,2
脸树活,2
谈成,2
问活,2
很土,2
属龙,2
含太多,2
低成本,2
发电厂,2
好桥哥,2
开福儿,2
阿想,2
涌上,2
爽些,2
针和线,2
没聚,2
心算,2
比够,2
周瑄,2
排序,2
队翻,2
闯老,2
心难安,2
行用,2
巴渝是,2
虚是,2
代养,2
广大,2
嘿起,2
哩表,2
赛摩,2
新泽西,2
刁住,2
旁观者清,2
当局者迷,2
绕起,2
致此,2
那家伙,2
考长,2
初五,2
合拢,2
扬升,2
动愿,2
驶进,2
梗梗儿,2
猫眼儿,2
挑挑,2
系围,2
好懒,2
洗嗦,2
亲下,2
催到,2
多一镫,2
白鹅,2
好敬,2
双头,2
查收,2
波海,2
相互依赖,2
成水,2
撞烂,2
涨水,2
沱哩,2
说勒些,2
问撒子,2
乐夏,2
勒方,2
前前,2
回血勒,2
勒斗,2
外地口音,2
钩钩,2
礼放个,2
屁臭,2
几答,2
要冰,2
狠货有,2
车儿,2
起堆,2
送温暖,2
强电,2
跃起,2
除此以外,2
初阳,2
录像带,2
拍恨,2
流行乐,2
假眉,2
麻加辣,2
再沉,2
塌布瑞吉,2
遭骗富,2
程忠,2
柜机,2
挣老,2
逮鱼,2
翻得,2
盛气,2
光图,2
头柯,2
作数,2
嗡焖,2
乾隆,2
雍正,2
一旋,2
店儿,2
儿约,2
儿小,2
儿哈,2
板得,2
晓月,2
局不走,2
死血些,2
学坎爷,2
黑妹,2
賺盆,2
會議室,2
項目,2
談判,2
一桿,2
接一桿,2
傳承,2
禮尚,2
往來,2
陣夠,2
你學,2
兩輩子,2
教拿起,2
夹长,2
巴人,2
方显,2
舒坦,2
洋基,2
没太,2
装姐,2
帮个,2
鬼闹,2
不男不女,2
蔡依林,2
表层,2
美从,2
黑为,2
建构,2
没日,2
没夜,2
承得,2
发小给,2
塞向,2
歪样,2
街霸,2
事哈,2
寡是,2
存款簿,2
整烧,2
白小面,2
提黄,2
香四岸,2
燥辣,2
愛財,2
刺起,2
紋飾,2
橫幅,2
紅想,2
桌高,2
靈光燒,2
點平,2
順風風,2
順到,2
萬事,2
討喜,2
財源,2
廣進,2
掙到,2
起昊哥,2
吉時,2
筆題,2
詞盆,2
吉日,2
顧全,2
跨魚,2
立面,2
開業,2
地吊,2
周栩倬,2
比脱,2
我晓都,2
抈,2
奔现,2
晚节,2
開門,2
血都給,2
這輩子許,2
成不死,2
會成,2
倫敦,2
吞人,2
打撐,2
哪門子,2
逝為,2
它爭,2
要大才,2
配為,2
它生,2
氣依,2
金剛,2
不壞,2
禍,2
躲聚,2
散吶,2
利來,2
財神點,2
問程,2
劍橋,2
輪轂下,2
收老有,2
門徒過,2
肩龍,2
紋到,2
盆骨勒,2
一樁,2
知足常乐,2
讲哩,2
停车位,2
太岁爷,2
火红,2
唱别,2
借坡下驴,2
无奇不有,2
心硬,2
总靠浪,2
晶,2
脱裤子,2
扶墙,2
酒徒,2
乱坟岗,2
靠浪,2
摸过,2
挡车,2
过路人,2
单枪,2
好样,2
浅尝,2
癞蛤蟆想吃天鹅肉,2
染黑,2
先退,2
流施逸凡,2
天网,2
绝逼会,2
流大,2
配烟,2
风翻,2
歌爱,2
一眯,2
住户,2
显现,2
回马枪,2
心烧,2
囫囵吞枣,2
覆水,2
残杀,2
霍元甲,2
不怨,2
在贫穷中,2
高等教育,2
带子,2
停蹄,2
刀来,2
任我游,2
地套,2
补仓,2
有所为,2
崧,2
影迷,2
害过,2
实意,2
天主,2
领旨,2
格配,2
曹营,2
十四岁,2
全篇,2
能养,2
出航,2
追梦有,2
燃烧弹,2
深要,2
东风破,2
杜月笙,2
宇宙站,2
惶恐不安,2
吉它,2
而路,2
该负,2
变黄快,2
相依为命,2
移栽,2
安安稳稳,2
卷动,2
四代,2
荒乱,2
有勇无谋,2
调兵遣将,2
士,2
为定,2
尽力而为,2
有架,2
这页,2
明知故犯,2
大刀阔斧,2
军令状,2
传为佳话,2
八百米,2
讪,2
缆车,2
互搏,2
刚吹过,2
千夫所指,2
磨蹭,2
必有勇夫,2
虚惊一场,2
做掘,2
旭日东升,2
龙灯,2
如傲,2
梅生,2
寥寥无几,2
年春夏,2
光会,2
读万卷书,2
奋发,2
姑娘家,2
客它,2
上绕,2
中才,2
方是,2
一往直前,2
错人分,2
妞爱得,2
策策,2
大家乐,2
弄到手,2
多绕,2
聪哥,2
统一战线,2
种出,2
所指,2
鲁班,2
起去,2
牛鬼,2
不多要,2
青蓝紫,2
飞字,2
先少,2
添砖加瓦,2
天然气,2
多砚墨,2
叙写,2
花定,2
护甲藏,2
猎鹰,2
接亲,2
看当身,2
差条,2
但要,2
面不聊,2
坐如钟,2
通风口,2
亲和当,2
鲨戮,2
兵不血刃,2
娄娄,2
探照,2
炭治郎般,2
瓷词,2
正经事儿,2
汉人,2
讥叫,2
哩光,2
哩脏,2
老妈妈,2
哩江,2
喜气,2
整来,2
刘洲合,2
事嘛,2
那豆,2
耳性,2
很焦,2
张智霖,2
宽些,2
几百名,2
平望,2
人弱,2
人饿,2
人渴,2
娃产幻,2
片区,2
给家,2
鹿鼎记,2
指到,2
服完,2
兵役,2
才数,2
范丞丞唱,2
幽谷,2
千遍,2
明酒,2
不慌望,2
废票,2
宁死,2
钱造,2
前得,2
人情债,2
倒灶,2
大老爷,2
惦,2
认不,2
激将,2
利往,2
这变,2
回升,2
尊者,2
十几年来,2
攻打,2
台妹,2
觉一人,2
钻木,2
铁杵,2
难成,2
变狗,2
田园,2
别图,2
难得一见,2
拥簇,2
诡诈,2
仪容,2
凌,2
回身,2
根线,2
太平盛世,2
损人利己,2
今日说法,2
尊哥,2
似妻,2
老中医,2
别无他法,2
瘦脸,2
货当,2
算球,2
算轻,2
以讹传讹,2
狗仗人势,2
脸去,2
黄雀在后,2
六耳,2
徒有虚名,2
一瞧,2
贫道,2
自居,2
自语,2
知青,2
教书,2
流行时尚,2
趋向,2
障眼法,2
凌然,2
神龙见首不见尾,2
当枪,2
多行,2
自毙,2
八室,2
变实,2
耶账,2
满足需要,2
闪眼,2
长醒,2
吉普,2
牙尖,2
儿茶,2
烂路,2
行势,2
吞肚儿,2
妹都,2
遭晃,2
不日白,2
太公钓鱼,2
我进,2
击灭,2
增生,2
这踏削,2
滑到,2
收支平衡,2
有哈,2
数分,2
转座,2
好重,2
做哩,2
蝙蝠洞,2
毫无关系,2
多批,2
不割,2
来发,2
中耳炎,2
二练,2
打燃,2
甑子,2
四五十,2
哩点,2
我哩心,2
约翰森,2
輕,2
貧困,2
好骚,2
下坎,2
西说,2
毯子,2
龙王爷,2
转圈儿,2
趴活,2
太晕,2
烟圈儿,2
签儿,2
揣炫迈,2
五里店,2
穿哩,2
皮尔洛,2
人情味,2
烤匠,2
漂黄,2
耍喃,2
垮喃,2
花喃,2
我放回,2
听下,2
很准,2
企宣,2
鸡胸,2
太阳岛,2
师大,2
取自,2
侄,2
卖锅,2
资等,2
希思罗,2
班次,2
莫叫,2
链儿秀,2
准钱,2
治国,2
修身,2
抽半,2
滚下来,2
逞凶,2
垫高,2
卡惨,2
洪吉童,2
变铁像,2
控制者,2
抓痕,2
打新,2
接下去,2
匆太忙,2
拖下去,2
湿体,2
索得,2
马迭尔,2
江桥,2
利弊得失,2
腰上,2
启奏,2
深灰色,2
婚嫁,2
滴过,2
红双,2
囍,2
盛京,2
不攻自破,2
瓮,2
搂搂,2
太闷,2
苦想,2
守擂,2
晃晃荡荡,2
他围,2
超狠,2
击毁,2
五斗,2
折腰,2
剿杀,2
鼻痒,2
巴子,2
烧煤,2
有救,2
龙飞,2
好几位,2
垫子,2
面勒种,2
爱勒个,2
冰太多,2
超顶,2
炮声,2
帅用,2
没脑子,2
能要,2
空间站,2
如假包换,2
青稞酒,2
迷魂汤,2
Ｉ,2
放鸽子,2
梦想破灭,2
扎西德勒,2
甘南,2
如释重负,2
里勒是,2
可怖,2
百战百胜,2
车距,2
深死,2
我装起,2
爬生,2
云飞,2
劲握,2
人力,2
儿超,2
血要,2
基垫,2
房有,2
补满,2
八实,2
独留,2
来尝,2
比远,2
风比,2
全无,2
兼程,2
大道至简,2
人道,2
阴柔,2
无生,2
中活,2
深更半夜,2
黑暗世界,2
泪离,2
人梦里忆,2
苍鬓,2
衰离,2
思家泪,2
怀人梦里忆,2
半半钩,2
寒如水,2
夜静,2
处客,2
之泪,2
怀人梦忆,2
思家,2
照不到,2
争鸣,2
蓝闪蝶,2
不堪入耳,2
猜学,2
秋刀鱼,2
偷米,2
搞垮,2
越大上,2
哩人脉,2
关系人,2
识人,2
遭整,2
每天花,2
鲫,2
包让,2
裸贷,2
团年饭,2
我莫得,2
遍布全国,2
陈坤,2
运回,2
人人皆知,2
九百多,2
太打,2
倒回去,2
遇球,2
红岩魂,2
城小,2
疲不像,2
崩得,2
电子管,2
爱晓不嘛,2
受贿,2
录点,2
纯净水,2
东想西,2
几百回,2
水和天,2
难用,2
散地,2
造人,2
悠样,2
落英缤纷,2
前想,2
比成,2
动能,2
就勒点,2
多大栋,2
街访,2
时不爱读,2
寒窑,2
背阔,2
水官,2
提码,2
囹哈,2
越往,2
逗该,2
哩演,2
逗补,2
打喊,2
建行,2
三十天,2
勒麦,2
勒帅,2
姓能,2
沟烟,2
看唠资,2
终期,2
解雇,2
硬往,2
楠哥,2
天界,2
原作,2
英雄气短,2
办过,2
想走过,2
坏血,2
元件,2
改创,2
独立化,2
窗眼,2
龙皮,2
下日,2
龙骨,2
龙脊,2
独息,2
共奋,2
释放者,2
领情,2
丧生,2
孙语赛,2
惋叹,2
后待,2
全撤,2
奶水,2
减量,2
赏罚,2
怒斥,2
悲愁,2
看望,2
优待,2
愛马氏,2
碳化,2
假粉,2
队服,2
队输,2
狗尾续貂,2
特火灭,2
稳输,2
胎物,2
统配,2
衰朽,2
神化,2
琴瘤,2
禽流,2
红腹锦鸡,2
愿祝,2
闹气,2
神术妙计,2
不忧,2
尿不湿,2
长脸,2
脸油,2
见得多了,2
前系,2
复制出,2
疑点,2
不详,2
沧海横流,2
断崖,2
不谋而合,2
黑发人,2
白发人,2
淋淋,2
推卸,2
六道,2
化敌为友,2
命丧,2
交织着,2
大是大非,2
坏处,2
长距离,2
格格,2
被捕,2
瘾乐,2
花房,2
声部,2
漏雨,2
罚单,2
尖刻,2
磨叽,2
热烈欢迎,2
捅娄子,2
脸方,2
不防,2
嘻哈人,2
封神榜,2
吃软,2
鸣响,2
眼大胃,2
诗章,2
对阵,2
巧夺天工,2
之意,2
劫数,2
无以复加,2
甄别,2
失序,2
秋凉,2
陈规,2
欲说还休,2
除却,2
巫山,2
漂游,2
略有,2
倾入,2
蛇头,2
走南,2
走北,2
掏金,2
戒律,2
雇佣,2
山峡,2
情投意合,2
伤怀,2
无所适从,2
实地,2
六环外,2
雷震,2
手黑,2
改日,2
火看,2
些喃,2
梦能,2
封建迷信,2
左爱,2
开变,2
迪克,2
输咯,2
股当,2
几强,2
人高,2
供刀,2
现川,2
拼妈,2
先玩人,2
明着,2
惜,2
拼桌,2
顺走金,2
端盘,2
开瓶器,2
钱卖,2
没钱会,2
反送,2
为点,2
出发地,2
流水声,2
手往,2
真他妈,2
出些,2
生为,2
谎称,2
宿主,2
今年冬天,2
头卖,2
生抽,2
蒸笼,2
生肉,2
伤个,2
心抗,2
普西些,2
小东西,2
叩上,2
连铺,2
罗盘,2
分钱,2
成球,2
砂皮,2
两万多,2
鸳鸯锅,2
批比,2
钱爽,2
白织,2
双白丝,2
口活,2
起切,2
往塔醉里,2
马踏飞,2
亲些,2
整满,2
前写,2
拿哈子,2
深红,2
瓜狗,2
纤秀,2
救来,2
老王卖瓜,2
强中强,2
老藏,2
扫盲,2
类同,2
朝下,2
带花,2
馋嘴,2
饿脏,2
脚架,2
伪娘,2
寻根追底,2
白饭,2
小崽崽欠,2
太多娘,2
童儿,2
得费,2
吃请,2
进屋,2
细软,2
募集,2
脏山,2
酒宴,2
禽流感,2
更脏时,2
诊费,2
偏后,2
帅来帅,2
日批,2
早天,2
颠二倒,2
凭穷,2
县份,2
职高,2
沉起,2
互相矛盾,2
缓哈,2
缅北,2
起球,2
打费级,2
进耍,2
永劫,2
花体,2
大龄,2
不哭,2
小铁,2
促销,2
疯红不红,2
拉不出,2
田径比赛,2
赵雷,2
葱蒜,2
狮子头,2
肉来,2
斗来斗去,2
几百吨,2
晒来,2
那达慕,2
骆丽嘉,2
行吟,2
太旧,2
光为,2
早退,2
舞女,2
有多苦,2
点水雀,2
我静,2
祝福语,2
持家,2
扬帆远航,2
总想找,2
玛麦麻,2
啃老族,2
普色,2
我勒歌,2
悬在,2
勒克,2
没累,2
面都,2
要抗,2
起能,2
车库里,2
褚,2
难以忘怀,2
拿不出,2
伙多,2
伙磨,2
勒山,2
劳保鞋,2
禁麦,2
黔西,2
嗅薇,2
订张,2
咯小帅,2
家妈,2
套紧,2
吃独食,2
涨死,2
春运,2
走多会,2
放绳,2
阿些,2
想克,2
打工仔,2
言悔,2
光说不练,2
边玩,2
边喊,2
聚齐,2
硬火,2
双闪,2
妖物,2
歌帅,2
搞不到,2
发科,2
越狂,2
灯关,2
鬼拉说,2
嘴点,2
磨子,2
妹些,2
过会儿,2
欧幼琳,2
歌吵会,2
活有,2
墨斗,2
硬伙,2
吃勒,2
烛手,2
拿勒是,2
何鬼敢,2
上领,2
律令,2
划掉,2
冥币,2
拼去,2
弱弱,2
人愁,2
翻盖,2
猪油,2
称展,2
破罐,2
花用,2
轰烈,2
加辣点,2
玩勒,2
穿汉裤,2
光屁,2
锒铛,2
妈喊,2
崩皮,2
点克嘛,2
过药,2
波波,2
滴水穿石,2
冷嘿,2
普西,2
卡准,2
野格要,2
氏,2
压准,2
死劲,2
咯算,2
小桥,2
拉得雷,2
哪留,2
黑十,2
酌杯,2
点少,2
勒酷,2
克录,2
冷酒,2
昏打,2
哔事,2
喃子,2
半泡,2
解大手,2
抵死,2
钱庄,2
奋得,2
趁热,2
毫子,2
顺得,2
咯二莽,2
喝小勒,2
酒闷,2
阿斯巴甜,2
裤带,2
唱想,2
兰新,2
传呼机,2
赶出去,2
层茧,2
并拢,2
歪丁,2
那离途,2
迷离扑朔,2
无糖,2
救心丸,2
面汤,2
会犯,2
里勒,2
智囊,2
半丈,2
要扮,2
抗力,2
侥幸心理,2
四份,2
争取时间,2
但他却,2
不太懂,2
穩贏,2
妳有,2
擠,2
心頭,2
正人君子,2
即时,2
未完待续,2
做点事,2
三爷,2
土生土长,2
演艺圈,2
自圆其说,2
欠得直,2
流涎,2
爱上爱,2
随遇而安,2
改说,2
坚石,2
滴个,2
展,2
虚浮,2
鲤,2
鱼跃龙门,2
茶道,2
生错,2
隔岸观火,2
文化底蕴,2
喇嘛,2
原单,2
找乐,2
少时,2
叫家,2
平平庸庸,2
乐是,2
策反,2
江头,2
脑出血,2
汉當,2
歡以,2
閒事管,2
寬,2
遭錘,2
說話,2
サ,2
や,2
み,2
以色列,2
可定,2
得莽,2
太下头,2
ver.00,2
事会,2
抽蓝黄,2
红楼,2
摆到,2
倪,2
洋芋片,2
勒要,2
黑七,2
那件事,2
随喝,2
有山有水,2
驾起,2
清平,2
正坐,2
不克,2
幾倍,2
場鯊魚,2
強都,2
過孽,2
威脅,2
門上,2
趕快,2
馗,2
小龜,2
貨太頂級,2
不許,2
講價,2
閉到,2
自吸,2
耍點,2
我車,2
女非,2
要後排,2
有勒種,2
眉兒,2
煙桿,2
千翻過,2
兒邊邊,2
哩尖,2
尖腳,2
禍事來,2
不脫,2
關公,2
財神爺,2
順便,2
放點,2
瘟,2
心和心,2
赖床,2
喙,2
生燃火,2
地价,2
针剂,2
露宿街头,2
择取,2
漂砾,2
夹不起,2
二十世纪,2
一平方米,2
禁止入,2
汽笛声,2
干瘪,2
人朝,2
用颗,2
江沪,2
责无旁贷,2
跑断腿,2
吹鼓,2
苏美,2
棕榈,2
坝体,2
印象派,2
操弄,2
原生,2
暮去朝来,2
资深,2
略知一二,2
近些年,2
善举,2
封好,2
莫兰迪,2
南移,2
联邦,2
掀动,2
那轴底,2
骤减,2
救险,2
比求,2
维基百科,2
毒草,2
绪绪,2
安慰剂,2
藕断丝连,2
缓急,2
钱袋,2
涂灰,2
灵台,2
中晕开,2
太多烂,2
这棵,2
铜钱,2
信要,2
孔融,2
峰里,2
餐前,2
王暖,2
拨乱,2
肉桂,2
松针,2
退堂鼓,2
许愿池,2
盛汤,2
之树,2
门内,2
铅笔头,2
贫乏,2
通信,2
担任,2
小雪,2
崇山峻岭,2
手绘,2
齐飞,2
龟裂,2
公鸭,2
干柴烈火,2
红绿,2
放射,2
大半年,2
外语,2
每季度,2
异国他乡,2
网民,2
试练,2
抗战,2
催人,2
招招手,2
而开,2
就切,2
儿点,2
交子,2
太空站,2
铜币,2
烧身,2
纸篓,2
太多双,2
竖直,2
谋财,2
叶能,2
镜能,2
先呼,2
受损,2
地开,2
讲当,2
创作者,2
盛赞,2
牢底,2
延用,2
再搬,2
奴隶主,2
冰河时代,2
雨果,2
匣子,2
车箱,2
市中心区,2
囚锁,2
印第安,2
童年阴影,2
扉页,2
倾泄,2
真诚地,2
泉眼,2
大徒沙,2
进谏,2
若隐,2
山芋,2
狠捞,2
神念,2
哥姐,2
及格线,2
似个,2
舍滴,2
拿些,2
廿,2
达个,2
特别版,2
驰援,2
防患于未然,2
朱门酒肉臭,2
立命,2
百折不挠,2
阳关,2
报国,2
之躯,2
骇人听闻,2
医务,2
护目镜,2
古铜色,2
理工大学,2
抗击,2
财经大学,2
来潮,2
家破人亡,2
妻离子散,2
满员,2
福利院,2
那光,2
撇下,2
遮挡住,2
嘴中,2
苦尽,2
像星,2
撇着,2
雪勒,2
雪色,2
套雪液,2
淹掉,2
异味,2
波澜起伏,2
越勇,2
随刻,2
胡讲点,2
伙像,2
库巴,2
爱情海,2
小河边,2
艾诗雨,2
听哈,2
上订,2
哈货扣,2
生存环境,2
漂洋,2
废置,2
牢饭,2
抹除,2
司马,2
警戒线,2
打怵,2
荣登,2
往瓜,2
却别,2
抽根烟,2
文风,2
心满意足,2
呓语,2
张力,2
光轨,2
蝉响,2
汤汤,2
闭月羞花,2
时代周刊,2
泪渍,2
枕垫,2
考进,2
起烟,2
不收手,2
分水岭,2
注满,2
推回,2
拟,2
宣,2
唐三藏,2
扣留,2
高昌国,2
六百年,2
伊朗,2
拉出去,2
冯玉祥,2
定能,2
古城墙,2
召回,2
玲玲,2
字来,2
条过,2
派出,2
碎娃,2
中蝶,2
贤妻,2
圆寂,2
刷掉,2
吉祥村,2
比斗,2
未央,2
票价,2
胆喝,2
逢迎,2
渐进,2
杏花,2
淋漓,2
一给,2
十瓶,2
一泻千里,2
战败,2
逆子,2
北北,2
人格分裂,2
洋装,2
开看,2
校霸,2
多忙,2
李达康,2
停步,2
踏定,2
封禁,2
这单,2
紧密联系,2
联姻,2
附录,2
假枪,2
上工,2
不打紧,2
失业率,2
温度计,2
白羽,2
九齿,2
心墙,2
候选人,2
扭起来,2
吊带裤,2
留中分,2
都力,2
莫比,2
倒像,2
货钱,2
邓肯,2
黏贴,2
捐赠,2
大厨,2
大宇,2
拼下去,2
值个,2
好事儿,2
八百万,2
王宝泉,2
全包员,2
牌阿彬,2
尿裹,2
回伙儿,2
杂拌,2
赶明儿,2
厂长,2
弟万,2
内阵,2
大鸡,2
拿降,2
柴鸡蛋,2
小博美,2
介是,2
连儿,2
勒坝坝儿,2
褂儿,2
帕帕儿,2
说勒个,2
躺倒,2
凉椅,2
噗汗,2
比金,2
跑切,2
说治,2
凑效,2
弃掉,2
扣住,2
从不间断,2
哪太多,2
寄人愁,2
八海过,2
陡新,2
换路,2
先一指,2
情丝,2
还得照,2
点路,2
绕点,2
所归,2
会学,2
地天,2
表彰,2
林灵,2
别化,2
毛宇龙,2
瘦马,2
青发,2
窃语,2
烛影,2
悠歌,2
白胡子,2
一池,2
来此,2
聪明才智,2
原力,2
似曾,2
繁星点点,2
落帐,2
红砂,2
子丑寅卯,2
马檀溪,2
虎视,2
眈,2
妖冶,2
相夫教子,2
一千一万,2
别划,2
山如,2
画山,2
因云,2
晦明,2
云共山,2
总没得,2
荒时,2
闽剧,2
过云纱,2
环怀拥,2
清辉如,2
素炳如,2
雪一弯,2
交叠,2
冬雪,2
青山常在,2
七大姑八大姨,2
水粉,2
白帝城,2
卢踏,2
行空,2
保研,2
辅导员,2
喝波儿,2
领会到,2
另一人,2
血字,2
死血永力,2
脸会,2
苏联,2
人外,2
绷卡,2
房卡,2
束花,2
甜得,2
贡嘎,2
准心,2
家业,2
追悔,2
婶儿,2
碍于面子,2
笔将,2
加紧脚步,2
更显,2
写太多,2
上扎,2
我交来,2
侧击,2
十几万,2
太犟,2
耳听八方,2
两支,2
巴拉子,2
小脸蛋,2
致伤,2
股掌之上,2
正面交锋,2
黑疤,2
决他,2
咖在勒个,2
解决矛盾,2
儿晒,2
甩皮,2
皮炎,2
接水,2
下暴,2
重车,2
耍不动,2
录会,2
严查,2
断粮,2
咻咻咻咻,2
猛皮,2
找永力,2
三幅,2
搞作,2
受到牵连,2
拍地,2
蕴涵着,2
上互,2
目管,2
佩带,2
爆得,2
高卢人,2
街道社区,2
简略,2
外环线,2
中环线,2
介点,2
多大码,2
多大耍,2
道牌,2
六家,2
寅子,2
老崩册,2
属果,2
多例,2
小性儿,2
达头,2
杠头,2
三一三十一,2
二一添作五,2
宰个,2
津门虎,2
没尿儿,2
先撒泡,2
直噔,2
野哥醒,2
醒盹,2
神头,2
肾头,2
出尿儿,2
买鸽,2
淡紫,2
不于,2
真会赖,2
破大戒,2
内挂,2
点洋,2
完小,2
刚烫,2
完澡,2
跳闸,2
嫌费,2
五连提,2
食火脱,2
锅介,2
别跌,2
栽揽佬人,2
泼揽佬仔,2
反应堆,2
上水官,2
成批,2
别北下,2
瓷好,2
不喇喇尿,2
介儿,2
咱不虚,2
没甲,2
武清,2
保定,2
白沟,2
道边,2
过大夜,2
西于,2
庄来,2
克昶,2
浓抹,2
娃换个,2
腐臭,2
再整,2
指甲盖,2
他活,2
奇花异草,2
仙桃,2
头昏,2
地球村,2
猴孙,2
莫走,2
冷言冷语,2
比莉,2
简请,2
他方,2
小河沟,2
迷红身,2
上无风,2
选右,2
一伸,2
逼数,2
数有,2
黄腔,2
会卷,2
被扰,2
轿,2
一清二白,2
忠义千秋,2
周记,2
洞口,2
不望,2
鱼跃,2
障目,2
雾蒙蒙,2
意中,2
一冬,2
花开花,2
达官,2
锭,2
脏得,2
完身,2
了不得,2
隆,2
连体,2
接不起,2
淡饭,2
蓑,2
酣畅,2
条街,2
男要,2
海在,2
香些,2
发箍,2
兵川,2
成金丹,2
两首歌,2
精宝卵,2
夜览,2
冒起,2
非昔比,2
半程,2
崩开,2
树后,2
烟要,2
沟子,2
身患,2
脑缺氧,2
平层,2
洗牙,2
转去,2
连书,2
国航,2
白金卡,2
保障性,2
不懈努力,2
黑头,2
马脑,2
瞒住,2
迎去,2
寻迹,2
刑拘,2
更灵,2
慌过,2
成渝,2
立交,2
罗生门,2
李梦颖,2
忍到,2
收账,2
香道,2
清老铁,2
不站,2
美竹,2
艾特,2
里少,2
我收,2
杰西卡,2
鸟居,2
高个子,2
五味杂陈,2
家属院,2
因材施教,2
夜猫,2
胖新,2
很尬,2
装水,2
盖碗茶,2
梦为,2
与友,2
名列,2
仙班,2
收队,2
对胃口,2
堵着,2
软糖,2
会恨,2
刘思鉴,2
下像,2
摆出来,2
这哈,2
撒割,2
拿药,2
梦魔,2
非梦,2
轻扬,2
以道,2
反握,2
脑神经,2
扣手,2
我痪,2
意未平,2
天未明,2
之父,2
大周天,2
几封,2
就造,2
担起,2
十里八乡,2
大红包,2
卯兔,2
没请,2
镜花,2
崔钦翔,2
聊下,2
麦开,2
录前,2
旭氏,2
八分钟,2
若天,2
且别,2
刚出道,2
谢过,2
恕罪,2
领军人物,2
晶状体,2
自由选择,2
偏不噶合,2
哈苏,2
它旭,2
制道,2
鲜味,2
说躁,2
艾热帕提,2
艾尼玩,2
干不收,2
狠人,2
粉化,2
禅师,2
勤奋好学,2
要诀,2
八十度,2
亲家,2
拉塞尔,2
特雷格,2
见雨里,2
编嘴,2
术晃到,2
忘家,2
教练组,2
加起速,2
无所不用其极,2
二一当,2
分进,2
头羊,2
惨帅,2
泼该,2
诺克,2
孙雅梦,2
周梓倩,2
城映,2
江轮,2
嘿坡,2
陡老言,2
毫杆,2
三道坎,2
鎏,2
客东,2
东路,2
储,2
奇门,2
落雪,2
阶,2
伊耶,2
开咯,2
天都亮,2
深吸,2
石缝,2
檐下,2
巴山夜雨,2
必有用,2
老弱,2
五十年,2
付完,2
木船,2
驼铃,2
阴得,2
梦净,2
在水中央,2
凉席,2
以拳,2
烹香,2
귀,2
굴,2
缅因,2
样说,2
超模,2
尚特,2
람,2
当放起,2
过恨,2
套车,2
没锁,2
不太熟,2
太素,2
一治,2
后移,2
坐吃山空,2
刘宪华,2
磕疼,2
胡旭,2
不作美,2
上气不接下气,2
我斗,2
笑不笑,2
精挑,2
黄桷,2
青枝绿叶,2
汤小面,2
巍子,2
晃事用,2
张字,2
头颈,2
半淡半,2
丰盈,2
大坏蛋,2
买太多,2
中穿,2
折衷,2
亲果,2
果小新,2
松油,2
产生纠纷,2
耶脚,2
微动,2
带锁,2
册山,2
飞过去,2
钱江,2
叶俊,2
点教,2
粉该,2
局看,2
中国民航,2
事配,2
严导,2
创新者,2
独具匠心,2
养养,2
黄硕干,2
没细想,2
夜长梦短,2
雪蝶,2
更认,2
多活,2
脱离危险,2
我太会,2
沟通交流,2
吼道,2
天造,2
别绕,2
凌厉,2
说散,2
不跟人,2
太委屈,2
没长心,2
汤会,2
分不太清,2
递上,2
荒外,2
咯醉,2
远帆,2
得信,2
滚别,2
跪求,2
避让,2
屁放,2
吊足,2
种瘾,2
永合,2
走慢,2
忍著,2
没问,2
音综能,2
五班,2
动过心,2
巷尾,2
失之交臂,2
灯海,2
般难,2
圈出,2
杨明禹,2
颜祁宇桢,2
邹杭飞,2
王萍,2
吴思琦,2
励怡彤,2
冯亚鸽,2
酷爸,2
新店溪,2
种茶,2
耳内,2
脑内啡,2
土像,2
撒个欢,2
痛结,2
重善,2
夸丑,2
萨用,2
山压,2
最绕,2
我晃,2
地用,2
夜礼服,2
滑着,2
泽北,2
阿特金,2
再花,2
冲校,2
里立,2
邓小,2
刘和小孙,2
会考,2
贴脸,2
没有学问,2
无脸,2
做官,2
羊用,2
经纬度,2
天比个,2
题该,2
转遍,2
海与天,2
泳裤,2
浪里白条,2
那招,2
渐黑,2
共生体,2
痞不痞,2
拥向,2
靠演,2
竖笛,2
大星,2
洛温,2
飞莫得,2
火它,2
审核,2
尽带,2
随球,2
猜出,2
冷听首,2
伤是,2
爱痕,2
之歌,2
歌请,2
租用,2
私聊,2
梦多,2
肘间,2
不太能,2
球孩才,2
访问,2
命定,2
贵重物品,2
变态狂,2
放心大胆,2
桥安个,2
尖酸,2
要接,2
地拉,2
抽中,2
切花,2
周转,2
总经理,2
商务局,2
要烈,2
开冲,2
没超,2
估没估,2
富过,2
半桶水,2
坏名声,2
会以,2
拔人,2
成路,2
灯具,2
差范儿,2
多遭,2
财务报表,2
傲娇要,2
奏章,2
防住,2
宝嗦,2
哲学家,2
差球,2
再瓜,2
油量,2
说少,2
生说,2
好笨,2
集少成多,2
儿整,2
年生,2
损招,2
交结,2
日天,2
事在人为,2
用狗链,2
扣字,2
双路,2
王倩倩,2
穿人,2
八格,2
范歪,2
古风,2
浑厚,2
当鹿晗,2
微博到,2
铁饼,2
当微商,2
喃要,2
凭心,2
而论,2
遭求,2
好逑,2
好想付,2
一百句,2
嘴甜,2
苦些,2
五卖,2
煮菜,2
没当,2
过瓜,2
货有,2
扭伤,2
髌骨,2
说怪,2
有雾,2
忙乱,2
没拼好,2
秘境,2
筑成,2
天再,2
很拉垮,2
戴银,2
很满,2
有话要说,2
望到,2
跟本,2
步惊云,2
幸苦,2
首杀,2
切干,2
镭射,2
兵营,2
难顶,2
压道,2
这片海,2
不放点,2
林宥,2
躲酒,2
日夜不分,2
飞飞到,2
以千计,2
蹄下,2
败絮,2
逆时针,2
洁白无暇,2
尘秽,2
满场,2
正逢,2
繁体,2
吃回扣,2
毒头,2
毒脑,2
麦特,2
真速度,2
菜别,2
快慰,2
相认,2
那丝,2
归结,2
眉目传情,2
都市人,2
出得,2
酷为,2
畅,2
中山大道,2
病不轻,2
半米,2
冰茶,2
闲家,2
许卓恺,2
楽,2
车牌号,2
找代驾,2
杨惠琳,2
郑米涵,2
再接,2
带多,2
帅不帅,2
眼屎,2
壁上,2
次元,2
梦化,2
来选,2
胚则,2
._.,2
親愛的,2
當作,2
禮物,2
送給,2
給我們,2
好米現,2
兒子,2
將才,2
出頭天,2
中頭獎,2
飛凌機,2
代誌,2
点个睛,2
低微,2
路想,2
番外篇,2
两人份,2
半圆型,2
姜子牙,2
十两,2
水到渠成,2
风卷残云,2
曙光乍现,2
心诀,2
小便宜,2
董泽皓,2
不太见,2
一家老小,2
海珠,2
放亮,2
按揭,2
填不饱,2
李怜彩,2
死因,2
绑个,2
开间,2
悬壶济世,2
圣衣,2
扛枪,2
舞枪,2
唐森,2
装和裳,2
想拿叨,2
夺亮,2
四娃,2
五娃,2
六娃七娃,2
通车,2
裙儿,2
嫂嫂,2
养点,2
超在,2
绑根,2
土惨,2
他敢,2
考倒,2
烧脑,2
公转,2
三元里,2
早八,2
新作,2
穿少,2
隔夜,2
想不浪,2
十八条,2
乔一,2
假来点,2
放心不下,2
抽空到,2
夜来,2
水坑,2
天起,2
初步,2
天荒,2
拍段,2
目的性,2
办妥,2
吹要,2
门未开,2
那辆车,2
首新歌,2
脸想,2
墙倒众人推,2
长宁,2
B轮,2
再套,2
选点,2
又学,2
孤山,2
陶然亭,2
淡紫色,2
食在,2
游转,2
越秀区,2
天河区,2
半只,2
边科,2
最惊系,2
最尾食,2
白果,2
琉璃瓦,2
马连道,2
崇文,2
蹲儿,2
大师傅,2
图书大厦,2
懒老炮,2
开辣,2
够得着,2
读不出,2
袜儿,2
架儿,2
箓,2
发儿学,2
坦为,2
直杆,2
白毛,2
管城,2
得惯,2
发尖,2
乱画,2
流亡,2
缺只,2
灯初,2
上有老下有小,2
就夜,2
地唱,2
白百何,2
直直,2
网名,2
个迪,2
解压,2
假面舞会,2
接单,2
街心,2
天过,2
热焰,2
中梦里,2
口天,2
铁锁,2
跳著,2
聲音,2
上個,2
能播,2
部长,2
折现,2
洁面,2
几束,2
多圈,2
这抹艺,2
十三道,2
大辙,2
武侯祠,2
白山黑水,2
矿产资源,2
湖南长沙市,2
下奏,2
实介,2
山塘,2
红菱,2
茭白,2
鸡头米,2
请倷吃块,2
个言话,2
跟倷讲,2
伢个,2
坏个,2
蛮泰个,2
摊倷就,2
鱼米之乡,2
哈塔,2
马马虎虎,2
勉勉强强,2
西塘,2
堵辣,2
地浪到,2
只遍,2
勿论,2
侪是,2
侪辣,2
坐会,2
格渣,2
板辙,2
醋溜,2
听相声,2
麻雀虽小,2
家雀,2
下盘,2
虾饺,2
命谈,2
龄,2
盘大,2
不大个,2
板马,2
库尔,2
阿图什,2
奎屯,2
塔城,2
昌吉,2
建城,2
洋务,2
汾河,2
南端,2
乱到,2
快跌,2
这跌,2
菌菇,2
过桥米线,2
可得记,2
切中,2
走咧琪子,2
归元寺,2
李小,2
我遇,2
冷翠,2
化着,2
美图秀,2
尘封已久,2
色戒,2
丁克,2
角头,2
巨额,2
百乐门,2
望梅止渴,2
佛罗伦萨,2
篮球队,2
不太远,2
没爱,2
累到,2
橙花悠,2
不拜,2
多能,2
看缺,2
兵们,2
闷闷不乐,2
然让,2
妹辣到,2
扮起,2
凌凌,2
败絮其中,2
中别,2
隔离开,2
充盈,2
吞到,2
不明不白,2
地来,2
人都学,2
经纶满腹,2
稳操胜券,2
调休,2
空包弹,2
驾驶舱,2
列车员,2
百分之八十,2
部车,2
雪梨,2
回回,2
发发奇,2
少尉,2
豆蔻,2
洛,2
店老板,2
贝克,2
黑白电视,2
坐席,2
惯得,2
折翅,2
歌用,2
港片,2
纳米,2
赛亚,2
天佐,2
反调,2
火前,2
复命,2
载重,2
不法,2
郁金香,2
消了,2
不惜代价,2
风反,2
处变不惊,2
儿比,2
藏语,2
大酱,2
捐助,2
藏得,2
开发智力,2
炮炸进,2
酬金,2
阳光普照,2
雪花片片,2
山地,2
碰着,2
听人,2
盲山,2
恶煞,2
之血,2
三节,2
登峰,2
三十六峰,2
八段锦,2
消王,2
武道,2
红钟鸣,2
碧瓦,2
爆是,2
栽上,2
挑去,2
散不掉,2
但怕,2
一下下,2
花太多,2
魔毯,2
捡漏,2
礼貌性,2
就通,2
运河,2
岚岚,2
情有独钟,2
没羞没臊,2
没人当,2
广不,2
迭代,2
节哀,2
没药,2
蒋天骐,2
低级趣味,2
相见恨晚,2
爱加,2
一九九五年,2
脑往,2
唾上,2
干干的,2
当山,2
垒上,2
造想,2
畏首畏尾,2
手抖,2
中轴线,2
敢死,2
终篇,2
仙家,2
一画,2
超龄,2
老木,2
剧毒,2
名师,2
梁静茹,2
起哥,2
护具,2
一个班,2
可尔,2
装个样,2
地痞流氓,2
涉及,2
一库,2
绘声绘色,2
嘟起,2
只谈过,2
潘西选,2
选廖效,2
年货,2
脚全,2
选不选,2
后渐,2
落一地,2
再卷,2
自恃,2
扫万马,2
一棍子,2
何处寻,2
荷叶,2
忍术,2
つ,2
浮尘,2
路遥,2
春花秋月,2
美霓,2
买通,2
下坡路,2
回见,2
人画,2
再混,2
翻一番,2
火腿肠,2
珠宝店,2
行动代号,2
边路,2
自有妙计,2
巴拉巴,2
路伴,2
转下,2
画来,2
通行无阻,2
枪雨,2
混上,2
当转,2
锦衣玉食,2
保不住,2
敌百是,2
博弈论,2
卜,2
画眼线,2
维密,2
金银花,2
持久战,2
坐观,2
我边,2
小坏,2
保存实力,2
呼叫转移,2
抓出去,2
拉磨,2
我勒好,2
掏刀,2
肥羊,2
病发,2
一枝,2
俯卧,2
燥燥,2
过万人,2
邓森,2
半杯,2
命头,2
爽约,2
天色已晚,2
瞎折腾,2
金钩,2
一烁,2
包夜,2
看能,2
紧贴着,2
人定胜天,2
喷香,2
羽化,2
杜鹃花,2
先帝,2
蜀汉,2
曹魏,2
杖,2
四十六个,2
贷虾,2
讨便宜,2
飞毛腿,2
经和纬,2
硬药,2
来供,2
诰,2
赢面,2
那酸,2
连发,2
被扣,2
漫着步,2
伽,2
盖亚,2
二班,2
中间商,2
垂着头,2
对抗赛,2
我目,2
代理人,2
如燕,2
院中,2
印有,2
吃力不讨好,2
插来录,2
博德,2
真痛,2
死不带去,2
金属性,2
夺金,2
大盲,2
把料,2
骑兵团,2
散牌,2
种子选手,2
男盆友,2
红晕,2
挫敗,2
来福,2
男兒,2
必有我师,2
看球,2
戒赌,2
独子,2
面熟,2
包过,2
放缓,2
美腿,2
弥足珍贵,2
种棵,2
外来人口,2
混淆视听,2
喷麦,2
不依不饶,2
快拉上,2
抽张,2
完年,2
富余,2
一字不漏,2
向右走,2
向左走,2
电有,2
爱巢,2
直挺挺,2
安非他命,2
没规矩,2
胸无城府,2
支歌,2
晃成,2
绛紫色,2
肺病,2
优厚,2
音樂談,2
有存,2
酒存,2
更衣室,2
放置,2
母爱,2
成好,2
掩人耳目,2
腰细,2
引进,2
试下,2
西丽,2
南油,2
北环,2
歌路,2
尼斯,2
光合作用,2
录新歌,2
咸蛋,2
明尼苏达州,2
小笨蛋,2
邵子,2
多放点,2
宰相肚里,2
阿诺德,2
笑里,2
你勒命,2
溏,2
水火不相,2
回魂夜,2
修修,2
上哥,2
捏断,2
勒腰,2
手抱,2
冲杯,2
大脚怪,2
己经,2
几哈,2
先系,2
奖励品,2
滨崎步,2
一腿,2
上报,2
人太飘会,2
真配,2
payfor100%,2
语言表达,2
四十五分,2
走秀别,2
舞弊,2
求点,2
白等,2
国标,2
说不清道不明,2
泥石流,2
后镜,2
光荣榜,2
自饮,2
眯着眼,2
含恨,2
惊世,2
跳戏,2
早点儿,2
一招半式,2
人不学,2
刀枪剑戟,2
悬梁刺股,2
弓步,2
冲拳,2
有望,2
拳师,2
障碍物,2
年三十,2
民风,2
晨钟,2
陈泽刷,2
青纱帐,2
冤死,2
穷困,2
说说笑笑,2
美轮美奂,2
羞怯,2
完美无瑕,2
电一电,2
金镯子,2
味开,2
坦白交代,2
香到,2
鹦鹉螺,2
胡新怡,2
早报,2
王禹丹,2
鉴赏会,2
哥连,2
小智,2
真新镇,2
鑽,2
番剧,2
鴿子,2
熔化,2
UneverknowUrno.1,2
比放,2
能聊,2
面会,2
人害,2
心急如焚,2
亲属,2
酷别,2
小脑,2
十八禁,2
发令,2
缕,2
道工序,2
怀恨,2
白问,2
你秀,2
器具,2
农业,2
只缺,2
专精,2
东西南北中,2
防腐剂,2
害哈,2
噌,2
唾,2
骨石骨,2
金子般,2
琢,2
再信,2
这一波,2
不录,2
无数颗,2
精力过剩,2
都动,2
长龙,2
昆,2
蔡徐,2
用盘,2
下玉,2
供应商,2
推销员,2
葡萄牙,2
演不完,2
网格,2
楼爱,2
山不向,2
酷毙,2
上档次,2
吉祥物,2
气死人,2
瓶雷,2
陪天,2
电视节目,2
追不回,2
代志,2
拼会,2
供虾,2
会供,2
虾会,2
林北来,2
备足,2
恰饱,2
四位,2
比巴卜带,2
意向,2
废寝,2
注押,2
比对,2
闭掉,2
泡弹,2
局给,2
防守反击,2
打崩,2
开牌,2
会霸,2
不锈钢,2
黑面包,2
不松,2
凉请,2
顶有,2
自讨没趣,2
面装,2
镯子,2
闪弟,2
人放,2
蜥蜴人,2
炯,2
炊事,2
用迪通,2
牌来,2
谈昏,2
太丝滑,2
假像,2
灵通,2
橡皮筋,2
小鬼当家,2
扭开,2
束,2
习武,2
橡胶,2
周报,2
贡,2
看新,2
背触,2
背住,2
花草,2
皮卡多,2
跌跌,2
不论如何,2
情绪稳定,2
閃耀,2
顯得,2
本領,2
沒長,2
光哥,2
当玩,2
头尾,2
小白龙,2
tleavemealoneVerse.1,2
步聊,2
整路,2
tleavemealoneVerse.2,2
缺对,2
歌选,2
疯要,2
门开,2
没卡上,2
还贵,2
王祖贤,2
值来,2
篡夺,2
瞄着,2
漏掉,2
一霁,2
柔然,2
横吹,2
可几人,2
安林瑶,2
漫在,2
行如,2
同于,2
问苍天,2
以土,2
敌阵,2
马翻人仰,2
路不教,2
胡马至,2
慈航能,2
杀人偿命,2
安归家路,2
迢迢,2
砂纸,2
活塞,2
贝弗利,2
奥本海默,2
万丈高楼,2
龙兄虎弟,2
钱怡辰,2
火隆果,2
抢手货,2
顽固不化,2
三丈,2
不明飞行物,2
淋漓尽致,2
开家,2
更坏,2
轰走,2
远别,2
线外,2
楼价,2
黑胶碟,2
暗时,2
郭子敬,2
成金,2
护短,2
缠点,2
由你定,2
孤冷,2
炮喊,2
再野,2
余辉,2
赏识,2
裘德,2
各异,2
去照,2
高台,2
换汤不换药,2
卖快,2
按赞,2
订阅,2
拍谢,2
锅来,2
疯活,2
愿输,2
小步,2
闹脾气,2
动着,2
看得准,2
种人,2
家数,2
美人迟,2
细诉,2
沙问,2
原则性,2
龟速,2
靠个,2
排解,2
倒也不是,2
一大口,2
个帅,2
午餐会,2
半它,2
关后,2
爽到,2
飞多高,2
有间,2
扬尘,2
荒度,2
断线风筝,2
牛角尖,2
得通,2
能盖,2
试探性,2
看一弯,2
一山折,2
碑立,2
那新,2
放风筝,2
离远点,2
摆阔,2
采购,2
命长,2
守信,2
香喷喷,2
不食烟火,2
鸣人,2
都治好,2
窗花,2
喜气洋洋,2
喜事,2
蒸蒸日上,2
河西走廊,2
峥嵘,2
福临门,2
马师,2
卡到,2
掌个,2
没水,2
类人,2
变笨,2
仁至义尽,2
肥猪,2
谈何,2
阻击,2
大头贴,2
败家子,2
江湖人称,2
武林高手,2
败败败,2
洞府,2
索索,2
古琴台,2
担怕,2
滚切,2
画展,2
斯巴达,2
往后仰,2
成就奖,2
关注点,2
面扎,2
四场,2
再狂,2
整的,2
芥蒂,2
远来,2
数嘛,2
始祖鸟,2
不赏,2
盖碗儿,2
但莫得,2
会分,2
不讨喜,2
铁锹,2
前段时间,2
后裔,2
败败,2
帖,2
绝无仅有,2
张正,2
多喝水,2
喷人,2
想尽,2
纯靠,2
纹到,2
伙给,2
管球,2
缉拿,2
热胀冷缩,2
谢辞,2
抠搜,2
妙手回春,2
医,2
神医,2
品行,2
赤忱,2
反讽,2
爬切,2
没枪,2
加爆,2
没听说过,2
臣民,2
并茂,2
突,2
旅行团,2
晨霜,2
炙,2
酒囊,2
庞然大物,2
热寂,2
发当,2
纹藏,2
丑话,2
蹄筋,2
投机倒把,2
劳作,2
说来听听,2
齐放,2
聪明绝顶,2
感到恐惧,2
告终,2
蛋黄,2
理疗,2
像模像样,2
青苹果,2
子虚乌有,2
精神恍惚,2
终身难忘,2
吃饱喝足,2
彩色照片,2
哑语,2
走过场,2
漂同,2
社会治安,2
卡巴,2
恰着,2
潼潼点,2
侃子,2
开个播,2
拆迁办,2
刚是,2
长草,2
铺面,2
伯格,2
纲丝特,2
硬件,2
挑染,2
卷发,2
CNNO.1,2
结连,2
翘起来,2
晚饭时间,2
热想,2
我太直,2
纪,2
念挂,2
新发明,2
提花,2
巴洛特,2
次元库,2
洛米,2
这琬,2
帮龙,2
吃票票,2
夫人,2
砸锅卖铁,2
最多算,2
gatoyapkaldemyanatitidikanqayganantugurupbiggerdarijagayetipnextbikatdaChinaNo.1,2
民考民,2
CHINANO.1,2
机油,2
扎克,2
夸克,2
耍勒,2
ط,2
老铁们,2
窖,2
外包,2
这一觉,2
大白兔,2
居士,2
特权,2
的士高,2
头放,2
更正,2
进厂,2
会惯,2
耙子,2
来口,2
我嗦,2
糖果店,2
糖纸,2
挤下去,2
几袋,2
懒虫,2
向左转,2
向右转,2
干批,2
潜水,2
土龙鸣,2
小庆,2
أ,2
这顺,2
天启来,2
肉食,2
再挤,2
搜上,2
得加,2
加餐,2
划不来,2
好莱屋,2
试水,2
揭不开,2
八总要,2
群卖,2
每节课,2
桥边,2
作出贡献,2
小丧歌,2
书吧,2
长筒袜,2
石油价格,2
吊死,2
我思,2
故我在,2
薇,2
自卫,2
大计,2
眼药水,2
穿花,2
泡点,2
当归,2
受限于,2
排前,2
表换,2
含进,2
脸像,2
纯辣,2
文艺创作,2
我拉低,2
昂忘,2
考题,2
跑题,2
得换,2
哐啷,2
卡姿兰,2
BRADACHINANO.1,2
带假,2
轰油,2
费列罗到,2
顾虑到,2
白大,2
混战,2
后刚,2
保险库,2
站稳脚步,2
说信,2
求当,2
缩着,2
碰买,2
惨说,2
小矮人,2
牵挂着,2
中途下车,2
嘴嚼,2
为个,2
新鲜出炉,2
快捷键,2
这真,2
谨言慎行,2
共生,2
相生相克,2
毫不在乎,2
血馒头,2
丢求,2
时十,2
之十之九,2
这物,2
女金,2
如痴如梦,2
撩骚,2
每页,2
批发商,2
楚杰,2
窥看,2
闯起,2
不冷,2
五排,2
中北,2
用票,2
儿堆,2
骚耍,2
王楼,2
耶豪,2
车刀,2
开雅迪,2
盘丝洞,2
过弯多,2
绕弯子,2
敷着,2
好几回,2
好点没,2
柳暗花明,2
舒适感,2
大流,2
吞蚀,2
别像个,2
喷个,2
无意之中,2
绷住,2
我戒,2
雄才大略,2
事里,2
转脸,2
重选,2
弄臣,2
蒙人,2
哈着,2
东施效颦,2
卖狗肉,2
耍酒疯,2
分错,2
承担责任,2
低位,2
伴有,2
长叹,2
掏着,2
卡扎菲,2
小秘方,2
值低,2
喷雾,2
告下,2
推史,2
狗牙,2
活久,2
一板一眼,2
没内个,2
泥歌,2
包青天,2
药鬼,2
摆过,2
洗车场,2
揣手,2
小厅,2
き,2
指姆金,2
太带,2
得帅帅,2
奥莱,2
好超,2
吃颗,2
脑阔,2
刷分,2
翔,2
放款,2
主厨,2
绿岭,2
叶轩,2
交互,2
防狼,2
一眯脚,2
醉剑,2
一吃,2
肯得基,2
不租,2
乌萨奇,2
像彦祖,2
第零,2
滚咯,2
旧衣服,2
穿身,2
来解,2
说怪话,2
几叠,2
椰果,2
驾驶证,2
不诚实,2
变麻,2
泼点,2
应接不暇,2
锐步,2
回本,2
标志性,2
一耍,2
玉玺,2
马上飞,2
成绵,2
进新,2
邀功,2
交个,2
孢子,2
处理器,2
剩哩列,2
性而爱,2
黑帅,2
好软,2
只会装,2
枪击,2
哩歌,2
我扮,2
看哈儿,2
扎满,2
戳心,2
火管,2
过力,2
哪数,2
逗勒,2
王铂涵,2
嗐,2
莫切,2
拓广,2
老紫们,2
脚底流脓,2
鸭儿,2
骚话,2
锅铲,2
撒孙,2
绿豆粉,2
撒绕,2
撇哈莫来,2
假包,2
爱而性,2
同城,2
黑小迈,2
夺列些,2
意兴阑珊,2
游击战,2
探照灯,2
我什,2
锦涛,2
秋香,2
穿点,2
进切,2
七夕节,2
不苦,2
吐苦水,2
好哩,2
公交车站,2
矛,2
我列,2
列个,2
冷要,2
坐哈,2
二回,2
第五个,2
梅开,2
如霜,2
三月份,2
走哇,2
我言,2
走隆,2
立体几何,2
怕苦,2
化上,2
混咯,2
谎骗,2
就會,2
恁大个,2
從什麼,2
秋刀,2
魚會,2
罐頭會,2
連保鮮紙,2
梁处,2
倡导,2
简史,2
因小失大,2
潘金莲,2
退房,2
我拉到,2
愣住,2
太飞,2
再放点,2
对大,2
百次,2
小门,2
聊会天,2
盹,2
踢毽,2
艳照,2
九五,2
分支,2
龍胆,2
夜猫子,2
這段,2
還不回,2
號是,2
最愛吃,2
银装素裹,2
火只,2
连雪,2
心生,2
我和程,2
弯来弯去,2
列点,2
猜不爱,2
捻灭,2
阿伟,2
转刚,2
黑久,2
难念哩经,2
镶哩,2
裸体照片,2
玻璃柜,2
起割,2
张饼,2
咯有,2
内心独白,2
烂烂,2
芡,2
節,2
我願意,2
號,2
鳳梨罐頭,2
鳳梨是,2
陆离光怪,2
十几米,2
加缪,2
请少,2
他太过,2
彬彬有礼,2
再下,2
第二轮,2
林德伯格,2
一个劲,2
艺术馆,2
感别,2
缺心眼,2
毁满,2
微博求,2
糖高,2
哔要,2
打表摩,2
茹克亚,2
配渣,2
瘙痒,2
卧佛寺,2
有苯佐,2
卡因,2
累不死,2
花才,2
亨德利,2
瞎闹,2
婚纱照,2
下联,2
看不看,2
阳谋,2
孙宸宇,2
再秀,2
命别,2
大器晚成,2
搭起,2
写迪斯,2
宝里,2
流感,2
ONSTYLENo.901,2
咖奈吉,2
错往,2
划圈,2
完嘛,2
筏,2
逼上,2
只狗哥,2
下烂,2
停要,2
没想切,2
李米,2
大笨钟,2
唇红,2
卢本伟,2
七块,2
七八年,2
录张,2
浑身发抖,2
本杰明,2
哥本哈根,2
碍手碍脚,2
算命先生,2
如有雷同,2
纯属虚构,2
侍,2
同感,2
耕,2
通任督,2
由内而外,2
芭蕾舞,2
组了,2
太软弱,2
脸能,2
报表,2
兵力,2
病根,2
考不上,2
脑血栓,2
二进制,2
矢口否认,2
烧起,2
囚困,2
装样,2
认真思考,2
停放,2
西装笔挺,2
吸睛,2
灌顶,2
易物,2
比撒,2
炼造,2
尼古拉,2
炼出,2
以诚相待,2
温室效应,2
飞不高,2
盛大,2
情色,2
样活,2
生日派对,2
穷路,2
饥不择食,2
油烟味,2
房中,2
情欲,2
激将法,2
广发,2
微积分,2
卡上,2
头才,2
豹皮,2
一言一行,2
水立方,2
要容,2
唠嗑,2
歪货,2
阳光充足,2
包世宏,2
面受,2
伤配,2
夜谟西,2
刷来刷去,2
想个办法,2
我鞋,2
扎啤,2
够劲儿,2
辣不辣,2
只节,2
藏族,2
第三极,2
亲多,2
近别,2
舍掉,2
台湾海峡,2
每逢佳节倍思亲,2
衬发,2
绝关,2
阿里山,2
白沙湾,2
其煤,2
一零一,2
一零八零,2
莫争,2
茶叶蛋,2
万余,2
爱转,2
早目,2
繁荣富强,2
宗亲,2
台独分子,2
败退,2
安结,2
逗阵,2
时阵,2
丝买个,2
宁个,2
歪脑筋,2
掫,2
啥样,2
大势所趋,2
玩才,2
ᠽ,2
接班,2
ꏬ,2
ꅇ,2
ꅳ,2
ꀧ,2
ꈝ,2
ꂴ,2
ꉚ,2
ꊾ,2
ꈩ,2
ꑲ,2
ꇆ,2
厢,2
老老,2
长通,2
佤族,2
回归祖国,2
옹,2
헤,2
왔,2
글,2
섞,2
식,2
씀,2
还容,2
血过,2
结个,2
顶大,2
认祖归宗,2
转来,2
中国台湾,2
故四,2
一垒手,2
银刃,2
台毒,2
拧成,2
弗要,2
高雄到,2
人太少,2
全由,2
看横,2
看想,2
扬子江,2
锦绣河山,2
那方人,2
吃庆记,2
魂流,2
归心似箭,2
怀拥,2
和平统一,2
返去,2
早印,2
加菲猫,2
造船,2
先分,2
户部,2
盼侬,2
辰光,2
坏宁快,2
心旌侬,2
骚点,2
总告,2
乌枣,2
同小老,2
非分,2
托到,2
淘掇,2
切点,2
黄老个,2
龙拿个,2
归锅,2
唐山人,2
百折不屈,2
夏商,2
汉唐,2
两宋,2
子妹,2
乘阴活,2
名族,2
绍兴,2
美国佬,2
只光,2
辣想,2
霉爷,2
亲娘,2
人言话,2
小三子,2
莫吵,2
血哈,2
一馆,2
利马,2
调蛮,2
魂楼,2
拍碗,2
粉楼,2
蛋酒,2
解封,2
潮涌,2
打群架,2
人帅,2
咵,2
真不累,2
带勒里,2
买过,2
多滴,2
崩硬,2
房祖名,2
林志玲,2
开鸟,2
少带,2
机都,2
闹海,2
来压,2
猎下,2
自述,2
指间,2
企求,2
剥过,2
阔个,2
老万,2
切客,2
罩子,2
江滩,2
这聊,2
竟守,2
标竿,2
直跑,2
胳臂,2
划得,2
回惜,2
发闷,2
麦香梦,2
撤落,2
滤掉,2
催福麟阁,2
犹泪,2
回眼,2
浅色,2
老莫小个,2
夜幕低垂,2
变大有,2
砌成,2
整垮,2
抓有,2
累天,2
承若,2
通是,2
哈巴,2
老战友,2
小皮,2
韵个,2
砸子,2
打条,2
爱国主义者,2
國士,2
分別,2
統一,2
樂業,2
定無法,2
抵擋,2
宁夏,2
塞上江南,2
那岸,2
一瓦新,2
迟们,2
之患,2
家来,2
兵学,2
打屁股,2
倭寇,2
夷,2
变鬼岛,2
支花,2
二龙戏珠,2
我师,2
振臂一呼,2
四山五岳,2
六合之内,2
好先,2
收哈,2
莫送,2
團結,2
人民共和国,2
屋滴,2
誓死保卫,2
一哈要,2
炸块,2
板沙,2
横肉,2
斗里,2
生得,2
南京路,2
雷子头,2
外门,2
邪道,2
合成,2
狗头军师,2
衬托出,2
沦丧,2
当今社会,2
现学,2
现抄,2
抢点,2
莫光,2
武汉站,2
皮人活,2
涨到,2
蛮怀,2
小眼,2
少词,2
一厝人,2
毋须,2
拉罐,2
专捉,2
单边,2
跳投,2
鼓膜,2
摩拳,2
擦掌,2
上年,2
大一统,2
外排,2
新纪元,2
花眼,2
过劳,2
刚醒,2
局高,2
神魔,2
批人,2
全红,2
怕错,2
血月,2
最富,2
知性,2
乖点,2
赛脸,2
包咯,2
只长,2
谋略,2
探花,2
时比,2
新发,2
画用,2
条河,2
给弟,2
我逆天,2
中习,2
千帆渡,2
钻牙套,2
康庄大道,2
苏有朋,2
翻船,2
新账,2
算清,2
车太多,2
压惊,2
迅捷,2
魂归,2
语法,2
恶棍,2
蛐,2
京中,2
我破,2
比卡兹,2
不可违,2
风火轮,2
时间推移,2
深远,2
我调,2
摔断了腿,2
装闷,2
太恨,2
批麻,2
没走,2
前半部,2
逐桃,2
花要,2
下骚,2
不吻,2
钟刚,2
房舱,2
八缸,2
吸不走,2
车险,2
你佳隆,2
翻哈前,2
卡掉,2
渡离,2
终曲,2
观台,2
烈阳,2
金乌,2
哪场,2
烟脚,2
好差,2
像范,2
浮雕,2
罗涛,2
国庆,2
画质,2
一登,2
玉有,2
事来决,2
没煮,2
血旺儿,2
贴画,2
交际舞,2
金刷,2
如土挥,2
臭男人,2
怕疼,2
打撑,2
崩断,2
解过,2
文城,2
几本书,2
太冰往,2
焦川,2
切说,2
苹果园,2
怯意,2
头洒,2
水岸,2
从溪,2
岿然不动,2
金鳞,2
读佛,2
十二生肖,2
飞片,2
要切,2
凉华强,2
查房,2
法盲,2
武打,2
板寸,2
皮袄,2
温控,2
笔趣,2
雅库,2
古龙水,2
开在晶,2
爷天凉,2
殷勤,2
鱼皮,2
腥臭,2
创办,2
条条大路通罗马,2
太多别,2
品德,2
绝后,2
老年痴呆,2
耨,2
魁首,2
爷天,2
踏落,2
棉脑,2
里哥,2
老美华,2
棉鞋,2
娘们,2
百善孝为,2
伟,2
赫命,2
两散,2
六欲,2
野鹿,2
深层次,2
不论怎么,2
棋牌,2
男枪,2
煤油灯,2
登门拜访,2
洛斯,2
现形,2
哪一块,2
白巧克力,2
发生争执,2
房给,2
打个包,2
科幻片,2
归队,2
印满,2
招人,2
想拉住,2
寻开心,2
碎块,2
很美像,2
上齿痕,2
爱梦,2
风让,2
钱太多,2
凉意,2
转阴,2
高纯度,2
杂迹,2
满盏,2
一个愿打,2
流不出,2
气色,2
加段,2
屡教不改,2
滑得,2
先拿条,2
五杀,2
城市边缘,2
倒右,2
火口,2
之轻,2
之重,2
铁笼,2
姑凉,2
更配,2
好几辈子,2
两脚,2
癫痫,2
滴出,2
鼓些,2
衬头,2
选在,2
很湿,2
木北,2
黄贵刚,2
杨威,2
胖在,2
阔到,2
密起,2
得出结论,2
五双,2
罗那,2
李富,2
清买,2
郭晶晶,2
站点,2
饭醉,2
咯问,2
鲸吞,2
刘师,2
按脚,2
国际漫游,2
抠门,2
神惨,2
头台,2
真敢,2
坎半结,2
禁得起,2
前取,2
下叨口,2
以求,2
拜个,2
抽祝牌,2
要换,2
卡换,2
慢热换,2
顶能,2
黄人,2
带宽,2
地外,2
已达,2
极寒,2
平均水平,2
战略家,2
新婚,2
平顺,2
博人,2
偷得爽,2
小地主,2
飞苏梅,2
软云站,2
像家,2
汤来,2
养颜,2
阿凡,2
嘉年华,2
西岭雪山,2
速滑队,2
来受,2
这苦,2
吕洞宾,2
热力四射,2
超些,2
持枪,2
病多得,2
办嘛,2
摸会牌,2
香香,2
细点,2
暴龙,2
搭到,2
旷尿涨,2
超商,2
非香,2
官弟,2
全耍,2
成哥,2
精良,2
电影站,2
省会,2
人烟稀少,2
枪出,2
毫克,2
只住,2
再火,2
光射,2
装灰,2
黏上,2
汪峰,2
祖父,2
微博热,2
想亲,2
颈椎,2
候机室,2
郫都区,2
拼不来,2
太空舱,2
公章,2
唐兄,2
马兄,2
杨兄,2
丁兄,2
谢兄,2
代步车,2
杀割,2
包了,2
我造,2
背瓜,2
谦,2
黑键,2
白键,2
人换,2
玩住,2
嫌疑犯,2
打过工,2
妹来,2
二排,2
浙江人,2
月光族,2
霸王餐,2
没人住,2
感到悔恨,2
插卡,2
楚脱,2
摆求,2
浪费资源,2
莫法管,2
点卡,2
一个包,2
撤飘,2
骑小,2
喷漆,2
窨井,2
粪车,2
赌要,2
申请专利,2
逼些,2
挡求,2
张烂,2
爽得,2
电桩,2
人非圣贤,2
提车,2
切话,2
掘金,2
百分,2
太升,2
东晃西晃,2
感把,2
骚弄,2
万丈高楼平地起,2
几扇,2
龙头企业,2
拖地板,2
光太闪,2
切取,2
景茶,2
龙该,2
切打,2
羽毛球,2
喷血,2
撩到,2
淀粉,2
叫尔萨,2
圣灵,2
居高不下,2
字面上,2
嘴形,2
点不燃,2
更演,2
漂不白,2
点癌,2
只念到,2
多生点,2
儿头装,2
问马云,2
八米,2
师爷,2
跪不起,2
录起,2
做球,2
吸引住,2
金银岛,2
东咯,2
贫头,2
上住,2
咯条,2
散装,2
干酒,2
才会赢,2
养条,2
雅狗,2
楼望,2
服饰,2
仗势欺人,2
垮塌,2
法条,2
每头,2
吃一堑,2
瞬息间,2
燃放,2
挽救不了,2
霞飞路,2
多切,2
穿刺,2
抵个,2
九倍,2
整在,2
他算个,2
莫慌下,2
伙穷,2
责任心,2
没人批,2
抽贵烟,2
批死,2
个锤石,2
往后走,2
曳,2
亿分,2
选得,2
心像发,2
凤,2
一个脚印,2
高压政策,2
儿看,2
肩有,2
个文,2
邹邹,2
九路,2
赶落,2
那班,2
售票员,2
红杠,2
不练,2
写错,2
挤牙膏,2
起重,2
一两天,2
多香,2
根软,2
蓄意,2
国货,2
质朴,2
黄紫嫣,2
一百多,2
八百块,2
练像,2
口腹,2
蜜剑,2
红梅,2
巨型,2
兵临,2
整形,2
郑和,2
唯生,2
润滑油,2
挣屎,2
小人国,2
小轮,2
插腰,2
核爆炸,2
抽红娇,2
抽蓝娇,2
昔年,2
重九,2
闻闻,2
一面之词,2
行别,2
工钱,2
鬃,2
等够,2
题写,2
没忘过,2
阿诗玛,2
浮笔浪墨,2
无疑,2
北电,2
研,2
遏制,2
柳爽,2
塑胶,2
真真切切,2
入过,2
充填,2
血水,2
装得酷,2
牛车,2
耐用,2
营养液,2
备份,2
人接,2
带毒,2
跳空,2
快消,2
滋儿,1
骚不骚骚,1
当蹭,1
佛大,1
爱净,1
火去,1
探店,1
张雨,1
找抖音,1
我忍,1
我扬,1
小白们,1
巴特尔,1
航母,1
录更帅,1
货能,1
数狼,1
哭鼻子,1
驽,1
一百二,1
脑硬,1
挺热,1
半挂,1
大柳塔,1
煤窑,1
阔子,1
狗东西,1
王耍,1
抓成求,1
从求,1
经走,1
想治,1
鱼肚,1
乌鸦嘴,1
痦子,1
债拉着,1
夜多想,1
别骗,1
木纳,1
抓格,1
架空,1
从梦到,1
碰看,1
文件夹,1
剩想,1
枯骨,1
你姐,1
硬病,1
重冲,1
冲非,1
慢钱花,1
期末,1
别狂,1
去算心,1
地陷,1
平静下来,1
得系,1
曾穷,1
人想加,1
引领到,1
饮品,1
糜芳,1
做一天和尚撞一天钟,1
莫福瑞,1
墙火,1
龙和凤,1
期刊,1
恭恭敬敬,1
上川音,1
五份,1
反话,1
哎求,1
但往,1
人不烦,1
训练量,1
我想通,1
佳境,1
改词,1
配带,1
张纸,1
专挑细,1
处段,1
总多磨,1
越野赛,1
浓眉,1
书费,1
冷眼相待,1
偏当,1
网袜,1
凶撒,1
没见光,1
小扬来,1
卖歌,1
集思广益,1
借别,1
碳灰,1
对齐,1
评判者,1
群猪,1
秋葵,1
脏上,1
北京晚报,1
演次,1
牙子,1
喝来,1
蒸一锅,1
往撑,1
抽不起,1
特冲别,1
炸旦,1
停不哈,1
超速行驶,1
亲儿子,1
心博纹,1
飞雁,1
翻炒,1
实物,1
为准,1
仅供参考,1
忍够,1
错后,1
集福,1
上晕暗,1
引起轰动,1
红扑扑,1
金针菇,1
西八,1
扫不掉,1
丹姆,1
记记,1
求别,1
扬哥,1
没听,1
过杰子,1
根勾,1
八毛,1
外逃,1
犯不着,1
素不相识,1
三居室,1
房过,1
下不像,1
缺到,1
飞扣,1
卫视,1
个吐出,1
贝和库,1
十五块,1
未成熟,1
别拿嘴,1
王浩轩,1
摄点,1
影要,1
更蠢,1
更粉,1
咖装,1
大枣,1
够尖,1
下嘴,1
只会守,1
近得,1
进圈,1
词条,1
复活节,1
项庄舞剑,1
这人设,1
再满,1
碰点,1
我筑,1
巢,1
嗓唱,1
人热,1
看丹镇,1
发走,1
游南,1
最靠,1
加前缀,1
扬旗,1
战让,1
苦先,1
带薰衣,1
踏个,1
遍堂,1
勇闯,1
走下坡路,1
点到面,1
奎,1
不仁以,1
刍狗,1
巧立,1
名目,1
惑众,1
往东方,1
当神罚,1
血往,1
窥得,1
以神,1
头号人物,1
我塌,1
别踏,1
费口舌,1
费时,1
持国,1
过屠尽,1
比谷歌,1
无珠,1
这挂,1
瓦舍,1
展销,1
群魔乱舞,1
别太当,1
中学教师,1
他考,1
同班同学,1
很晚,1
圆滚滚,1
红润,1
血本,1
引恨,1
招怨,1
天亡,1
破格,1
痛来,1
基围,1
离心力,1
胀气,1
少别,1
这刀,1
起甲,1
金銮殿,1
有点咸,1
开国,1
坚船利炮,1
血落,1
他刻,1
武士道,1
他握,1
刀逢,1
一两招,1
力九山八海,1
劲唱,1
大转弯,1
味佳,1
涨起来,1
认死理,1
黄金搭档,1
九月九,1
第八年,1
镣,1
无伤,1
造得,1
二月份,1
必需,1
痛改,1
比黛比,1
迷咒,1
爱遭,1
披满,1
经验老到,1
精钢火,1
淬,1
溪里,1
学上,1
打力,1
抓地,1
丢饭碗,1
脍炙,1
窥来,1
出庭,1
租住,1
做马,1
仔得命,1
核芯,1
阿谀,1
透蓝,1
映得,1
错点,1
被治好,1
上述,1
第三根,1
别要,1
通身,1
来车,1
贫不笑,1
秀去,1
过落,1
含糊其词,1
奇异果,1
文玩,1
并购,1
避邪,1
秋风落叶,1
类谈,1
当照,1
你秀点,1
要大到,1
ℜ,1
要怪,1
瓜当,1
刹过,1
出烂牌,1
来枪,1
不喊麦,1
听球,1
打鸣,1
常青藤,1
象形文,1
批麻瓜,1
_____,1
而加,1
讨论一下,1
炸土,1
针对性,1
白想,1
阿母,1
有鱼,1
诈过,1
人时,1
擒王,1
西王母,1
伸脚,1
展开攻势,1
会师,1
债恨,1
初中生,1
公分,1
公愤,1
很开,1
拳脚相向,1
其貌不扬,1
这笼,1
阿拉曼,1
蒙哥马利,1
擒贼,1
吊是,1
脱光光,1
韵声,1
贵妃醉酒,1
不敢肯定,1
法别,1
杨乃文,1
高漠,1
能赏,1
两叠,1
叠过,1
地离,1
必争,1
图帕克到,1
白萧逸,1
战徽,1
死脑筋,1
待待,1
心们,1
墨字吟,1
首小,1
屁朝凉,1
呐喊助威,1
交谊舞,1
样板戏,1
沙家浜,1
红灯记,1
估量,1
腻在一起,1
守法,1
烧不死,1
法律法规,1
嘻哈生,1
神和魂,1
真真正正,1
失火,1
旧地,1
尧舜禹,1
刺来,1
把住,1
老杨,1
人替,1
再费,1
自顾,1
绕不开,1
叹息声,1
鞠,1
叛贼,1
独裁者,1
判死罪,1
亚亚,1
崽种,1
摩尼对,1
不自禁,1
任地,1
抱友,1
张峰,1
牢狱,1
干醉,1
监唱,1
屋顶花园,1
走趟,1
将会震,1
哈送,1
冷打个,1
完钱,1
平常人,1
干怕,1
敲响丧钟,1
早加,1
捶胸顿足,1
饿饭,1
分等级,1
脱衣服,1
姨母,1
拼脸,1
东阳,1
运星,1
善来集,1
摆前,1
狠才,1
点粉,1
得晚,1
疯耍,1
执念要,1
平坦坦,1
狂笑声,1
一段话,1
少年儿童,1
鸣不平,1
过笔,1
涵义,1
恰恰好,1
太真用,1
夜能长,1
蠢透,1
四想,1
进德,1
魂类,1
就范,1
艺塞,1
没塞过,1
满花臂,1
高学历,1
浏览器,1
维金斯,1
火出,1
行为艺术,1
活进,1
零丁洋,1
零丁,1
比叨,1
总忽热,1
立判,1
脚指头,1
涌射时,1
我游过,1
就会装,1
航的,1
累真,1
中老年,1
演成,1
早能,1
合影留念,1
往海,1
快挠,1
丛立,1
一碗水端平,1
过不来,1
庾澄庆,1
上养,1
普鲁斯特,1
文具盒,1
假巴,1
云帆,1
钻空,1
狗逸玛,1
我逸玛,1
一季度,1
再叠,1
改惨,1
良夫,1
热水器,1
一屁股债,1
变化很大,1
馆藏,1
山料,1
钻要,1
安要,1
穿要,1
哥家,1
搭变,1
搬大,1
残章,1
枕戈待旦,1
首都机场,1
烧炭,1
PRODBYUNCLEDAMNBEATBYFLOATIN.5,1
三百首,1
前换,1
哈弗,1
能喘,1
队要,1
再破个,1
相扑,1
卖批,1
太透,1
成求,1
太够,1
人怪,1
洗出,1
翻不出,1
可卖,1
订机票,1
邦迪,1
贫困户,1
补考,1
不快不慢,1
风烟,1
踩线,1
菜品,1
小数,1
热火队,1
唯品,1
创在,1
有全,1
亿多次,1
赶宏九,1
同同同,1
数见,1
全连,1
大溪,1
未熟,1
变矮,1
一两百,1
两百块,1
花问,1
心晃,1
弯进,1
蔡依诺,1
蔡煜炜,1
蔡锶,1
静宜,1
蔡雅馨,1
蔡健航,1
蔡林薇,1
街过,1
二世,1
柔题,1
而解,1
嘴发,1
举世闻名,1
像奎,1
只会挥,1
菜加,1
蛋清,1
丢出,1
丟,1
怂皮,1
理喻,1
音信全无,1
绕多,1
校友,1
肖洒,1
因忍,1
高胜美,1
李慕尚,1
吴锦鑫,1
徐依冉,1
伏尔泰,1
鬼面,1
受之有愧,1
苦役,1
城当,1
柜橱,1
水湖,1
赏月,1
近水得,1
淋在,1
区尼嘛,1
唱得响,1
昏掌,1
贫赋,1
贫在,1
依附于,1
鸿篇巨著,1
神谕,1
徐于,1
蔡一帆,1
指导老师,1
林贝妮,1
李书棋,1
吕欣,1
橦,1
朱沁沁,1
德尔斐,1
陈旭侃,1
袁庆刚,1
东溪,1
放刺,1
人民政府,1
遥遥领先,1
单震,1
三原色,1
哪队,1
开悍,1
静听,1
中落,1
出所写,1
郑途,1
吞剥,1
主脑,1
数秒,1
萎谢,1
不衬,1
一例,1
补课班,1
江旻勋,1
大喜,1
愧悔,1
诺森德,1
马唱出,1
碰人,1
连读,1
车管所,1
十柱,1
怀恨在心,1
根葱,1
真空包装,1
凿壁,1
哪步,1
升涨,1
上错,1
五气,1
无靠无依,1
恩将仇报,1
大妞,1
买烟,1
张嘴说话,1
真穷,1
纳格,1
纳苏斯,1
28.5,1
10.5,1
南神,1
它治好,1
走条,1
用歌,1
捞空,1
出人,1
冤枉钱,1
寻短见,1
眼瞧,1
油醋,1
从里,1
打灯,1
他太聋,1
多山,1
这冬有,1
徐逸芸,1
嘉慧,1
我妈常,1
分是,1
杂务,1
所过,1
大额,1
butforthosewholoveforthosewholoveforthosewholovetimeiseternal12.31,1
1.12018,1
转辗反侧,1
楼道口,1
那地,1
但断,1
烧冥币,1
将疑,1
康定,1
远洋,1
反有,1
丫爱,1
专本,1
散难,1
闭门羹,1
问单,1
哭坏,1
赢来,1
筹集,1
样想,1
里亮,1
纠错,1
溜过,1
妆太厚,1
互惠,1
收声,1
好铁齿,1
铜牙,1
探风,1
铺路石,1
真脆,1
礼金,1
天竺,1
兵器库,1
再雷厉,1
费力气,1
旷工,1
一摇对,1
山去,1
所留,1
阴魂不散,1
演讲者,1
故犯,1
期效,1
丰功伟绩,1
夺下来,1
硬想,1
近小爷,1
轻多大,1
盅,1
具没,1
唐怀门星,1
银翼,1
祓,1
罢黜,1
话术,1
唱炸,1
生自,1
唾骂,1
穷则,1
达则,1
兼善天下,1
填紫本,1
我水来,1
听而不闻,1
少犯,1
妈责发,1
脏侃,1
来种,1
面包店,1
传入,1
期期艾艾,1
酒烈,1
烧待,1
莫来扰,1
成稿,1
成调,1
口口相传,1
招些,1
农场主,1
为场,1
唱七进,1
十九世纪,1
讨问,1
恼恨,1
颗星,1
再分,1
装连,1
一万条,1
杨平,1
贡丸,1
造出,1
坏别,1
补颗,1
推塔,1
绳之以法,1
蒂法,1
合住,1
听玲花,1
校里,1
开凿,1
睡死,1
捂出,1
苏抹油,1
驴友,1
猕桃,1
雷蕾,1
筹钱,1
没偷,1
逼脸,1
床沿,1
鸣鸟,1
赐福,1
戒当,1
爆差,1
我暴,1
罗志祥,1
三十五个,1
刷牙漱口,1
喝多酒,1
我都备,1
红疹,1
烤肠,1
不吐一,1
一脱,1
足道,1
如典果,1
年秋幕,1
湿冷,1
值踏马,1
踏马满,1
杀人犯,1
二台,1
基督教堂,1
学校公寓,1
司法,1
尘螨,1
手机卡,1
盖不起,1
酷癌,1
何班,1
川藏线,1
营长,1
走哥,1
吐怨,1
届时,1
侦查员,1
妹能,1
现正,1
无戎,1
寒装,1
似怕,1
鬼军,1
后满,1
悲霖,1
妹幼,1
人民军队,1
妹在,1
年春幕,1
靠子,1
兵断,1
时尚杂志,1
免签,1
怠懈,1
尾迹,1
黑匣,1
没顾,1
死到,1
临头,1
就治好,1
空座,1
我血,1
罪吹过,1
抽下,1
演摆,1
过满,1
撕光,1
过村,1
几世纪,1
写部,1
没陷,1
过岸,1
豆心本,1
落海,1
我缺,1
真白,1
人海祝,1
一人望,1
像乐高,1
网上邻居,1
该离,1
盘山路,1
旋进,1
气才,1
李思,1
快买纸,1
切巴起,1
游叻,1
由来,1
接口,1
总犯,1
暖些,1
翁伟栋,1
装一,1
小天地,1
滴答响,1
那盒,1
叙爱曲,1
不做声,1
凤源,1
愧色,1
泪河,1
字据,1
不太困,1
脸点,1
舞度,1
太响,1
苏文嫒,1
创死,1
雪王,1
峪,1
金娃娃,1
扑个,1
转而,1
血连,1
那负,1
唯心,1
认不认,1
热带鱼,1
小牌,1
容留,1
再脏,1
念痛,1
留想,1
五芒,1
星刻,1
丰裕,1
陪祭,1
钦定,1
太赖,1
刀会,1
别想够,1
弊病,1
贵险,1
深站,1
叛党,1
纲,1
凿沉,1
龙舟,1
兵勇,1
货干,1
开场戏,1
兽皮,1
酒力,1
诱敌,1
圆柱体,1
背身,1
丧逼,1
加朵,1
丫见,1
私自,1
围坐在,1
吸霾,1
杀花,1
直系,1
爆逼样,1
白起,1
顿狠货,1
跌份,1
攘外必先安内,1
群雄割据,1
货叫,1
场均,1
盖尔,1
最酸,1
臭垢番,1
看云聚,1
德外,1
骑不上,1
弋章,1
王顺保,1
王顺,1
保勒钱,1
过勒如,1
咯港,1
眉皱,1
回旧,1
风停,1
垂袖,1
陪候,1
楚家,1
回咯,1
如朽,1
汗珠,1
发懵睡,1
联络线,1
血污,1
上新盖,1
旧斯伯丁,1
空刷,1
我毁,1
胎毛,1
黑羽,1
黑能,1
自拍杆,1
土不散,1
树得,1
一栋栋,1
楼门,1
床夜,1
头花,1
一真,1
麦向,1
流进来,1
制霸会,1
我撒过,1
夜像,1
脱去,1
猎,1
殇,1
海有,1
德胜门,1
渡步,1
齐心戮力,1
人心齐,1
泰山移,1
荡寇,1
马甸,1
工薪阶层,1
活总有,1
娶妻生子,1
更多话,1
嘿嘿嘿,1
矮过,1
躲先,1
泡沫经济,1
点咧子,1
对富,1
扎点,1
鷄,1
说太牛,1
三井,1
手够,1
短带,1
歌先,1
情千缕,1
离笛,1
多燥,1
书少,1
丧家之犬,1
屁京字标,1
地造,1
家录,1
大败,1
跳水台,1
哮,1
漏会,1
蒋干,1
惹典,1
韦同,1
笔脏,1
字能,1
引光,1
毁光,1
沙堆,1
分切,1
弯来,1
原位,1
开荤,1
别忘根,1
记熟,1
破话,1
挂连儿,1
严丝,1
调儿,1
跳冲,1
绊算,1
坐拿晕,1
斩击,1
手工课,1
攫取,1
利和义,1
择善而行,1
修行者,1
花火当,1
把舵,1
寒梅,1
去经,1
异云,1
我沉,1
玉壳,1
话术里,1
旧电影,1
哭啼,1
爱全,1
愛我,1
比女,1
一传,1
上般,1
上献,1
那风里,1
来历不明,1
太丧,1
空位,1
野格配,1
完过,1
惠农,1
路选,1
很日白,1
身梁,1
扶镜眶,1
错令,1
压力感,1
已伴,1
拉松,1
谶,1
我讨,1
个中滋味,1
刚换,1
抱烂,1
僚机,1
青蛇,1
独显,1
重庆火锅,1
有烦,1
下气,1
诗情,1
画意,1
强靠,1
三万里,1
困了,1
膝小爷,1
败绩,1
凌骂,1
两仗,1
位出,1
称小爷,1
证微博,1
打破砂锅问到底,1
几人办,1
托平,1
栏起,1
我酒,1
骗强,1
再放高,1
你妆容,1
棒喝,1
牛仔服,1
夜压,1
魏星曲,1
魏星,1
减到,1
银窝,1
牌牌琦爱,1
清路,1
跳曲,1
杂瓶,1
调牌,1
十把牌,1
天胡,1
花七小对,1
抽不开,1
间梦碎,1
绿水长流,1
春风满面,1
唇间,1
猛地,1
从何,1
如度,1
我击个,1
虎娃,1
电影明星,1
大院里,1
洋货,1
公爵,1
亮片,1
重刑犯,1
列队,1
力用,1
现兑,1
但闭,1
丰谷,1
风将,1
寒烟,1
凉月,1
扫落,1
厉雨,1
寒川,1
敝履,1
残篇,1
蝉娟,1
催迫,1
万绪且,1
伴雾,1
旦暮,1
残灯,1
微烁,1
归卧,1
来淋场,1
挂机,1
弹力,1
酒点,1
残玉,1
簟,1
轻解罗裳,1
兰舟,1
寄锦书来,1
雁字,1
回时,1
变下,1
打呼,1
催眠曲,1
猛火,1
没冷过,1
半翻,1
迟点,1
冲印,1
红藕香,1
钟梁,1
姚凯迪,1
下要,1
微博点,1
粉丝团,1
美男,1
显黄,1
我来点,1
帮帮忙,1
猜本,1
笑了起来,1
星轨,1
习前,1
饭卡,1
打趣,1
作酒,1
铭,1
人旷惨,1
难飞,1
买话,1
离色,1
摆多大想,1
插足,1
求爷,1
摆盘,1
齐章,1
我吃定,1
病状,1
捆儿,1
城立,1
不封边,1
黑龙江省,1
漠河,1
日向翔阳,1
影山,1
飞雄,1
大逆不道,1
快割,1
博刷个,1
紧麦,1
守寡,1
相匹敌,1
游做,1
买个表,1
阻电,1
每套,1
诏烂歌,1
振军,1
烂别,1
侦缉,1
只泡,1
重中之重,1
争争,1
成异星,1
战警,1
乌野,1
圣主,1
指桑骂槐,1
能接,1
六尾,1
耍票,1
指道,1
留足,1
想干什么,1
知难而退,1
假摇假,1
次刻,1
手耗,1
刘大爷,1
黄老邪,1
生死劫,1
只替,1
赵红兵,1
不打不相识,1
投抖,1
折萝散,1
聚是,1
学到老,1
耗到,1
皮屑,1
pt.2,1
南来,1
北往,1
硬歌,1
获过利,1
群分,1
国情,1
数子,1
男女之间,1
房卖,1
太岁头上动土,1
招揽,1
组不做,1
假人设,1
合用,1
摔沟,1
哇啦,1
喂托尼,1
加聚,1
洗尘,1
欢和悲,1
驸马爷,1
大轴儿,1
品川,1
儿唱,1
高少,1
名满天下,1
高材生,1
寻处,1
零封,1
包揽,1
拆楼,1
完筷,1
欧瑞大,1
掰腕子,1
城猴,1
地下街,1
中街,1
开线,1
没牌面,1
诉写,1
夜之城,1
笆篱,1
老铁来,1
我兄,1
学名,1
有眼力,1
撩护,1
那嘎乱,1
两扇,1
领炮,1
奶买个,1
先楼,1
打不死,1
你样,1
泷谷源治,1
分好,1
飞死,1
财狂,1
荣升,1
闯初,1
出茅,1
挑三拣四,1
储钱,1
补全,1
花果,1
黑龙江,1
我拉群,1
心聚,1
自我调节,1
形形,1
硬融,1
拍儿,1
四期,1
总冠,1
提人举,1
最拉跨,1
崩不出,1
没扎稳,1
坚定不移,1
互相理解,1
巴不听,1
黑而,1
佳机,1
复活日,1
过败,1
以貌取人,1
磕海柱,1
完滚,1
人泛,1
厌绕,1
土比歌,1
喉拿些,1
讨口儿,1
娃点,1
改看,1
野仔,1
曾醉心,1
适度,1
脏污,1
暂用,1
出塞,1
推得,1
湾头,1
簇,1
邪气,1
土比,1
风梦像,1
八刻,1
哈莉奎茵,1
照得,1
卡碟,1
旧迹,1
妒总有,1
比看,1
来照,1
网店,1
冰和雪信,1
明尼苏达,1
苦哇,1
批事来,1
耍态度,1
键垒,1
切弄,1
卸载掉,1
写长,1
一石予,1
千浪,1
写上,1
猪变,1
野猪,1
电来,1
首不看,1
一八九,1
比完,1
走得久,1
脱想,1
找别,1
猪要,1
队手,1
加里,1
前院,1
施道,1
买巍,1
日晒雨淋,1
笔才,1
整组,1
殚,1
热涌,1
浪夜,1
会亮,1
风肉,1
车身,1
尽涂,1
九七,1
要好看,1
个币,1
里造,1
拉得,1
猪来,1
黑曼,1
斟茶,1
那不受,1
冰醒,1
这放,1
狂像,1
第一支,1
濒临绝境,1
开远,1
光晃得,1
窝火,1
马尔过,1
磕碜,1
问能,1
摆臭架子,1
子装,1
一路打,1
人旗,1
开大奔,1
魔导师,1
吊装,1
嫌脏货,1
二百五十,1
叮下,1
桥体,1
整死,1
海柱,1
山羊胡子,1
个歉,1
孔二狗,1
大力支持,1
王岚博,1
北森野,1
边裁,1
深居简出,1
满二字,1
张作霖,1
六七年,1
费翻,1
要带头,1
飙涨,1
计费器,1
老懂王,1
拼不出,1
王少,1
婆妈,1
掏盒,1
扬长而去,1
白火,1
手摇风琴,1
芝仕派,1
颜柯,1
二提,1
中提,1
毕芳,1
大提,1
爱乐乐团,1
张晓雅,1
易碎品,1
老懂,1
发号,1
卷内,1
违和对,1
钻秀,1
位列,1
发毒,1
没拉出,1
获见,1
用墨,1
教士,1
换锁,1
鲍翅,1
破坏者,1
欺名,1
盗世,1
鸟猫,1
貂鼠,1
原料库,1
人仰马翻,1
请安,1
一波三折,1
一时半刻,1
为人所知,1
插翅难飞,1
弥天大罪,1
遍数,1
破会,1
先抽,1
支烟别,1
张够,1
钱形,1
改装成,1
管不完,1
开胃菜,1
鲁邦,1
虐恋,1
一无所得,1
暖冬,1
再估,1
日见,1
刘嘉玲,1
打比,1
鬼个,1
想阻,1
男仔,1
似禄木,1
倾计,1
候,1
古仔,1
声沙系,1
搜微博,1
地互,1
春装,1
深扎,1
真系架,1
痛是,1
秉着,1
张鹏闻,1
庐阳,1
回不回,1
说事,1
大该,1
切割成,1
撕纸,1
亦步亦趋,1
自重,1
所见略同,1
唤不醒,1
陈腐,1
震怒,1
径自,1
而善,1
磊落,1
半才,1
听于,1
因与果,1
亲笔写,1
睡过了头,1
徐禹治,1
很巧,1
装不懂,1
新马路,1
扳着,1
扣错,1
坐反,1
星站,1
跳气,1
推托,1
罪孽深重,1
夸有次,1
多管齐下,1
潜邸,1
个钟,1
瘦恒系,1
丫鬟,1
握把,1
无功不受禄,1
王城国,1
历朝历代,1
酷写,1
难敌,1
脖喝,1
要久,1
粉装玉琢,1
放映机,1
额定,1
白桃,1
粗浅,1
设过,1
偶然间,1
黏汗,1
广度,1
眺眼,1
女仔成,1
忽热,1
敌过,1
干孙,1
人正,1
再滴,1
不能到达,1
起波纹,1
毛绒,1
万光年,1
淡蓝,1
漂流到,1
从水里,1
借由,1
旧态复萌,1
鬼祟,1
根性,1
失算,1
头学,1
识得,1
慢守,1
瓶身,1
再碎,1
肚子痛,1
沙士,1
七喜,1
外知,1
不眠不休,1
冰倒,1
只会宅,1
玩电脑,1
千里眼,1
火烧眉毛,1
两千公里,1
晨间,1
数千数万次,1
连陆政廷,1
实属无奈,1
比攀,1
言明,1
投明弃,1
暗不像,1
无力自拔,1
射进来,1
地抚,1
顾盼生姿,1
连贯性,1
玩味,1
抚上,1
旁敲侧击,1
舵轮,1
存有,1
里变,1
触目惊心,1
折抵,1
侧记,1
记录在案,1
大野,1
佐能乎,1
丧失能力,1
进班爷,1
秽土,1
转生,1
这处,1
因陀罗,1
带土,1
接都接,1
大蛇丸,1
五影,1
豪火灭,1
硬接,1
结印施,1
个术,1
体须,1
全盛,1
以己度人,1
雷派,1
好报,1
风凉,1
塞亚自,1
堪比振金,1
冠亚,1
季选,1
梅洛,1
脸小爷,1
破表少,1
雾雷,1
水火土,1
吐火,1
连手,1
出仙法,1
阴盾,1
裤难,1
智波,1
迈特,1
凯算个,1
告落,1
义结金兰,1
辽北,1
马大帅,1
高猴,1
叛,1
我范,1
土少来,1
全部堵,1
稿巴轮,1
傻比,1
东北三省,1
开站,1
叶赫那拉,1
贝勒爷,1
性急,1
那强,1
童话国,1
批范,1
阴曹地府,1
教鞭,1
胡唱,1
很香,1
摇子,1
耍票亚,1
混爱,1
九成,1
卡溜大,1
不尬,1
留留,1
何愁,1
九九九,1
苦心经营,1
说沉,1
品头论足,1
性情中人,1
临床,1
繁复,1
绊马索,1
可太深,1
淑茜,1
不眠之夜,1
大丁,1
能唱作,1
一尊,1
由始,1
阴补,1
抑遏,1
封补,1
定睛,1
耗损,1
懊狠,1
半露,1
恶形,1
安渡,1
友要,1
宿命论,1
狂想,1
推波助澜,1
含垢忍耻,1
寸草不留,1
老学究,1
那风眼,1
何如,1
理任,1
挺不直,1
积不相能,1
披散,1
恶限,1
衣冠楚楚,1
抱稳,1
实用手册,1
形不成,1
所设,1
前一刻,1
捆紧,1
占位,1
存量,1
那爷,1
清走,1
作案工具,1
丢点,1
高杰,1
赌城,1
玉戒,1
颜韵,1
发慈悲,1
热口,1
七尺之躯,1
重倒,1
小盒子,1
怪责,1
詹伟杰,1
残羹冷炙,1
8.05,1
很妙,1
打卷,1
午间,1
游水,1
冰用,1
翻找,1
塞着,1
动物性,1
许就能,1
郑重,1
声称,1
巧舌怪,1
哪时,1
浓心,1
只挥,1
污七八糟,1
片中,1
谢天笑,1
玩艺儿,1
思想混乱,1
好好坏坏,1
之国生,1
饭养,1
哈站,1
放马后炮,1
烟摇开,1
酒到,1
降下来,1
左咯,1
用帅,1
冲喝,1
乱成,1
污污,1
完数,1
走俏,1
这奖,1
少不笑,1
穿光,1
头长,1
多刷,1
生理反应,1
歌曲名称,1
黑跑,1
复印机,1
拔线,1
一朝天子一朝臣,1
回水,1
片断,1
浑身是汗,1
已干,1
龙泉山,1
豁有,1
酒绿,1
起太超,1
恰少,1
日妈够,1
扎爆,1
比不赢,1
上纲,1
来录,1
说得过去,1
夸惨,1
凑五单,1
麻婆豆腐,1
人气值,1
高个儿,1
不恰少,1
轻餐,1
盘点,1
不恰妈,1
不动产,1
凑五担,1
好乖,1
馏馍,1
齐连心,1
豫,1
梨园春,1
热榜,1
新哥,1
娃管,1
打起光,1
老妞开,1
拐个,1
家像,1
问候声,1
停辆,1
自誉,1
小字辈,1
签好,1
双目失明,1
其怪,1
栋梁之材,1
房木有,1
成才,1
他乎,1
赛一赛,1
王恩赛,1
少说废话,1
嘿来,1
嘿头,1
恩赛,1
辜負,1
許我還,1
尷尬,1
經愛上,1
讀書,1
心太累,1
路望,1
福利事业,1
上吐下泻,1
期才,1
四夜,1
五夜,1
多夜,1
别抗,1
变过来,1
千辛,1
完苦,1
事非,1
刮去,1
从头至尾,1
万射,1
它学,1
人连,1
狂说,1
經常為,1
難免,1
功課,1
平時,1
得班長,1
當地,1
學習,1
終于,1
同學給,1
號碼,1
見面,1
嫁給,1
某個,1
同歲,1
經去,1
我象,1
谁立,1
花拳,1
替身演员,1
還記,1
海闊,1
還想,1
裝作,1
離婚,1
許多,1
傳遍,1
達,1
看個,1
電影,1
張票,1
唄愛上,1
機會來,1
出門,1
集體,1
畢業,1
儲足,1
勇氣,1
一穿,1
狙来,1
家喊,1
命炸,1
罗像,1
尝不来,1
手术台上,1
别切,1
皮切成,1
薄片,1
臊子,1
买卫衣,1
包小包,1
车拍,1
挑几单,1
撒帅,1
卡问,1
罗纳河,1
严刑拷打,1
开脚,1
屠宰厂,1
按摩椅,1
顺便来,1
黑水,1
想酷,1
赚钱快,1
爽港,1
触灭,1
藓,1
直着,1
天懒,1
搭腔,1
另眼相待,1
乱骂,1
代表队,1
金带,1
银比,1
吵人,1
哈筒儿,1
割包,1
多练点,1
连表,1
猛犸,1
轻吹,1
仿不像,1
记看,1
咯干,1
擦边球,1
三章,1
黑旋风,1
安卓,1
喷墨,1
粉圈,1
粉会,1
神探,1
合得来,1
唯教,1
肯开,1
正戴,1
度狂,1
娃恩是,1
能炸,1
多吃点,1
我卡,1
调音台,1
抽油烟机,1
紧当,1
火爱,1
小贵,1
来能,1
肩胛骨,1
帅哥哥,1
演累,1
苏点,1
综为,1
得晓不,1
只座,1
如出一辙,1
婚恋,1
婚要,1
要拉霍,1
会关,1
密欧,1
这管,1
吃旺仔,1
放右,1
拖起,1
写首情,1
闹架,1
伙对,1
房钱,1
女方,1
男同胞,1
物价上涨,1
能拦,1
质监,1
门框,1
北野武,1
毛笔字,1
身没健,1
喜皆有,1
得演,1
播歌,1
新导,1
沃尔沃,1
掺不来,1
不字,1
粗制,1
练歌房,1
太阳眼镜,1
好大点,1
碧雪,1
百合,1
靓妞,1
管说,1
看自,1
瓜话,1
花法,1
艾热挂,1
脾气好,1
挡下,1
最巴适,1
勾妹,1
非常明显,1
烟往,1
拔刺,1
当爱变,1
成恨,1
莫人,1
保释,1
刺要,1
场站,1
落进,1
累不说,1
逼惯,1
微博说,1
油成,1
找个妹,1
水起,1
指路牌,1
提夫尼喊,1
专挑贵,1
雪纳瑞,1
叫来队,1
脱成,1
五六个,1
野帮,1
差一截,1
学把妹,1
好办,1
3.15,1
总难,1
下不来,1
球形,1
没得球,1
偲,1
琂,1
刘瑾昕,1
天择,1
陈汐子,1
张洛瑜,1
景太,1
餐叉,1
交出去,1
五室,1
两厅,1
摆台琴,1
全色,1
图层,1
游戏音乐,1
夜微信,1
考试成绩,1
胸罩,1
哥哼个,1
退减,1
会近,1
会远,1
交汇点,1
锅盔,1
色来,1
发怕,1
歃笔,1
鼓包,1
包鼓,1
敲鼓,1
烧脱,1
囔,1
域屏,1
庞过,1
沙城,1
睡上,1
白练,1
一两杯,1
建增,1
热客,1
花茶,1
课里,1
首成,1
没灯,1
停一晚,1
中河,1
手冻,1
有言在先,1
比镜,1
好几公里,1
熬过去,1
땐,1
플,1
병,1
分低,1
引以为豪,1
驶到,1
对对碰,1
随随,1
碎过,1
竟才,1
舍去,1
进网,1
挑站,1
夙,1
西想,1
滚咯别,1
问咯,1
审过,1
互译,1
喷回,1
猪叫,1
染起,1
治水,1
人耍,1
影流,1
底角,1
抹起,1
嘿正,1
成咯,1
小户型,1
打稳,1
纬,1
抽会伤,1
一啃,1
飞前,1
十硬,1
心出,1
平衡木,1
飞剪,1
帅新,1
躲次,1
全总,1
平流层,1
喘得,1
固会,1
接济,1
会抚,1
脸妈,1
快想,1
大间,1
它载,1
学成归来,1
借车,1
怪太大,1
争莫来,1
医病,1
树子,1
歌嫩个,1
用脚点,1
道歉信,1
手弱,1
无牌,1
不夺,1
包割,1
严责,1
电爆,1
边电边,1
晋,1
喷天,1
喷地,1
喷小,1
白油,1
喷不给,1
接唱,1
第五段,1
学出,1
红温,1
昭,1
赌怪,1
保险金,1
没盼,1
空给,1
万神,1
羊入虎口,1
智囊团,1
自上而下,1
像展,1
配啥,1
机箱,1
普,1
拖孩配,1
火下,1
添给,1
需要的话,1
三千尺,1
风鬟雨鬓,1
可真美,1
詹华,1
郑钧,1
许巍,1
程进,1
晓东,1
聂筝,1
杨纳,1
徐毅,1
范立,1
算天算,1
失不,1
编新,1
万杯,1
两刀,1
烦请,1
小柯人,1
后犯,1
桑田碧海,1
其辞,1
背景墙,1
远房,1
赚你没,1
几手,1
败光,1
热上,1
何往,1
没绪,1
哈乐,1
千针,1
万线,1
茂美,1
小葱拌豆腐,1
心里美,1
人言过,1
没续,1
哪片,1
修水,1
读盘,1
中华人民共和国,1
学不完,1
方方正正,1
多亿,1
充浪,1
丹棱,1
少男少女,1
不调,1
素食,1
偷窥者,1
吸毒贩毒,1
借毒,1
黑领,1
没领,1
得宠,1
深拍,1
人民警察,1
图线,1
踢踢球,1
乱成一团,1
风高,1
思想解放,1
人酷,1
据统计,1
有价,1
一年生,1
艺,1
做媒,1
六十年代,1
三门,1
本里,1
结婚典礼,1
更轻,1
小S,1
鸥翼门,1
窗开,1
狂气,1
听出,1
想解,1
门洞,1
翡丽送,1
斐然,1
不摘,1
追思会,1
简笔画,1
野到,1
想放,1
好书,1
离和别,1
排名第,1
前级,1
要价,1
那叠,1
众望所归,1
朱顶,1
歌狗,1
怜露,1
蝶难,1
争白,1
伊入,1
美为,1
云边,1
能登,1
处落,1
七里河,1
厌憎,1
霍姆斯,1
上座,1
薄切,1
覆水难,1
几十回,1
大师赛,1
靶位,1
这逼格,1
化繁为简,1
回潮,1
韬别,1
花为,1
投下,1
水汪汪,1
归结到,1
比利时,1
戏瘾,1
歌里关,1
下唱,1
渗过,1
配制,1
兑入,1
性想,1
零八住,1
这条江,1
推理题,1
球接,1
拆快,1
冠绝,1
藏品,1
名用,1
范思,1
凸显出,1
中兴路,1
症说,1
壹号,1
往台,1
消炎药,1
孟大,1
探着,1
货单,1
十载,1
莫卡,1
扬言,1
大爱写,1
了续,1
酒易,1
难醒,1
心如铁情,1
似雪,1
当变,1
如钢,1
意如铁,1
筑上,1
如此这般,1
含羞,1
屋前,1
房后,1
窗向,1
晌儿,1
最本,1
越写,1
从小儿,1
逃避责任,1
病大,1
冲西开,1
压缩机,1
就响,1
许多种,1
歪七扭八,1
字格,1
轰隆声,1
梦中家,1
豪哥,1
神豪哥,1
李游,1
叶天,1
渐凉,1
追悔莫及,1
错儿,1
个头儿,1
矬儿,1
婆子,1
春联,1
地摊儿,1
这小,1
儿程晨,1
想治好,1
盖建,1
末梢,1
网络新闻,1
专刊,1
第二页,1
有多火,1
可大飞,1
竟无路,1
卧床,1
王凤如,1
字眼儿,1
火星人,1
儿顾,1
起急,1
五人六儿,1
就乐,1
儿临,1
混一,1
儿说,1
办人,1
我蹦子,1
这起,1
逗悠,1
有费,1
嘎子,1
琉璃球,1
公费医疗,1
直挠,1
国营,1
先画,1
虚陋,1
同类项,1
射入,1
鬼使神差,1
沉甸甸,1
总替,1
有笔,1
张带,1
储儿,1
体育锻炼,1
能多活,1
杀人越货,1
段长,1
贫困学生,1
清人,1
再泼,1
铁不铁,1
海陆,1
前吃口,1
映满,1
睡觉时间,1
多好几倍,1
有创造力,1
生不,1
进酒,1
不白来,1
喝肉,1
要变,1
容不得,1
五迷三道,1
远光要,1
没坏,1
那曲,1
内饰,1
家妻,1
看地,1
来续,1
多头,1
当爽子,1
抗抑郁,1
树叶子,1
摸入,1
皮筋儿,1
沾季,1
气门芯,1
吐西,1
瓜子儿,1
天安门广场,1
武警,1
偷骑,1
捉虫,1
儿系,1
借来借去,1
小人儿书,1
捞鱼,1
刨坑,1
第一节,1
上床睡觉,1
哥帮,1
驾查,1
这算个,1
无用武之地,1
今算开,1
万能钥匙,1
气头上,1
屁别,1
接茬儿,1
牙碜,1
山靠,1
翟强,1
没松,1
我张,1
看来看去,1
这事要,1
道和义,1
临检,1
陆文清,1
袁依梦,1
云洁,1
叶彬,1
遇敌,1
打边,1
枪线,1
中子弹,1
阴之力,1
间歇,1
山泉水,1
化劲,1
挡箭雨,1
钩索,1
如烟过,1
陷阵,1
赵雪,1
西林,1
仰慕者,1
海峰,1
连过,1
结都,1
初七,1
弄史,1
铁线,1
链弟,1
绝不允许,1
赚飞,1
闪火来,1
快端,1
他眼,1
岁岁年年,1
碎碎,1
骨瘦,1
嶙峋,1
破归元,1
暗刑,1
咏莲成,1
海岸边,1
快照,1
进一,1
切问,1
该站,1
挥发掉,1
后会变,1
一息奄奄,1
劳苦,1
主是,1
明火,1
打零工,1
献血,1
光花开,1
亮堂,1
应许,1
咬合,1
破金甲,1
太经,1
巽,1
瞬到,1
蓄闪骗,1
遮影,1
躲百裂,1
硬冲,1
狼主,1
逃一波,1
废船,1
掏弓,1
金刀,1
窟洲,1
飘飞,1
练刀房,1
不舟,1
刚出去,1
当莫得,1
鬼计,1
似泡,1
王以,1
锥刺股,1
上博,1
慢桥,1
柜员,1
汽车尾气,1
花环,1
丝毫不差,1
词前,1
占得,1
灯箱,1
同义词,1
用满,1
甜能,1
羊肉汤,1
变而,1
别加,1
同名同姓,1
歌才,1
自作孽,1
发楞,1
谁何,1
梦临,1
难逃一死,1
伦巴,1
中画,1
绘成,1
零涕,1
我轻,1
有头无尾,1
但燃,1
编码,1
门留,1
对起,1
再响,1
心塞,1
轻拍,1
高低杠,1
起撒,1
码齐,1
会亏,1
三圣乡,1
光起,1
枝繁,1
食断,1
整修,1
杜振熙,1
四川省,1
红仓,1
文创,1
山向,1
翻包,1
中心地段,1
鼻子走,1
被潮,1
那撒子,1
蛹,1
婉婉若卿,1
已成定局,1
打碟,1
燕南,1
梦唱,1
朝上,1
误食,1
化妆师,1
食物中毒,1
执剑者,1
下学,1
烟灭,1
好省,1
价格比,1
臭嘴,1
儿封,1
托别,1
冲泡,1
真疼,1
会棒,1
倔劲,1
人慢,1
麻糖,1
老李,1
年大狗,1
个粉,1
天拿起,1
喂醒,1
懒鬼,1
当型,1
人唱得,1
狠哇,1
穷说,1
河要,1
打垮,1
傻出,1
怀才不遇,1
专要,1
积极主动,1
连通,1
别多想,1
男少来,1
女貌郎才,1
骨瓷,1
高帽,1
唱学,1
目似,1
怒视,1
打狗棒,1
断用,1
会入,1
选没选,1
红说,1
飘说,1
现场会,1
还特,1
宁浩,1
叶世荣,1
秦勇,1
吴遥,1
赵卫,1
陈磊,1
张克芃,1
陈辉,1
何岩,1
肖容,1
李楠,1
灰子,1
地扯,1
怀上,1
沉甸甸地,1
栾树,1
比教,1
编着,1
会伴,1
翻盖机,1
疾步,1
钱住,1
咯选,1
爆想,1
废铁,1
梦才,1
打该,1
太精贵,1
三维空间,1
加装,1
渔夫,1
倔是,1
芙湖,1
数学老师,1
火圈,1
利维,1
笔用,1
一人来,1
多年不见,1
天刚,1
亮天刚,1
丧是,1
过旺,1
旗开,1
严令,1
弯身,1
赶得车,1
摇头叹息,1
晚熟,1
逗逗,1
滚热,1
刻刻,1
遇冷,1
铸炮,1
初期,1
造枪,1
顺利完成,1
沐个,1
假消息,1
能慢,1
透骨,1
长格蚤,1
赖格宝,1
奇猫,1
抓鱼,1
曲儿,1
哪干,1
脱瓜,1
悲不喜,1
圣歌,1
展新,1
以身试险,1
提而,1
校验,1
超昏,1
清风两袖,1
傻福,1
稳活,1
买粉,1
遮脸,1
死不要脸,1
假装能,1
秀加,1
没不散,1
框想,1
利齿,1
凤毛麟角,1
半首,1
自暴,1
原子笔,1
土坡,1
拿在手上,1
预料之中,1
暗恋着,1
词帅,1
心而发,1
装逼耍,1
寄放,1
抽光,1
丢光,1
很昂,1
为作,1
欷,1
歔,1
阿四脏,1
脚去,1
毫无根据,1
玄朗,1
挪车,1
百忙,1
乱哄哄,1
节省时间,1
化不开,1
脓,1
病活,1
爱生气,1
天算地,1
蓝白,1
这不教,1
玩快,1
忍辱负重,1
打聋,1
外问,1
人纹,1
铁环,1
老笑,1
越玩,1
青霉素,1
送歌,1
胯骨,1
委派,1
五十四,1
张全,1
挨个儿,1
弯着腰,1
纹上,1
汤儿,1
兼客,1
大烟,1
最凶,1
赵传,1
王馨悦,1
冯冲王,1
寓弘,1
不多能,1
马上拉,1
越险,1
层峦叠嶂,1
种儿,1
该结,1
你点,1
稳长,1
红红绿绿的,1
黑黑的,1
水越,1
红前,1
滋芽,1
滚风,1
还坏,1
不原,1
红嘿,1
阿尔,1
脸有,1
无形之中,1
成不成,1
王馨悦嘿,1
许多歌,1
那太多,1
儿能,1
崩碎,1
二道贩子,1
费要,1
非靠,1
好儿,1
当奴才,1
混烟儿,1
有口难辩,1
花俩,1
糟钱儿,1
恳请,1
傻波,1
那气,1
滚儿,1
我太好,1
赛纳,1
我篇儿,1
情与义,1
中好,1
传统式,1
记怨,1
摔碗,1
捏成,1
干出,1
生存条件,1
他变,1
精不,1
碰些,1
警,1
不疼不痒,1
疑犯,1
而过,1
放游,1
嘴别,1
名牌大学,1
别藏起,1
地闹,1
轴子,1
嘴乐,1
喽院,1
一窝见,1
键子,1
哭哭笑笑,1
原艺,1
这梦太美,1
宁炎,1
算活,1
最神,1
拿出手,1
每双,1
做朵,1
利与弊,1
嘴会乐开,1
标准配备,1
得坏,1
我狗揽,1
八泡,1
懒蛋,1
穷破,1
帮穷,1
靠点,1
金扣,1
专切,1
瓜玩,1
别敬,1
带色儿,1
儿白,1
牛二走,1
凑钱,1
能量守恒,1
写大,1
时全,1
赖不着,1
没印,1
家心,1
禁告,1
变干,1
木耳,1
买画,1
忙成一团,1
太多能,1
多照,1
太多成,1
缩衣节食,1
你光,1
人套,1
金饭碗,1
年头儿,1
骄傲自满,1
滴下来,1
织造,1
送水,1
十多块,1
钱买根,1
儿回,1
很难说,1
儿烧,1
蛮蠢,1
金耳朵,1
卵事,1
塔克,1
晃儿,1
糊息勒,1
莫学勒些,1
饭咯,1
千翻,1
儿恩,1
义乌,1
黑闷准,1
帮紧,1
投得,1
桑它,1
垃的,1
哥莎莎,1
摸买个,1
寒勒个,1
赛摩伴,1
咯血,1
脉头,1
槐树,1
疼哥,1
波司登,1
真勒太忙,1
哈事,1
打架斗殴,1
野球,1
溪勒,1
糖果厂,1
版画,1
巷儿,1
要材,1
龙湾,1
莺歌燕舞,1
邓云喊,1
酒任,1
郭瀚,1
狼队,1
够本,1
整请,1
遭刀,1
有觉,1
追人,1
班浩子,1
丢歌,1
多双,1
打锣九出,1
十处,1
好言相劝,1
两秒钟,1
刘宏宇风,1
刮脸,1
岸风,1
狗人,1
倔得,1
药房,1
翻微,1
无房,1
博抖音,1
十几秒,1
这热,1
伙开,1
六十岁,1
无车,1
下馆子,1
床脚,1
想吃些,1
整份,1
头胀,1
胆王,1
过妈,1
位要,1
感勒,1
结仇,1
起勒是,1
儿力,1
勒片,1
坐庄,1
趴老,1
看哈老,1
红皮,1
皮花,1
起老龙,1
二十五岁,1
十三四岁,1
侮辱性,1
讨决,1
勒节,1
勒烈,1
勒爷,1
我哈钱,1
散华乐迪,1
传过来,1
老百街,1
范儿勒个,1
一两遍,1
整碗,1
错勒,1
饿些,1
水碾,1
人致,1
华仔勒个,1
上起,1
咔头,1
蜷起,1
浪遭,1
篾片,1
虎要,1
娘母,1
白须,1
公也,1
松有,1
肖懿文,1
完朴,1
马马,1
藏猫儿,1
搓招,1
半兽人,1
趁妈,1
最日天,1
铁柱,1
伙说,1
股骚,1
巷巷,1
流水席,1
吸毒,1
护养,1
早不来,1
晚不来,1
咯勒个,1
首龙拳,1
下哈力,1
卖烟勒,1
中太多,1
很帅帅,1
六月份,1
黄角树下,1
老婆婆,1
儿悬,1
小商店,1
破得,1
王亲,1
这因,1
画好,1
粮添,1
中央民族乐团,1
仍会变,1
般甜,1
草想,1
出双入对,1
影带,1
最丝,1
伞包,1
几十秒,1
SquadshittalkingIwillbeNo.1,1
直径,1
黄金右脚,1
西部片,1
结好果,1
开它,1
散外,1
比斑,1
争来争,1
蒂,1
芙尼蓝,1
迪桑特,1
噻都,1
说抖,1
搜谢,1
我杂,1
睡快,1
分不起,1
露脸,1
为证,1
雨好,1
骑上去,1
批们,1
冲穿,1
杂酱,1
引荐,1
发传单,1
浇油,1
吸钱,1
二带,1
主给,1
龙明些,1
加次,1
奴性,1
陆迅,1
我克四,1
成饭,1
超姐,1
留梦里,1
吸尘,1
呼入,1
浮冰,1
仍会,1
供不应求,1
梦变,1
福泽,1
戴链,1
肥字,1
儿红,1
加个帝,1
排泄物,1
天呐神,1
得理不饶,1
每迈,1
球话,1
超多货,1
儿嗷,1
掌握主动,1
狼牙棒,1
穿不起,1
凶惨,1
安枕无忧,1
歌雨,1
水疗,1
假勒,1
卵弟,1
虚勒,1
外长,1
心钱,1
撑过去,1
假咯,1
落烂,1
管欠,1
板站,1
雀雀闹,1
几角,1
儿太怪,1
黑千翻儿,1
黑莽,1
独龙,1
子钱,1
泼下,1
不言,1
勒播,1
勒多,1
十多天,1
扮哈儿,1
儿酒,1
落屋,1
一个多月,1
戏晒,1
得黢麻,1
勒困,1
上勒,1
真刀,1
别陷,1
你布,1
好色鬼,1
胡思,1
菜园坝,1
桥脚,1
开水壶,1
点多,1
扯白,1
微博抖音,1
泥地,1
假影,1
别玩药,1
半是,1
或大或小,1
饿不死,1
真暖,1
满过,1
那摊,1
娇嫩欲滴,1
烧心,1
偷掉,1
需求量,1
官邸,1
王走,1
旧戏,1
洗脸水,1
烧涨,1
状元郎,1
叶树早,1
需下,1
人太累,1
旁伴,1
郫,1
柴声,1
唱心,1
KIMWAITTHumbleSwagPt.2,1
问斑,1
斑比来,1
郫筒,1
勒酒,1
勒血,1
头流勒,1
真满,1
相逼,1
星有星,1
过守,1
开见,1
虽住,1
融不进,1
沙沙沙,1
羡煞,1
天充,1
偷存,1
歉疚,1
再云,1
所致,1
日不落,1
抓人,1
那样的话,1
载物,1
照起,1
我激,1
血滴,1
中国农大,1
幸天,1
趴起弹,1
珠珠,1
田给,1
水打,1
吼身,1
全叫,1
站边,1
周字,1
遭乱,1
打棒,1
瓜边,1
洁身,1
精上,1
杠班,1
冰嵌,1
我连歌,1
误闯,1
变有,1
那火,1
先黑,1
通厕,1
埋土,1
点边,1
抱薪者,1
毙于,1
蛛网,1
万元户,1
转才,1
空讲,1
过慌话,1
悠远,1
挖地道,1
麻吉说,1
纪检,1
爷话,1
深感,1
没流,1
执字,1
生活美满,1
浸入,1
孙认,1
桑葚,1
精挑细选,1
热水瓶,1
秉直,1
地少,1
晨宇,1
怨怪,1
庞麦郎,1
黄鳝,1
下河,1
㻛,1
乙,1
换口气,1
三思而后,1
后后,1
酷亚,1
成一,1
왠,1
교,1
별,1
잃,1
줘,1
作梦,1
郑智薰,1
王嘉尔词,1
밀,1
陈少琪,1
证让,1
两篇,1
殷实,1
帐目,1
歌王,1
战国,1
过兰博,1
要秀哈,1
非典型,1
快板儿,1
后脑,1
右盼,1
消炎,1
摆下点,1
飞行棋,1
见状,1
探到,1
叙事,1
冲账,1
德才,1
冷枪,1
却步,1
一役,1
行迹,1
与时俱进,1
偷歇,1
开必得,1
安进,1
该当何罪,1
不欲生,1
第一套,1
幻般,1
歌里围,1
有否,1
鲍勃马利,1
赛似,1
掌上明珠,1
宋青书,1
寞,1
房开,1
多辣,1
张效衡,1
餐牌,1
餐单,1
许钧,1
实然,1
陈嘉桦,1
李佩玲,1
卜澳鹏,1
儿伟少,1
炳,1
유,1
솔,1
我圈,1
喊切,1
这大夜,1
清丽,1
找补,1
总有光,1
色彩鲜明,1
枪决,1
左脸,1
感光,1
坎坷不平,1
太沸扬,1
杨燃,1
怎去,1
无法弥补,1
人不像,1
怎么得了,1
对块,1
造新,1
读死书,1
位刚,1
拿五杀,1
洒个,1
罗龙,1
听马思,1
江安,1
陈载,1
农行,1
麻柳,1
求用,1
算咯,1
重本,1
讨打,1
谈咯,1
咯太累,1
咯爽,1
勒南,1
晨好,1
港南晨,1
唱整,1
带导,1
边吹会,1
河风,1
南晨,1
陈再,1
柳暗,1
花明,1
更多地,1
大打出手,1
国说,1
满片,1
溜进来,1
大戏台,1
改一改,1
装饰品,1
巧王,1
渝北区,1
买幅,1
周道,1
倪一丹,1
见识一下,1
好酸,1
干录,1
装修工,1
聊撒子,1
完吃个,1
晚今,1
重睡,1
饭岛爱,1
武藤,1
不编,1
说球,1
滑滑,1
滑要,1
呱真,1
鬼快,1
瓦釜雷鸣,1
路算,1
再摇,1
邱淑贞,1
虽远,1
如场,1
得偿,1
人卡脚,1
友少,1
叁级,1
醉勒辊,1
格裂,1
醉勒,1
太胀,1
杨老叁,1
捂麦,1
一瘸一拐,1
猫宁,1
提包,1
辣爱,1
热水袋,1
辉煌成就,1
傲然挺立,1
昂然,1
有雪碧,1
肥牛,1
别作一眼,1
耍嘴皮子,1
碎末,1
盘放,1
整袋,1
张多,1
那旧,1
加倍努力,1
衷心感谢,1
越拉越,1
每宿,1
摘取,1
弱项,1
记录下来,1
上境,1
山踏,1
有多蠢,1
接都,1
哈腰,1
大南门,1
南山村,1
儿饿,1
豆腐干,1
古德,1
五黑,1
角钱,1
田头,1
甜勒,1
马街,1
太多勒,1
你勒家,1
滚刀,1
划的来,1
往面,1
比几哈,1
胸部,1
天不在,1
戏分,1
二面,1
觉睡,1
较贵,1
拂媚,1
肚上,1
加价,1
芦荟,1
问往,1
面霸,1
面拌,1
弄求,1
没少来,1
素食者,1
死人堆,1
神气十足,1
开不回,1
粉来,1
二零二,1
纯凭,1
没法子,1
龙角散,1
包火,1
有瓜,1
加抱,1
文睿熙,1
当戴,1
泉州,1
队蓝血,1
飞全,1
龙萨奇,1
命大比,1
装紧,1
卡帕,1
限额,1
旋轉,1
飞不飞,1
第六个,1
越新,1
去治下,1
管杀,1
坎刀,1
塞歌,1
那会拉低,1
危险品,1
镶颗,1
喂分,1
试哈,1
拍颗,1
快克泰,1
鸣禽,1
蓝血,1
黑山羊,1
当升,1
些样,1
疯马,1
秀戾,1
别冲,1
真下,1
头害,1
空大咯,1
残次,1
真悲,1
咬掉,1
黄帮要,1
我装下,1
子残,1
快又稳,1
蛙叫,1
光暗,1
越低,1
不给面,1
永留,1
焦点访谈,1
反响,1
被拉入,1
回关,1
焦干,1
小解,1
驻街,1
塞尔达,1
王健林,1
水象,1
砂币,1
茶颜,1
进只,1
老莫说,1
街声,1
推嘛,1
会传,1
这太烫,1
谏言,1
校庆,1
关厢,1
柏树下,1
一小片,1
智能手机,1
送画,1
阳春面,1
柏树,1
教科,1
顶过去,1
冰露,1
后变,1
变越,1
赵德柱,1
深成,1
商业片,1
鸟般,1
追分,1
竹竿,1
乔颖,1
司专,1
尽心尽职,1
百特星,1
杰顿,1
体佐菲,1
对戒,1
艾斯中,1
司艾斯,1
前喊,1
艾斯艾斯,1
演佐菲,1
南夕子,1
超兽,1
光之国,1
背朝天,1
输当,1
玩梗时,1
自啥,1
粉垢,1
灵兽,1
后泰,1
只花美,1
干泰,1
逝泰,1
长沙市,1
饼小干,1
没舍得,1
妈带,1
共友,1
没人放,1
雾化器,1
只为求,1
烟抵,1
群泰,1
再多来,1
正经起来,1
贫不笑场,1
金融中心,1
茧房,1
思囚,1
网涂,1
忍放上,1
响笑,1
完忍,1
手办,1
真火,1
忍祸,1
古惠,1
尘事,1
不塞起,1
安琪拉,1
在续,1
锐,1
手画,1
千上万,1
福将,1
敲竹杠,1
胖洗,1
脸照,1
独创,1
秽物,1
中拉下,1
强取,1
豪夺,1
那锋利,1
越下,1
这淋着,1
低鼓,1
往下望,1
三十二岁,1
天文数字,1
输血,1
曹侃,1
真忘,1
董玮枫,1
刘星,1
星号,1
已退,1
兴奋点,1
翟,1
能梦到,1
但风,1
FM88.7,1
首张,1
现场采访,1
组织者,1
我战过,1
救娘,1
选当,1
三十二年,1
咽得,1
虚掉,1
对论,1
阿卜杜,1
痴傻,1
地久终,1
颓意,1
神经末梢,1
张洋,1
栩栩,1
如声,1
马越,1
荆棘丛生,1
刘爽,1
看无路,1
李嘉彬,1
何平,1
圆号,1
撒才,1
修枝剪,1
记一哈,1
双色球,1
欧巴擦,1
浪嘿,1
夜继,1
因缘际会,1
别发,1
平四,1
能领,1
玩呐,1
詹姆士,1
陪过,1
玻利维亚,1
七八遍,1
开家店,1
亚利桑那州,1
姜逸,1
别太早,1
评狠,1
骗得,1
学给,1
共同完成,1
打流区,1
耍玩,1
帅别,1
改咯泰,1
咯泰,1
噻泰,1
起泰,1
索敌,1
上羊血,1
别喊,1
我港,1
本王,1
批阅,1
再捡,1
令光,1
可总有,1
朽,1
荆门,1
香梨别,1
猪柳,1
审判长,1
使眼色,1
红纸,1
醒脑,1
上缴,1
透后,1
偿给,1
胜诉,1
败诉方,1
尝甜头,1
不知真假,1
要斗钱,1
易燃物,1
起成,1
赔点,1
钱办,1
笨货,1
作古正经,1
俞,1
前尘往事,1
再唱遍,1
十地,1
范就,1
急救,1
捧住,1
听末,1
刚飞起,1
可进可退,1
地撑,1
换回来,1
偏争,1
鸟别,1
异象,1
感换身,1
冲手,1
追会,1
国黑别,1
费手,1
手推,1
有弟,1
起债,1
看不起人,1
瑞肯,1
靠导,1
伢娘,1
克撒,1
有件事,1
马内,1
砌筑,1
陈嘉怡,1
张唯,1
车前,1
崇明岛,1
马景涛,1
来演,1
双鞋,1
时比巴卜,1
下上,1
八节,1
课而,1
八心,1
八箭,1
镇海区,1
吊好,1
凯子,1
领角,1
脸盆,1
电焊,1
小鹰,1
假死,1
考勤表,1
六百斤,1
天选之门,1
少先队员,1
疑神疑鬼,1
同床共枕,1
禅悟,1
邪性,1
杨秋儒母,1
发骚,1
色情女,1
星长,1
歌想入,1
行闹,1
呐连八贼,1
威士堡,1
眼距,1
般向,1
纺织,1
李阳,1
菊芳,1
五元,1
搜去,1
食量,1
大穿,1
职业装,1
时过,1
万个,1
因公殉职,1
警徽,1
那满树,1
神站,1
辩护律师,1
祖组,1
他拉出,1
瓷砖,1
汽水瓶,1
别淡,1
护校,1
笔拟,1
巨商,1
焊接,1
机匣,1
衣架,1
风箱,1
松江,1
窗能,1
哄堂大笑,1
蝉蛹,1
演画个,1
时轻,1
倚门卖笑,1
养尊处优,1
身器,1
自刎,1
狗血淋头,1
蔡军,1
单杠,1
黑带,1
羊哈,1
小小年纪,1
久浸,1
腌制,1
稻子,1
置身其中,1
蝴蝶泉,1
零来,1
蓝雨下,1
夜潮,1
梦幻泡影,1
瑶池,1
浓绿,1
金影,1
叫爸,1
高数,1
批到,1
死爷,1
旧衣,1
细细地,1
墨香来,1
勿虑,1
初六,1
黄帽,1
执岗,1
首单,1
我乱,1
前泡,1
一节课,1
开学典礼,1
校规,1
校纪,1
夹藏,1
发辫,1
少扣,1
太狗,1
鸟兽,1
短小精干,1
猝睾,1
淫乱,1
尻,1
养内,1
塑外,1
内养,1
推深,1
理想主义者,1
炼乳,1
哽在,1
咽部,1
散会,1
开背,1
批批,1
大肌霸,1
布拉柴维尔,1
刚果,1
乡绅,1
打钉,1
碰酒,1
私生活,1
腾冲,1
防喷罩,1
士族,1
所画,1
呆币,1
撑散,1
类固醇,1
配泰,1
米色,1
一壮,1
这泰迪,1
地球表面,1
只朝,1
滑头,1
脱离群众,1
九亿,1
哪有法,1
嘴含,1
寒鸭,1
打炮,1
下药,1
照葫芦画瓢,1
假钞,1
灾变,1
之翼,1
臭气,1
某种意义,1
敬着,1
药罐,1
扯进,1
周易,1
奎迪,1
一上场,1
洛奇,1
权权,1
棉签,1
穷学生,1
工薪层,1
发情期,1
斧子,1
向下兼容,1
实战经验,1
岸本,1
达索,1
罗琳,1
极低,1
无从说起,1
王国里,1
没背,1
根号,1
美元汇率,1
富含,1
再怪,1
导火,1
泡沫板,1
水污染,1
爸用,1
捡破烂,1
而变,1
来幕,1
机翻,1
桅帆,1
喷射器,1
白褂,1
刺拉住,1
新篇章,1
单杰妮,1
陈正,1
派发,1
坐火车,1
正有,1
滕瑞哲,1
荒瘠,1
无拘,1
张菁格,1
学园,1
孙诗蕾,1
蓝宁,1
林乔心,1
何力,1
刘羿,1
富海,1
姚舜开,1
蔡可欣,1
艾晨,1
董雅睿,1
太后,1
垂帘,1
扔光,1
锦囊妙计,1
摔出,1
青泡,1
音道,1
手时,1
手工,1
制品,1
呼伦贝尔,1
建在,1
那暖,1
硌,1
呼有,1
寒气,1
漏音,1
来拉响,1
霍格,1
前厅,1
这集,1
全打,1
阴三,1
不供,1
满银,1
活爷,1
掀锅,1
掀桌,1
后继,1
冠单,1
文字狱,1
淫乐,1
清通,1
聘用,1
菜菜,1
骗炮,1
硬成,1
沃茨,1
总劝,1
堤坝,1
令爱,1
瘀,1
这拳,1
二二,1
三二,1
音是,1
很共情,1
探求,1
抢戏,1
裂成,1
整装待命,1
五千多,1
纸鹤,1
密林,1
香榭,1
猛烈地,1
排不出,1
上件,1
要厚,1
唇角,1
刮下,1
孔波雷,1
尝要,1
旷日持久,1
杀身之祸,1
里种,1
子深,1
最平,1
配泰米,1
壮得,1
唏,1
瞎练,1
单帅,1
水端,1
陈琛,1
晚年生活,1
单机游戏,1
买妹,1
暗让,1
董妹,1
勇士队,1
通膨呜让,1
先嘘,1
盲人,1
重粉,1
怕生,1
追缉令,1
桑说,1
贵死,1
陈星翰,1
沸扬,1
偽装,1
心臟,1
筊,1
半剩,1
飘转,1
伕,1
远乡,1
灯一亮,1
如大梦,1
多人别,1
哈可,1
任思怡,1
象山,1
意涵,1
酸言酸语,1
罢凌,1
贻笑,1
自拍个,1
一万张,1
口沫横飞,1
仲介,1
看衰,1
陈伟音,1
跡,1
牛逼开,1
虚表,1
亲生骨肉,1
环境保护,1
租客,1
偏移,1
多名,1
另寻,1
伴行,1
基因突变,1
没唱够,1
抗得,1
布做,1
抽叫,1
超额,1
缴纳,1
徒有,1
血案,1
反应速度,1
守己,1
超爽,1
安捷,1
飢荒,1
当宅,1
一寿街,1
欢迎仪式,1
祸端,1
汽车销量,1
为利,1
里本,1
天寒地冻,1
只离,1
讹诈,1
现代文明,1
轰的一声,1
迷朦,1
连络,1
防晒油,1
激凸,1
有租,1
小木屋,1
肉大口,1
手吼,1
夫复,1
先咸,1
肖想,1
钱太少,1
便装,1
别卖,1
路快,1
干麻要,1
开小铃当,1
网红像,1
泳衣,1
排球,1
敞着,1
烧酒鸡,1
绝非易事,1
此致敬礼,1
上试,1
真滑,1
这互,1
东闪西躲,1
想激,1
滂礴,1
会架,1
会拉,1
唱反,1
之母,1
我挥挥,1
世代交替,1
变烫,1
多管闲事,1
教师节,1
陈腔,1
点阅,1
陈零九,1
小姊姊,1
大姊姊,1
恰北北,1
只鲁蛇,1
比较简单,1
爆烈,1
听妈,1
犹他,1
正放,1
劈啪,1
响愿,1
迪拉胖,1
由他去,1
少翻,1
太废像,1
怪石,1
朱门,1
我寒,1
人杀,1
同乐会,1
只通,1
膨,1
金州,1
路词,1
看雪,1
我元,1
可会变,1
次迎,1
若有所失,1
忍一时,1
仍藏,1
重兵,1
噪声,1
脑大当,1
不连贯,1
喝太醉,1
出膛,1
过段时间,1
游戏迷,1
美刀,1
以酒,1
磁性,1
玩着,1
震破,1
擅发,1
发展前途,1
耳听为虚,1
眼见为实,1
独食,1
六句话,1
如实,1
弯太多,1
清明上河图,1
主帅,1
都融,1
繁衍生息,1
神去,1
干尽,1
早成,1
心亮,1
如窗,1
谋取私利,1
激化,1
赏新,1
狭长的,1
枝梢,1
来缘生,1
缘灭,1
改朝,1
里大口,1
坏心眼,1
连鸡,1
前途无量,1
原状,1
仲扎住,1
操牌,1
有牌,1
窦包,1
烟饭,1
系爽,1
成班,1
牙胶,1
醒字,1
系逼,1
儿童不宜,1
太多印,1
进嘴,1
哺乳类,1
又录,1
好彩,1
执台,1
一系,1
摆杯,1
信拉低,1
刀伤,1
取景框,1
一段落,1
山山,1
拆数,1
比傻彪,1
两碟,1
送多,1
地幻,1
就入,1
半肚,1
竇系,1
饮得,1
滚打,1
蜗居,1
没妈,1
诈要,1
既爱,1
应承,1
我千其,1
堆酒,1
吹大,1
鬼头,1
玩德玛,1
西亚,1
每一项,1
管错,1
巨多人,1
喝宝,1
不爱盖,1
穿太大,1
人造卫星,1
跟众,1
酒全,1
谋财害命,1
肌饿,1
添加物,1
八路,1
资助,1
研发部,1
白甜,1
撒些,1
家庭作业,1
吓倒,1
像利,1
受制,1
斗智,1
出冷汗,1
一大批,1
会掘,1
拼对,1
死飞,1
没爹,1
套套,1
道坎,1
变臭,1
赏花,1
大户型,1
来路不明,1
小买卖,1
独引,1
闭目养神,1
第二站,1
辛酸泪,1
编队,1
亿吨,1
第三站,1
越国,1
失地,1
买味,1
有所突破,1
少势,1
或出,1
玛德法克,1
所选,1
带烟纸,1
包在,1
期中考试,1
今天下午,1
夜半三更,1
日夜不停,1
唯妙,1
唯俏,1
辣姐加,1
东泽道,1
不分昼,1
路可选,1
为盟,1
弥敦道,1
没响,1
不念静,1
不念谢,1
不念合,1
仓雁彬,1
神盾,1
安危,1
热不热,1
姚中仁林,1
过雨后,1
马祖,1
回纹针,1
射错,1
测错,1
鸟兽散,1
朦眬,1
下猛,1
你会选,1
断念,1
问及,1
险借,1
考试及格,1
浪到,1
变话,1
羯,1
黄新淳,1
成总真,1
过化,1
满舒克词,1
满舒克曲,1
单是,1
枪林,1
前缘,1
生生,1
知命,1
看断,1
药管,1
耶诞夜,1
浅显易懂,1
只来,1
出動,1
盧廣仲,1
種,1
一種,1
淺顯,1
夜裡,1
竊喜,1
指月經,1
只來,1
刪除,1
單獨,1
白馬,1
吳淡如,1
還早還,1
幫聖,1
皇宮宅,1
可樂,1
許過,1
聽到,1
吴淡如,1
麦可,1
姜饼,1
保麗龍,1
耶誕夜,1
綠紅,1
機鈴聲,1
應景,1
別太緊,1
張聖,1
誕夜,1
驚魂,1
火熱,1
開花,1
抱著,1
花怕,1
银白,1
石当,1
陷在,1
几期,1
弹不出,1
散不去,1
姜家瑶,1
徐翠翠,1
价别,1
这一题,1
只容,1
再陷,1
般花,1
我巴,1
糯米鸡,1
苏荷,1
策妹,1
声名鹊起,1
张滴,1
孔艺萌,1
土才,1
黄雨勋,1
燏,1
爱我所爱,1
内啡肽,1
马大,1
欠妥,1
别怨,1
点若,1
杯壁,1
支开,1
烩饭,1
剧名,1
已不受,1
默守,1
不务空名,1
赛车队,1
乐巢,1
三牛,1
西一克,1
炮用,1
二十出头,1
行踪不定,1
难留,1
望京,1
对能,1
奖过,1
想满,1
妒恨,1
回梦中,1
更棒,1
困当,1
许荣臻,1
黄明昊,1
动人心弦,1
弟妹,1
留人,1
当杂,1
四喜,1
自噶垮,1
后哈,1
哈会,1
算杂,1
锅季,1
季红,1
坐位,1
西只,1
排恰醉,1
哈敞,1
车恰,1
酒毛,1
港究,1
洋妞,1
誕節,1
喬治麥,1
這首,1
美而美,1
机八,1
鼎泰丰,1
加蛋堡,1
薯饼,1
大冰奶,1
哈哥,1
骗肖,1
味增,1
汤关,1
裤档,1
老番,1
晨之美,1
柳橙汁,1
冷凉,1
卡好,1
拷秋勤,1
当屁,1
經下,1
宁之夏,1
台烂车,1
特西到,1
太稀,1
十五分,1
谋点,1
我尬,1
鸡蛋糕,1
三十六把,1
九把刀,1
越忙,1
神差,1
俯拾即是,1
爱爱要,1
算起,1
十爱,1
罗是,1
干麻,1
假奶,1
矽胶,1
瞒不住,1
食髓知味,1
犯些,1
河而,1
老兵不死,1
病是,1
忘东,1
忘西,1
雁鑫,1
魂牵梦萦,1
叫梦芸,1
三坪,1
第五次,1
看词,1
英国伦敦,1
刘福助,1
求败,1
丘要,1
董多,1
奶少,1
唯妙唯肖,1
孟波,1
膨风,1
蒙眬,1
勾到,1
还神,1
九月底,1
那八环,1
环堵,1
这烟,1
变人,1
面额,1
小想,1
引蝶,1
哈养,1
一横变,1
逃要,1
祸水,1
苦药,1
八辈子,1
很衰,1
没女,1
怨偶,1
唏哩,1
哗啦,1
不醉绕,1
虎头蛇尾,1
要播,1
来破,1
回地,1
剑队,1
膏肓,1
鲁小,1
陶晨,1
错字连篇,1
大當,1
遇見,1
先不說,1
罐頭,1
誠懇,1
姜餅,1
人把餅,1
許下,1
大太多,1
願望,1
治装,1
滑鼠,1
假名,1
格太多,1
小呆瓜,1
矛再,1
宣布独立,1
中仁少,1
这项,1
斜变,1
正大,1
心善,1
贫贱夫妻,1
脏兮兮,1
偷哭,1
岸岸,1
排妹,1
桑太秀,1
双簧,1
恶名昭彰,1
连江,1
蕙,1
十秃九富,1
中二姚,1
心操,1
天下父母,1
一撑,1
三垒,1
昏当,1
滚来滚去,1
球季,1
一垒,1
盗向,1
二垒,1
变化球,1
据理力争,1
梦望,1
半两,1
酷不酷,1
试着体,1
归有,1
居大不易,1
进放,1
泪涕,1
道句,1
有技,1
蜂拥而至,1
敲出,1
出狠话,1
备注栏,1
剧有部,1
捂热,1
连甜,1
阻塞,1
讲不清,1
恐后争先,1
冷摇下,1
多烧,1
没给,1
多爱笑,1
滞塞时,1
拥紧,1
一格电,1
歌太快,1
核验,1
选找,1
聚满,1
薪酬,1
容身之处,1
助燃,1
物从,1
某天会,1
队尾,1
细问,1
例证,1
吞灭,1
称谢,1
左锈,1
样带,1
言下之意,1
适者,1
分饰,1
左退,1
劈头盖脸,1
有菜,1
哪学,1
高质,1
快餐厅,1
涉险,1
笔磨出,1
多认,1
夺利会,1
扮戏,1
飙高,1
陈然哥,1
二十三,1
财发,1
塌下,1
多大天,1
抬条,1
拓土开疆,1
敷衍了事,1
師,1
怠倦,1
诸脑,1
麦时,1
奋起直追,1
难火,1
倔别,1
下当,1
正解,1
无力招架,1
鲜有,1
高不成低不就,1
是非成败,1
博斗,1
苦换,1
未见得,1
点皮,1
积云,1
失调,1
女演员,1
世与汝同,1
无为,1
壮烈,1
最像,1
录音笔,1
僭,1
黄蜂,1
灌着,1
萎缩,1
时问,1
等着瞧,1
马蹄铁,1
药熊,1
彗尾,1
众口一词,1
死望,1
细雨绵绵,1
朱丽,1
没送,1
凶巴巴,1
按理说,1
四十三岁,1
嫁娶,1
立身处世,1
完仗,1
投机分子,1
抽税,1
自足,1
再共饮,1
铅,1
每说,1
桑普拉斯,1
可为,1
哭出,1
火一,1
出梦到,1
上星期,1
哈好,1
情由,1
浓转,1
均匀,1
气旋,1
转进,1
树冠,1
杂草丛生,1
保鲜剂,1
章鱼,1
十一只,1
千辆,1
摘录,1
麦握,1
张为,1
楷体字,1
爽干,1
班霸,1
抄同,1
絮语,1
枪里,1
数学公式,1
低洼,1
高远,1
缺穿,1
自我中心,1
新西兰,1
高像素,1
牙痛,1
渔人,1
西红柿,1
树蛙,1
新碟,1
小伤,1
海德公园,1
屁香,1
洞哥,1
蹲起,1
搅拌机,1
嘶声,1
峻玮,1
敦刻尔克,1
泰酷,1
删得,1
装化,1
嘴替,1
酒软,1
饮要,1
配雪,1
麦玩得,1
营业额,1
要检,1
人远,1
手筋,1
从弱到强,1
群羊,1
拼出来,1
变久,1
割散,1
跨国公司,1
发花,1
最佳雇主,1
项目管理,1
资新,1
大才,1
不挤,1
公羊,1
母羊,1
羊圈,1
狂先,1
条狼紧,1
帅多,1
放纯,1
戏抄,1
纯听,1
嘘哈,1
专业化,1
第一刀,1
开万人,1
总交不上,1
水哥,1
氺,1
许鲲,1
临时演员,1
购物中心,1
药药药,1
手快,1
嘴变,1
王忙,1
妹控,1
抽普皖,1
前前后后,1
嫁入,1
报个销,1
那放气,1
税喊,1
税别,1
没手,1
按得,1
按坏,1
跳跳舞,1
这副样,1
撒料,1
首出,1
封哈,1
睡咯,1
结构设计,1
冰雪消融,1
暴吼,1
敢陪,1
碍手,1
由俭入奢,1
蒙混,1
求证,1
牛粪,1
小雀,1
五华区,1
上冲,1
甩到,1
扮鬼,1
赚少,1
赶在,1
前怕狼后怕虎,1
钟滇军,1
早会,1
饿够,1
情绪低落,1
曲而,1
歌带,1
高神,1
肝病,1
怕得要命,1
催太过,1
不亢不卑,1
躲光,1
稳斗,1
湊巧,1
先看,1
拾喜,1
个局,1
框试,1
总再,1
有如神助,1
荤菜,1
对影,1
如山带,1
表演者,1
脱困,1
万银,1
夜来香,1
累帮,1
眼侧,1
救玛,1
嘻哈小,1
食盒,1
曲库,1
最全,1
嘻哈独播,1
拉票会,1
三席,1
少刷,1
残垣,1
狮驼,1
摆开,1
后发制人,1
守备,1
23.5,1
运了,1
纵贯,1
何从何,1
愁天愁,1
地愁,1
暴烈,1
累为,1
光感,1
三连胜,1
暴跳,1
败局,1
我击,1
黑递,1
撞倒,1
退税,1
一投,1
咖啡馆,1
腌过,1
运送,1
电热,1
快来秀,1
法定,1
隔三差五,1
院线,1
三手,1
茶蛋,1
斩雪翼,1
水兵,1
咱点,1
哥爱得,1
汪轼,1
晔,1
阿佛洛,1
透心凉,1
夺门而出,1
藕合,1
好刻,1
烙饼,1
淘到,1
大勺,1
吞食天地,1
炒饼,1
夹馍,1
脖炸串,1
涮串,1
熏肉,1
赵咏华,1
露着,1
冷好,1
小可,1
人爱之切,1
责之深,1
尽到责任,1
少嗷,1
失声,1
何俊,1
霓,1
李炎,1
车火梯,1
阳塔视,1
电发,1
沙聊,1
寓公,1
铁地,1
碧螺春,1
黄豆,1
死方,1
切不可,1
夏虫语冰,1
浓上,1
强说,1
储藏,1
六根清净,1
商站,1
拐场,1
影电角,1
之无想,1
珂,1
伊就食,1
落困,1
我约,1
伊去,1
伊想,1
哈阿,1
园公院,1
九只,1
强生,1
阿茂,1
发酥,1
流亡者,1
大减价,1
小摊,1
长饼,1
海带,1
茫茫然,1
燃烛,1
纱幕,1
残旗,1
邹念慈,1
追求名利,1
阳婷,1
宋慧珊,1
李金蕾,1
彭珂,1
胡月,1
覃芬,1
徐铭雨,1
唐铭梦,1
黄馨,1
过日,1
马贼,1
长恨,1
鸡架香,1
待云开,1
寻酒,1
寻仇,1
气吞,1
飞沙醉,1
怎敢,1
下叠尸,1
垒土,1
莫不,1
能尘,1
归尘,1
凄凄,1
饮一壶,1
岛主,1
有若命,1
山前山后,1
诗换,1
打马过,1
叫查,1
海生,1
跳鼠,1
好合,1
鼠年,1
来龙,1
羊开泰,1
五福临门,1
高照,1
亨通,1
灯球来,1
两串,1
平站,1
铁签,1
该选,1
起锅,1
望鸡楼,1
菜太香,1
艺兴,1
唠张,1
尚靖雅,1
生阿尔,1
配睡,1
配死,1
长诗,1
诗外,1
脸海离,1
耿潇微,1
一闹,1
翟佳,1
改编自,1
何足挂齿,1
心暗,1
国产车,1
聚一聚,1
戏语,1
明月当空,1
采儿,1
伏贴,1
六千个,1
仙果,1
十几句,1
越唱越,1
叫绝,1
几啭,1
高一层,1
迭,1
由傲,1
来峰,1
西面,1
奇景,1
削壁,1
千仞,1
飞蛇,1
熨过,1
话儿,1
敲成,1
儿书中,1
觉秀,1
不媚,1
寒半,1
桌后,1
简当,1
铁片,1
十二律,1
鼓捶,1
一盼,1
如白,1
养着,1
一顾,1
启,1
朱唇发,1
皓齿,1
愈唱愈,1
愈细,1
屏气,1
钻天响,1
事笔,1
爱国者,1
气喘吁吁,1
鱼群,1
伸进来,1
拔出去,1
摩迪,1
杀大,1
妊娠,1
更年期,1
重疾,1
豆腐脑儿,1
咸豆,1
现炸,1
蹲坐,1
准戴,1
伸进去,1
泰格,1
元宵,1
千百道,1
并发,1
忽小忽大,1
鸟乱鸣,1
撩乱,1
人弦俱寂,1
有鼻子有眼儿,1
舞先,1
儿帝,1
笔仙,1
需所期,1
帝帝,1
解铃还须系铃人,1
遍才,1
不落窠臼,1
闹哄哄,1
山核桃,1
云散,1
船和帆,1
花雨,1
中点,1
如电,1
锈铁,1
王月,1
肥龙,1
美周郎,1
烤全羊,1
白白胖胖,1
当过兵,1
潘家园,1
解个,1
至交,1
吴邪,1
安磐,1
陈哲歆,1
梁倩玉,1
来直,1
机麻莎莎,1
莫动,1
采聋怕,1
素芬,1
儿天,1
娘儿,1
婆听,1
毛毡,1
半张,1
圈上,1
一千只,1
隐形眼镜,1
笔看,1
来化,1
云聚,1
王字,1
山里红,1
四瓶,1
衰仔,1
仲识,1
唱和,1
五系,1
一千三百,1
斯线,1
鲎,1
第四季,1
未定义,1
君自,1
应知,1
事打,1
歇个,1
这满,1
落花生,1
口弦,1
悠游,1
播给,1
甘心情愿,1
楼合,1
虽处,1
壮誓,1
雾隐,1
王小荷,1
更该,1
缓坡,1
声如洪钟,1
写意画,1
足尖,1
请君入瓮,1
面佛,1
至命,1
薄纸,1
垃圾处理,1
上榜,1
可用,1
安营扎寨,1
并线,1
反光镜,1
干系,1
摆架,1
我祝丫,1
改嫁,1
经起,1
极乐世界,1
能伤,1
越嚼,1
越软,1
低俗小说,1
垢,1
巾,1
吴裕泰,1
装病,1
刚柔,1
离以,1
并济,1
肩宽,1
我侧,1
脸当,1
相吻合,1
相吻,1
有得有失,1
我多货,1
天用,1
尖用,1
慢慢儿,1
血练,1
儿铁,1
犯照,1
怎么弄,1
里配,1
加让,1
门儿清,1
婚庆,1
泔,1
這睿哥,1
調教,1
基礎,1
入門,1
立場,1
受過,1
千古一辙,1
右番子,1
舅别,1
装大个,1
浩克遇,1
软硬,1
用得着,1
当少,1
想捞,1
殺氣,1
低防,1
血青,1
仇太多,1
真愁,1
独生,1
独死,1
瓷活,1
分清主次,1
上新酒,1
费米,1
注水肉,1
歌功颂德,1
边缘型,1
种不出,1
比国足,1
女露,1
喽们,1
广告曲,1
入行,1
中层,1
几带,1
影辑,1
开住,1
细眼,1
复机,1
两太少,1
顶得顺,1
谷气,1
既力,1
谷起,1
女仔微,1
信稳,1
系复,1
胸里,1
쏙,1
둬,1
最爱果,1
坐系,1
腰缠,1
再落,1
封面女郎,1
石榴裙,1
皮城,1
女警,1
鹏程,1
撩起来,1
拷进,1
伏爾加,1
莊園,1
好亲,1
检测仪,1
送礼物,1
笔别,1
变对,1
爱分个,1
먼,1
눠,1
딜,1
곳,1
有什麼,1
更多别,1
云底,1
池水,1
短奏,1
一千多遍,1
分不长,1
安排表,1
我来养,1
转一,1
转带,1
过梦,1
收嘴,1
转粉,1
般瞎亮,1
染发剂,1
勿近,1
最亚,1
可太过,1
루,1
딱,1
别总想,1
网开一面,1
Prod.56,1
多两句,1
手用,1
一瞬即逝,1
头拿起,1
抓眼,1
没歇劲,1
杜星,1
萤,1
油呐,1
欺上瞒下,1
收礼,1
枪藏起,1
苦用,1
再升,1
涨幅,1
表演系,1
仔细分析,1
堪比谍,1
战剧,1
宫斗戏,1
就露,1
哭成,1
泪人儿,1
笑成,1
非骗,1
鼓笑,1
几曲,1
紧抓,1
努凭,1
老戏骨,1
性骚扰,1
达令,1
妖来,1
女一号,1
次能,1
中里,1
死尸,1
路演,1
不良情绪,1
排遣,1
几档,1
张大嘴,1
告别仪式,1
能谱,1
郁郁,1
事业心,1
老戏,1
烟太快,1
人蒙上,1
怯步,1
服个,1
讣告,1
起诉,1
斯泰洛,1
更胜一筹,1
巫毒,1
瓷真,1
这样儿,1
利情,1
忍痛,1
作派,1
没有同伴,1
延续下去,1
对服,1
该省,1
省该,1
窘相,1
瞎认,1
联接,1
炸别,1
释放出来,1
饮尽,1
多肉,1
泻地,1
报别,1
亮个,1
辣快,1
由爱生,1
一靠,1
XXXPt.2,1
头涨,1
连丹镇,1
多配,1
上家儿,1
装修门面,1
货高仿,1
脏病,1
脱胎,1
收帐,1
歌里秀,1
凌辱,1
什骂,1
陈让,1
配红,1
总藏,1
拧动,1
旋钮,1
锅气,1
迷笛瓷,1
道子,1
过常,1
没早,1
假招,1
歌往,1
再品品,1
宋祖德,1
不太吝,1
最开,1
乱臣贼子,1
谁生,1
急勿躁,1
儿站,1
亏心,1
这群人,1
KillFilthCypherPt.2,1
得发,1
写深,1
那拿得,1
盛冠森,1
不太燥,1
不爱得,1
错俩,1
王鑫,1
装飞邦,1
集成,1
找块,1
不撒鹰,1
小茉掉,1
钱眼儿,1
一九,1
宏观调控,1
难买爷,1
比分数,1
活得长,1
白迪,1
帮脑,1
太监急,1
脑萎缩,1
这嘻哈够,1
酱紫,1
文才,1
堆出,1
九族,1
太缺,1
竖好,1
大财,1
里举,1
小瓶,1
太说,1
逗得,1
认着,1
没边儿,1
分一杯,1
太面,1
出题,1
完爱奇艺,1
生化危机,1
丫瓷,1
保持联系,1
赞怕,1
人兑,1
无人之境,1
闯遍,1
肌酸,1
二级,1
天从,1
如释,1
几十张,1
考学,1
大晕,1
飞有,1
费高过,1
外不挺换,1
拉达,1
三孝口,1
包普皖,1
城门口,1
碰痛,1
广播操,1
牵妹,1
出穷生,1
爹玩,1
连妆,1
插不进,1
插句,1
兆,1
蹲马步,1
排长,1
讲课费,1
留级生,1
被迫辞职,1
井棍,1
风朝,1
电影胶片,1
舌钉,1
卷舌,1
学玩,1
点带,1
唱假,1
二话没说,1
手站,1
毛拔,1
好紧,1
好土,1
沉像,1
各色,1
人吐着,1
云是,1
火为,1
游游点,1
千百年,1
搬想,1
较狂,1
炮膛,1
宗宋祖,1
独居,1
昂快,1
昂要,1
药药,1
脚白,1
泰克,1
做牛做马,1
驾不信,1
遗憾终生,1
地事,1
结要,1
高筑,1
吊昂,1
阿们,1
扎屁,1
毒昂,1
埋成,1
想卖,1
吊不吊,1
富长,1
油钱,1
该点,1
惯子,1
稻带,1
缺巴,1
哥饼,1
虽不像,1
泊月路,1
仁厚,1
慎思,1
调低,1
喷退,1
神威,1
默契神会,1
大力神杯,1
必称,1
神位,1
高至,1
收瘪,1
抄会,1
老虎皮,1
泡子,1
旁击侧,1
庐州,1
方程组,1
背点,1
表少,1
特么神,1
飘别,1
判案,1
干断,1
软非,1
赶热,1
教唆犯,1
敢涉,1
千日,1
拉琴,1
没玩到,1
一揽包收,1
那味,1
狩猎场,1
回荷,1
园理,1
敌国,1
避着,1
上迪,1
杀心,1
你会输,1
不愿教,1
思神诉,1
爆弹,1
他进,1
产幻,1
犯难,1
进八强,1
鸭王,1
出完,1
菊园,1
科全,1
仓皇,1
光分,1
发祥地,1
加场,1
剧目,1
远不如,1
看德,1
几批,1
没科,1
绝大多数,1
食者,1
痞加,1
索拿,1
孤陋寡闻,1
头炸昏,1
飞强,1
佩都,1
看站,1
长江路,1
挨宰,1
配为,1
那泰森,1
流弹,1
早技压,1
一筹,1
扣球,1
甩下,1
数早,1
沙丁,1
算毛,1
夜郎自大,1
关谷,1
夸超,1
小肆,1
三棵树,1
咔下,1
数吹,1
说学,1
皇子,1
捣蛋鬼,1
谢克尔,1
维斯,1
热曲装,1
爱妃,1
开黑,1
柏芝,1
炫酷,1
但终,1
空无一词,1
沙路,1
寄过,1
回执,1
大蜀,1
拼图游戏,1
瞻望,1
纸盒子,1
搬上来,1
埋笔,1
几样,1
街铺,1
留翻,1
拜山先,1
杨君涛,1
挡开,1
第个,1
浓要,1
亿句,1
只似,1
区爱,1
不爱该,1
黑纱,1
虚化,1
烟加,1
菠蘿包,1
没破,1
李老师,1
冬奥会,1
编头,1
走验,1
查出来,1
从林,1
妞会,1
脸动个,1
再害,1
爱刷,1
得卡,1
来花,1
完请,1
混天,1
泡酒吧,1
信谈,1
相干,1
共犯,1
剃掉,1
买乐透,1
扎脏,1
老猪,1
精不听,1
别论,1
追猪,1
常青树,1
玩掉,1
炫到,1
滴声,1
孬子,1
限像,1
脑颅,1
条烂路,1
根固,1
昂新,1
胖嘟嘟,1
问熙熙,1
包老,1
猪狗不如,1
昂二,1
比王波,1
巴用,1
冲去,1
炒上去,1
奥说,1
车买,1
舍友,1
看帅,1
无影脚,1
看小明,1
童装,1
跟博,1
太秀太秀,1
侠理个,1
合肥市,1
忍下,1
技术性,1
烂梗烂花,1
嘴口开,1
财有,1
唠子,1
价比玉,1
没修,1
第二份,1
酒刚,1
支起,1
摊有,1
单于,1
赛区,1
绿帽,1
流下去,1
状胖虎,1
可小爷,1
卷过,1
海伦,1
好太好,1
很灵,1
花给,1
找到啦,1
报馆,1
总有妹,1
木石,1
吹站,1
满金,1
二打,1
脚滑,1
胖虎,1
各个击破,1
不具,1
诳,1
照孤剑,1
云阴,1
口当,1
童话集,1
使计,1
赐教,1
胸有,1
配音演员,1
裴煜,1
周京,1
王晓倩,1
创社,1
冬衣,1
劳形,1
苦神,1
众物,1
借以,1
洛世奇,1
渣渣们,1
舟车劳顿,1
蜃楼海市,1
如常,1
加二加,1
多云转阴,1
十四天,1
入场费,1
近两年,1
改期,1
停课,1
体温计,1
收个件,1
查询,1
感冒药,1
屯粮,1
人撑,1
年里,1
十一个,1
之雀,1
银香,1
滲,1
众口嗷嗷,1
先忧后乐,1
势比汉武,1
刘彻,1
逐字,1
以孤字,1
用拳,1
痕画,1
霸者,1
穿凿,1
旱涝,1
专造,1
伊利,1
用乱,1
矿坑,1
剩地,1
俯首甘为孺子牛,1
箭矢,1
陈兵,1
加体,1
忧心悄悄,1
滚沸,1
物眼,1
昏昏欲睡,1
困惫,1
汗流浃体,1
镀个,1
帅旗,1
破戏,1
拿手戏,1
先由,1
这壶,1
即墨,1
犹若,1
翻篇任,1
我太缠,1
脉门,1
被车撞,1
金帛,1
唸来唸去,1
訓,1
有滴,1
讲句,1
野同,1
肚个,1
当试,1
下味,1
大官人,1
我肉,1
行入,1
兰房,1
凤枕,1
交颈,1
多离,1
命途多舛,1
还煲,1
得知,1
有塔坦,1
球宝们,1
揭开序幕,1
猎魔,1
吐球,1
送球,1
炫光,1
打擂台,1
塔坦杯,1
日鲜,1
挖掘出,1
前例,1
神经过敏,1
寻到,1
入狱,1
肉肉,1
递水,1
阿谀谄媚,1
喊堂,1
把盏,1
品茗,1
纱裙,1
堆积成山,1
临别时,1
树丫,1
初八,1
着步,1
那步,1
负重涉远,1
旧照,1
欢闹,1
每学期,1
已太多,1
风挺,1
香阁,1
燕燕莺莺,1
袅袅婷婷,1
六到,1
龟背,1
清规戒律,1
茶围,1
胆管,1
宦家,1
商旅,1
魂颠梦倒,1
正正经经,1
宽衣解带,1
一波嘘,1
帏,1
花魁,1
官人,1
低眉垂眼,1
头韵,1
飞血,1
杀无赦,1
辰时,1
案前,1
见机行事,1
淡泊明志,1
戚戚,1
汲汲于,1
江湖术士,1
博览古今,1
三顾茅庐,1
良田,1
美池,1
桑竹,1
卯时,1
有飘来,1
拈着,1
渔兜,1
书案,1
傅希如,1
恰闻,1
词以,1
传扬,1
贡院,1
入试,1
忽至,1
始终不变,1
君知,1
凌烟阁,1
我仗,1
孤闯,1
小涵,1
空山鸟,1
词选,1
破阵子,1
陈同甫,1
赋壮,1
鱼摊,1
衣不蔽体,1
视如敝屣,1
独做,1
行针,1
认穴,1
站票,1
盼到,1
签掉,1
翻搅,1
挣足,1
一站站,1
全剧,1
终可,1
时日,1
恰在,1
渐起,1
恢弘,1
渺远,1
气脉,1
穿云,1
之真荣,1
以指,1
游鱼,1
子非鱼,1
鱼之乐,1
鱼卖,1
过子,1
兔起鹘落,1
短楫伴,1
愿请,1
泛过,1
紫陌红尘,1
江海,1
诊法,1
真功,1
医书,1
近日,1
江相望,1
别轻,1
虚与委蛇,1
轻烟,1
数间,1
闲窗,1
云破,1
蟾光,1
鹊,1
影过,1
为妻,1
弊衣箪食,1
白虹贯日,1
倏,1
边陲,1
城破,1
马革裹尸,1
两情,1
疏雨,1
小有所成,1
寒波荡漾,1
视若无睹,1
猎命,1
资本运作,1
私吞,1
刀俎,1
固守,1
撑场面,1
无所不及,1
口压,1
军阀,1
杀鸡儆猴,1
当途,1
生花之笔,1
不识君,1
泥路,1
趄,1
然为,1
以置,1
甘为,1
那朝官,1
钓小,1
黄茸茸,1
月共潮,1
生堆,1
花鸡,1
之燃,1
依道法,1
非一日之寒,1
相容,1
我弃,1
浮名,1
无命,1
信鸟,1
一日不见,1
如隔三秋,1
捡些,1
吟诗作对,1
不五时,1
存亡之秋,1
银钩,1
辞为,1
邯郸,1
城邑,1
风烛残年,1
实乃,1
先忧,1
趣闻,1
不求名,1
憾事,1
归时,1
听卿,1
叮铃到,1
一扫雨后,1
插上去,1
球状,1
庄酒,1
林正英,1
吃盒,1
糯米饭,1
扇洋画,1
反恐精英,1
挂出,1
老鼠会,1
老辫妈,1
年味,1
刘洲钧泽,1
神经兮兮,1
磨嘴皮,1
土里土气,1
那高,1
不炫酷,1
六八,1
红太狼,1
花仙子,1
宝得,1
黄发,1
没得纸,1
岔才,1
该释,1
讲该,1
嘴花,1
还伤,1
脚子,1
几嘘,1
藏躲,1
跳房子,1
六台,1
数码宝贝,1
最爱若,1
菱元,1
里雷,1
双内,1
寸发,1
剪得,1
浓眉毛,1
小钢炮,1
男勒,1
灯光效果,1
讲勒,1
来代,1
专诚,1
一班人,1
翻沉,1
裸婚,1
说记,1
想约,1
一餐饭,1
中控,1
实益,1
配景,1
划点,1
发点言,1
三局两胜,1
用高,1
随潮,1
栓皮,1
脸大,1
脸门,1
肥样,1
点小酒,1
情梗,1
国吹,1
端杯,1
喝勒,1
喝勒是,1
没会放,1
凶吃个,1
勒响,1
丢丑,1
三十分,1
酒如,1
汉中,1
美髯公,1
水淹七军,1
吕蒙,1
度江,1
败走麦城,1
万世流芳,1
奸雄,1
数终,1
曹丕,1
迫,1
献帝,1
禅让,1
汉王,1
正位,1
续大统,1
王分,1
东川,1
还卡点,1
夏侯,1
刘玄德,1
受计,1
尚香,1
三气,1
柴桑口,1
吊孝,1
孟起,1
入关,1
汉相,1
割须弃袍,1
失庞统,1
自领,1
益州牧,1
文远,1
逍遥津,1
雪弟,1
吴疆,1
夷陵,1
营烧,1
忧恐,1
顺江,1
晋降,1
孙吴,1
鼎足三分,1
以成,1
付笑谈,1
日益严重,1
之恩,1
吐勒,1
阿种,1
心翻,1
斯达舒,1
看裸,1
好朦,1
司马氏,1
复蜀,1
争功,1
南征,1
七百里,1
先主,1
宴驾,1
白帝,1
托孤,1
之臣平,1
七擒七纵,1
二士,1
虽死,1
继,1
遗志,1
九伐,1
后主,1
西川,1
手包着,1
沙沙声,1
果皮箱,1
生活状况,1
黔东南州,1
山清水秀,1
少数民族,1
有嘻哈因,1
爹地,1
八十一岁,1
当想,1
卡恩,1
少年宫,1
吃饭时间,1
打冷,1
战地,1
炫目,1
一零年,1
商战,1
听题,1
叫嘻哈侠,1
十二月份,1
各施,1
重要文件,1
比九,1
超清,1
分辨率,1
视觉享受,1
背壳,1
续航,1
省电中,1
还会识,1
率真,1
这自,1
暗光,1
帅金立,1
谈谈心,1
不练个,1
匡算,1
有银后,1
瞻顾,1
金要,1
差先,1
中圈套,1
省点,1
金蛋,1
老客户,1
只亏,1
办不办,1
办能,1
邓子,1
曲泡,1
五粮人,1
百亿,1
纯粮,1
称道,1
民酒,1
名曲,1
求剧,1
滴好,1
好价,1
相辅,1
不入虎穴,1
焉得虎子,1
我孙,1
悦享,1
聚让,1
各方,1
剃须刀,1
为辅,1
工业革命,1
前晃,1
顺贴,1
剃须,1
再换身,1
网银,1
神技,1
敌得过,1
仔勒,1
多瘦,1
精下,1
裸觉,1
少愁,1
一愁,1
书握,1
手已,1
变粗,1
打开方式,1
准考证,1
轻进,1
可下句,1
可怜天下父母心,1
为时晚矣,1
没小,1
铁栏杆,1
杀想,1
不纯,1
工资收入,1
十几平方米,1
增加收入,1
只望,1
欢度,1
女性化,1
福利待遇,1
偏下,1
买回来,1
环境卫生,1
脏乱,1
喂食,1
抗寒,1
收容所,1
收容,1
高仔勒,1
选都,1
宋江,1
字个,1
土鸡,1
会飘出,1
会常记,1
搜听,1
陪好,1
官吏,1
相劝,1
翻解,1
几小盅,1
二十分,1
各项,1
日思夜,1
爱酒,1
阵前,1
酒先,1
炒香虫,1
香浓,1
汤鱼,1
秋收季节,1
没是,1
单得,1
过高,1
共同语言,1
没合心,1
追要,1
栽秧,1
苗舞,1
隔水相望,1
黄道吉日,1
父字,1
苗寨,1
热情好客,1
历来,1
星眸,1
数万年,1
融于,1
成故,1
雾凇,1
那誓,1
那苦,1
化龙,1
鼓辈辈,1
祖祖守,1
热胆,1
热炕,1
热酒,1
秧歌,1
扭得浪,1
鞍山,1
苍茫大地,1
哎耶耶带,1
金坨,1
霜眉上,1
哭梦里,1
尽职尽责,1
旧人,1
官包,1
绕带,1
响得,1
东雪,1
刘璐,1
由亚鑫,1
哈雅,1
边障,1
一担,1
粮佑,1
人丁兴旺,1
影残,1
白杨树,1
吹断,1
孤星,1
哎耶耶到,1
地钱,1
放牛,1
海不复,1
尿裤,1
韵压,1
波流,1
整景整,1
那不勒斯,1
下机,1
煤车,1
反贼,1
霸此,1
压透,1
横膈膜,1
他压,1
怎懂,1
裤花臂,1
鞋配,1
表现形式,1
词台,1
流如,1
饮者,1
发朝,1
丝暮成,1
请君,1
馔,1
长醉,1
古来,1
陈王,1
莫停杯,1
昔时,1
平乐,1
千恣欢,1
谑,1
少钱,1
径须,1
追种,1
头合,1
大象无形,1
梁智翔,1
金嘆,1
贾子,1
毓,1
计浩,1
赵洛洛,1
师晶,1
几副,1
球拍,1
逼仄,1
小巴,1
有多烂,1
底色,1
过曲,1
子昂,1
王晓夫缩,1
孙苗,1
冷饮店,1
笑口常开,1
好几片,1
患得,1
失拔,1
暗刺,1
炎延,1
偏为,1
这独,1
有且,1
又爱又怕,1
日久天长,1
疯到,1
心虞书欣,1
杨选平,1
答着,1
张言新,1
李雷,1
周果,1
张安,1
看浪波,1
人海起,1
指成,1
出一帘,1
冲碎,1
河谷,1
绕绕,1
口绕,1
海涛,1
邓超起,1
爱往,1
铁锅,1
鹅鹅鹅,1
曲项,1
天哥,1
变太肥,1
五哈为,1
毒酒,1
湖心,1
起爱,1
老些,1
干干脆脆,1
夜歌,1
得整,1
冤种,1
别得瑟,1
得瑟,1
天宽,1
潋滟,1
情让,1
鼻翼,1
热茶,1
我躁,1
手相,1
溪涧,1
步老,1
哥处,1
财倒,1
送错,1
云仔,1
细浪,1
吴伯滔,1
逆战帝,1
乐儿,1
吴伯,1
我筱筱昂,1
极小,1
头不大,1
天美,1
揩,1
正板,1
爷俩,1
稳稳当当,1
滚犊纸,1
思情,1
丽姐,1
豪豪个,1
不太熟悉,1
仁心,1
疫区,1
苟利国家生死以,1
岂因祸福避趋之,1
身袭,1
留取,1
汗青,1
惊涛拍岸,1
有惊无险,1
小魏,1
赋能,1
断地,1
年轻力壮,1
小建,1
物流,1
千手观音,1
旱冰,1
儿冷,1
高叔,1
开副,1
昂步,1
百点,1
热照,1
汉比,1
刚回来,1
更光望,1
完山外,1
我醉里,1
饮一坛,1
愿梦里,1
伴弹,1
草芥,1
客诚,1
惶惶,1
神闲气定,1
取静,1
采青动,1
虎鹤双,1
干赐,1
这味冲,1
黑金刚,1
林熙蕾,1
没中,1
克己复礼,1
形要,1
已醒,1
动敌动,1
广东省,1
行医,1
天霸,1
那鬼脚,1
睡狮,1
请命,1
大吼,1
紧要关头,1
舞蹈演员,1
磕越,1
带玲娜,1
贝儿,1
兔气来,1
宏兔,1
薛婧婷,1
蒋微菲,1
朱旭,1
舆,1
静子,1
王燕凤,1
火任,1
陈家,1
齐和音,1
沈迎,1
扫走,1
扶哥,1
波利,1
脸泪,1
有嘻哈玩,1
虚心学习,1
学起,1
裤往,1
屁股蛋子,1
身儿,1
捂脸,1
我觉,1
党钰林,1
邱灵昊,1
太自,1
爽才,1
人海耶,1
有头,1
陈昱文,1
苍华,1
敌忾同仇,1
簪,1
黄口小儿,1
孝悌,1
母子连心,1
怎不寄封,1
娘亲,1
开微信,1
未白,1
汝经,1
楼尔,1
吴碧霞,1
高海,1
高比海,1
燎原之火,1
东飘西泊,1
扭过头,1
说妈,1
彩屏,1
那封,1
踪灭,1
箬笠,1
江雪,1
君莫叹,1
嗟吾身,1
点青吾心,1
吊誉沽名,1
垂纶,1
动图,1
以静,1
制动,1
之功,1
观照,1
处花,1
气千,1
莱,1
怯弱,1
忽见,1
羽泉,1
那拉提,1
巴音,1
独库,1
如画般,1
翠谷,1
挂雪如,1
孤矢装,1
别翻,1
山鹰,1
胡杨,1
诗画般,1
风光旖旎,1
幕天席地,1
想身,1
配支,1
力宏,1
大川,1
勃然变色,1
自驾,1
恋色,1
彰善瘅恶,1
殿阁,1
楚界汉河,1
心平气定,1
短笔,1
保尔,1
克察金,1
牛虻,1
马可福音,1
来同,1
工夫,1
危船,1
讣文,1
碌碌无闻,1
鸟样,1
颠道,1
阿七,1
世嫉俗,1
芥子,1
任千帆,1
筌,1
蹏,1
一悟,1
石斛,1
同游,1
难阻,1
玉宇琼楼,1
花片,1
霜夜,1
江月,1
剩半壶,1
扔给,1
别太高,1
须弥,1
当终,1
新品,1
中真,1
山鲁佐,1
戈西母,1
位高权重,1
冒险者,1
辛巴达,1
驼峰,1
愚妄,1
星晴,1
爱与梦,1
秋霜,1
塑不,1
粉装,1
太伤,1
臂湾,1
贪酒,1
片刻间,1
层层叠叠,1
事像,1
诸公皆,1
拜贺,1
文房四艺,1
科举,1
之时定,1
府上,1
纨扇,1
陈遥,1
网去,1
巷陌,1
旷漠,1
寄寓,1
写百,1
静水流,1
黄土坡,1
大户人家,1
时极,1
谈若悬河,1
时天,1
女桃,1
脱俗,1
华而,1
不艳,1
璀错,1
含娇,1
浸墨,1
诗画思,1
青石路,1
阑珊处,1
家父,1
直叫,1
父命难违,1
离人愁,1
愿君,1
独求,1
猿声,1
不断丰富,1
浅吟低唱,1
经纬线,1
老窝,1
导播,1
大行星,1
河外星系,1
劳形苦心,1
选关,1
调命,1
静令,1
光看,1
卖瓜,1
诱出,1
标了,1
价刚,1
佃客,1
线飞到,1
先绕,1
执纸,1
横七竖八,1
时空旅行,1
紧蹙,1
游民,1
挂瓦,1
网住,1
罔顾,1
暂住,1
尽情欢唱,1
鹿铃轻跃,1
冰迎,1
海格,1
女贞,1
古灵阁,1
堆雪人,1
下通,1
组接,1
畅通无阻,1
大龙虾,1
去度,1
小海,1
樱井,1
过山船,1
开若,1
中央商务区,1
更喘,1
正流,1
竟开,1
大一,1
闺蜜发,1
看呐,1
艾福杰尼唱,1
哼歌,1
那期,1
脚皮,1
小牛,1
人唱路,1
奶孙恋,1
贩卖军火,1
困锁,1
温火,1
看川,1
险路,1
词太少,1
嘴太多,1
赤佬叫,1
我洋,1
腔势,1
浓腔势,1
郷,1
一緒,1
姉,1
ゃ,1
瞟一眼,1
删到,1
背出,1
于明,1
啥事,1
阵形,1
浇点,1
入流,1
学马思,1
拨弄是非,1
能捞,1
楼嘛,1
周磊,1
徐佳莹,1
郭亚,1
戈锐,1
听写,1
飘来荡,1
力气活,1
哎整,1
莅临,1
天野,1
归闹别,1
陈泯西,1
飒娱,1
梆,1
脚往,1
皮大衣,1
资不资道,1
大绿棒儿,1
帅哥美女,1
一扭,1
歌照,1
放嗷,1
舞照,1
儿摇,1
最劲爆,1
腾龙,1
和妹儿,1
扣昂,1
回完,1
泥坑,1
小文,1
课间休息,1
真叫人,1
缘尽,1
那顿,1
人伴,1
玩亚,1
亚文化,1
三不沾套,1
钻亚,1
穿洞,1
梦亚,1
风亚,1
我亚,1
奏长,1
直谈,1
苦工,1
离合悲欢,1
云淡,1
风清得,1
会大过,1
随风潜入夜,1
洗尽,1
那记,1
真爱粉,1
诺大,1
迫于,1
盐油,1
女团,1
排泄,1
假舍,1
拉下马,1
回温,1
欲太强,1
黑勒,1
太多太吵,1
摇裤,1
哈亚,1
三杀,1
开圈,1
一完,1
一买,1
库库,1
亏内,1
硬勒逛,1
逛拢,1
穿勒是,1
找哈,1
妈点,1
白勒,1
借勒,1
社工,1
混网,1
加来,1
这玩子,1
想断,1
那帮样,1
玩子,1
明留,1
太郎,1
暗斗,1
梵蒂冈,1
比抖,1
帮独大,1
最嘻哈,1
界之神,1
黄标,1
积雨云,1
光蛋,1
双管,1
锯短该,1
舍舍,1
小董,1
中嗡,1
真狠,1
两帮,1
用场,1
血影,1
别慌往,1
董哥,1
胜利品,1
劫后余生,1
又响,1
持戒,1
搜到,1
子之错,1
父之过,1
没雾,1
风嗡,1
真算,1
虎口脱险,1
七二,1
还乐,1
贵脸,1
详解,1
劲过,1
钱拉进,1
很白,1
打成一片,1
丰富性,1
写进来,1
蠢话,1
大嚷,1
转校,1
我愧,1
柳叶眉,1
永定路,1
没边,1
种用,1
细用,1
放高,1
戏喝,1
争内,1
地争,1
拆借,1
借到,1
小额,1
负翁,1
都市病,1
被妆化,1
茂,1
罚没,1
课业,1
其他同学,1
想告,1
教案,1
空镜,1
月满则亏,1
越能享,1
局烂,1
柜上,1
声多,1
装酒,1
男主人,1
冬菇,1
飞度,1
想够,1
没吃够,1
先淌,1
早考,1
特爱,1
排气口,1
涨一涨,1
耳旁风,1
坟里,1
大院,1
朝日,1
督,1
问翻,1
症靠,1
醒者,1
河中边,1
系得果,1
揽佬大,1
茶饭,1
往北去,1
囹样,1
贵嘛,1
一较高下,1
甜口,1
很囹赞,1
吃个生,1
汗衫,1
摆系,1
散钱,1
夏哥,1
甘多,1
别昂,1
咸湿来,1
点囹话,1
佛主,1
老梅,1
周会,1
正关,1
爽手,1
钱捞,1
家个,1
你霖,1
甘浅,1
先计,1
明果,1
几厘数,1
单枞,1
年糕,1
胃往,1
一方水土养一方人,1
蓬元帅,1
两眼发呆,1
木村拓哉,1
没及,1
过格,1
有嘻哈后,1
三泡,1
澳大利亚,1
燥斗,1
抽赌,1
一北,1
一南,1
新仇,1
招兵买马,1
得澎澎丁满,1
昏天黑地,1
长脏,1
互相支持,1
昨看,1
乐乎,1
我嘿,1
眯个,1
票来,1
这野格,1
丫涛子,1
波酒,1
之词,1
起子,1
上洋,1
能不顶,1
这景,1
没影,1
再合个,1
丫敢,1
已失,1
别试,1
溜个,1
三沙,1
吉姆,1
赋闲,1
地理课,1
海航,1
走走看看,1
英吉利海峡,1
尼摩,1
度度,1
苏式,1
环线,1
西长,1
楼前,1
楼全,1
关键部位,1
特辑,1
加分儿,1
捕蝶网,1
借根,1
珍稀,1
采蜜般,1
去家,1
佛罗多,1
伊豆,1
熏子,1
卖些,1
松树,1
偷尝伪,1
梦怪,1
3.14,1
圈禁,1
自习课,1
来份,1
往北点,1
厂矿,1
水生,1
这录,1
酷想,1
合租房,1
陈录,1
刘锐,1
演出票,1
紫微星,1
行么,1
损人,1
金口,1
吵起,1
廉颇老矣,1
给涛子,1
老钟哥,1
他查,1
疯传,1
圈粉,1
出北,1
比躁,1
不比快,1
搞成,1
呐给,1
喂涛,1
醇,1
毅成,1
多攒点,1
没有数过,1
铁网,1
十五号,1
转笼,1
佛经,1
路该,1
围上,1
应敌,1
玩上,1
可嘴,1
太戒,1
阳明山,1
混给,1
下不来台,1
械斗,1
连绵不断,1
领了,1
桌角,1
爸和妈,1
张自忠,1
耸立着,1
调下,1
心怨,1
茴香,1
求存,1
一人担,1
傻乐,1
第四维,1
十四条,1
十三条,1
黑森森,1
十二条,1
备至,1
微信会,1
贫下中农,1
京张,1
攒动,1
一望无垠,1
火誓,1
布尔乔亚,1
上变,1
跃升,1
一个十岁,1
标下,1
老气横秋,1
堂吉柯德,1
无袖,1
常聚,1
令人窒息,1
赊借,1
翻土,1
婚宴,1
裁军,1
默读,1
破落,1
显赫家世,1
再艳,1
别老忍,1
小团体,1
财物,1
进快,1
里屋,1
该进,1
不沾血,1
刑侦,1
家庭暴力,1
下靠,1
自贸港,1
网红们,1
堂屋,1
又拉起,1
剥削阶级,1
投军,1
疮痍,1
后腰,1
中旬,1
常回来,1
山成,1
藤椅,1
橡胶树,1
景区,1
内陆,1
晒成,1
色连,1
叔话,1
叔平,1
周有,1
梦点,1
难以自拔,1
拦截导弹,1
顿顿,1
女老板,1
明有,1
编总在,1
光成,1
开拓创新,1
狭路,1
煮沸,1
小倩,1
过久,1
加颗,1
过饱和,1
批次,1
老烟任,1
当夜幕,1
葡萄糖,1
哥希哥,1
拼博,1
穿大,1
晃素,1
问心,1
瞎侃,1
瞎逛,1
浪荡子,1
盘古开天地,1
人称,1
但拓,1
变速器,1
堰,1
龙马,1
秦时,1
珑,1
苦乐,1
胡混,1
团结奋进,1
德泽,1
海陆丰,1
两腿,1
过奶,1
黄包,1
二十三十,1
那刺,1
拜垫,1
前命格,1
沾污,1
来遍,1
福和寿,1
富到,1
选串,1
爆带,1
丽思,1
虽是,1
揽味,1
做尼,1
黑即,1
艺高人胆大,1
揽佬小盲,1
先摸,1
阴一阳,1
之谓,1
物非,1
白若上,1
血蛤,1
上北下,1
西右东,1
百事可乐,1
粒星,1
没鱼,1
盆景,1
风投,1
打卡机,1
囹,1
不羡仙,1
江风,1
汉味,1
红男绿女,1
青年会,1
小东门,1
丁字,1
赏个,1
虎泉,1
尽人意,1
请备,1
听诊器,1
威廉姆斯,1
准当,1
浮世绘,1
水清梦能,1
外在美,1
为时已晚,1
累成,1
骑单车,1
刘缕阳,1
竟爱上,1
银杉,1
知音难觅,1
荤腥,1
我得关,1
没多帅,1
那会纯,1
她定,1
书桌上,1
风雷,1
流岚,1
虹霓,1
引自舒婷,1
致橡树,1
他输,1
身无彩,1
通而,1
渐行渐,1
风土,1
温良,1
听巷,1
歌正,1
六堰,1
老虎沟,1
五堰,1
张湾,1
黄龙滩,1
窗是,1
酸浆,1
光问,1
十堰,1
白浪,1
两笼,1
丹江,1
中敬,1
绿松,1
会加,1
几人留,1
填位,1
老街坊,1
毋庸,1
真挺美,1
心醉,1
已刻入,1
南岩,1
三三两两,1
人恶,1
绮梦,1
痴言,1
星驰,1
紫霄,1
卡尔顿,1
横江,1
过百达,1
玉帝,1
八难,1
大囹昂,1
不滴,1
横沥汤,1
粉别,1
扣妹,1
条囹放个,1
假补,1
阿潮,1
无偿,1
电力系统,1
贵戴,1
非常高兴,1
憋佬们,1
推下去,1
九九八十,1
灰产,1
直讲,1
系车度,1
大屋,1
靓车,1
四围,1
趯,1
左个,1
拆迁户,1
打波,1
成身,1
部要,1
梗系,1
成支,1
排下队,1
三部,1
系车,1
度系条,1
秋后算账,1
读无书,1
做乐想,1
乐平,1
连皇帝,1
二百多斤,1
牌陕,1
漏财,1
高牌,1
恩好,1
今为,1
地进,1
东江,1
货给,1
顺耳,1
用生,1
冲凉,1
周像,1
周水,1
放来,1
加左塞,1
听伍,1
听乐迈,1
样好,1
做乐,1
粗涩,1
乐卖,1
做气,1
我无爱,1
回起,1
会顿,1
歌个,1
囹痒,1
揽佬们,1
小全,1
亏浪,1
星有,1
住间,1
爆屠,1
阿牛来,1
边间,1
匿,1
蓄意谋杀,1
面背,1
工么,1
博尽,1
一铺,1
磨利,1
我烂命,1
要恶,1
体住,1
报问,1
恶不殃则,1
昌揽,1
揽佬能,1
神捧到,1
污糟,1
仲未到,1
报揽佬话,1
浦,1
全国人大,1
我噶浪,1
推咯,1
三千多块,1
台雅迪,1
好囹绿醉,1
煤先,1
报为,1
桌饭,1
想交,1
字念,1
不爱干,1
咒施,1
完开,1
样数,1
好醒,1
算比账,1
蒲,1
租车,1
坐问,1
东契奇,1
厅,1
回点,1
专车,1
赚嘻哈钱,1
卡颜,1
会急,1
陪烟来,1
脚一撑,1
就业机会,1
财舞,1
AA制,1
事得,1
粉现,1
金泰,1
仔年,1
恶不昌则,1
一睇,1
报系,1
返归,1
国有国法,1
家有家规,1
终会报,1
熊嘛,1
仔刚,1
放去,1
倒腾,1
龙太子,1
内要,1
讲范,1
输囹火,1
品行不端,1
义正严词,1
互骂,1
抽好,1
李亚鹏,1
李若彤,1
路分,1
过坑,1
仔长,1
南关,1
聚义厅,1
交朋结友,1
琴行,1
傲世,1
群芳,1
酾,1
临江,1
傲雪临,1
缝雨,1
出老千,1
不签,1
嫌书贵,1
问方仔,1
选所好,1
交高费,1
初恋女友,1
手要,1
九月份,1
苦有,1
嚓,1
进书里,1
做勒是,1
大崖边,1
草果,1
以怨报德,1
古倒,1
栾匠,1
妈教,1
王语嫣,1
十一点九,1
只想试,1
二货上,1
几大百找,1
蕨起,1
科考,1
一百五十,1
长个,1
阴历,1
阳历,1
多丝,1
儿卖,1
挖矿,1
单说,1
倒俊毅,1
鼓舞士气,1
烟方,1
好养,1
乱提,1
张叔,1
反嘴,1
家具城,1
负债累累,1
有账,1
方仔猛,1
祷一告,1
加一横,1
美凯龙,1
一百八十九,1
乱摸,1
夜宿,1
欣欣然,1
萧邦,1
沾霉,1
奖根,1
手去,1
交通费,1
第一年,1
贵阳人,1
巴家,1
开前,1
克闹趟,1
泡网吧,1
仔仔,1
杀人放火,1
我勒脸,1
总勒,1
稳起勒,1
晚节不保,1
燥断,1
山顶洞,1
不罩,1
衬着,1
组着,1
亏错,1
泪有,1
豆士,1
方仔哥,1
酒写,1
拳勒,1
兔们,1
斗兔,1
土们,1
斗土,1
克们,1
叫助喃,1
喊克开,1
混合双打,1
两大耳巴,1
拉说,1
抗霸,1
伤得,1
卵勒,1
斗比,1
无经,1
救药,1
要合,1
首烂歌,1
大骗子,1
响头,1
方仔离,1
能起,1
风雨同路,1
兔死狐悲,1
群雄逐鹿,1
刚玩,1
大锅菜,1
收徒,1
找雅晶,1
桃开,1
内江,1
那盘,1
艺术人生,1
教务主任,1
办厂,1
平阳,1
阿拉善,1
这科,1
没人怜悯,1
泰戈尔,1
幽兰,1
片尾,1
却生,1
消着,1
虎落,1
穷人的孩子早当家,1
窗纱,1
听花,1
借点,1
在天有灵,1
哪敢,1
有假,1
王多鱼,1
竖中分,1
中扎下,1
没人点,1
配戏,1
悲与,1
愤路,1
尸髅,1
掩去,1
纱厘子,1
狮给,1
女伴,1
碰倒,1
相视而笑,1
雏菊,1
小荷露,1
尖伴,1
王泽宇,1
十拳,1
得认,1
伊娃,1
吐息,1
文拉法辛,1
支配权,1
更久要,1
会扣,1
年来,1
利刺,1
胸闷,1
心肌缺血,1
没件,1
快断,1
胃出血,1
事怕,1
⑤,1
漏网之鱼,1
完后动,1
精力旺盛,1
摔落,1
轨早,1
老后,1
主脉,1
船队,1
看暖阳渐,1
乐终,1
昭华,1
声是,1
生厌,1
晴辛德,1
光流,1
中摇,1
费罗,1
高精度,1
铼,1
光稠,1
遮去,1
李忠芳,1
群像,1
雌鹰,1
海蒂,1
冰国,1
无处可去,1
狭间,1
只待,1
静待,1
规训,1
卡米耶,1
李宗芳,1
莫须,1
罗莎,1
琳德,1
说服力,1
正迎,1
被淹,1
东游记,1
书柜,1
每家每户,1
组装机,1
再玩个,1
五盘,1
不图,1
射影含沙,1
高渐离,1
马克思,1
人以,1
类聚,1
物以群分,1
笔弹,1
金卓求,1
但婚,1
上半身,1
兰拉嗦,1
吸烟室,1
购价,1
约点,1
属猪,1
狗震,1
超级女,1
而楚生,1
白唱,1
大段,1
七八家,1
仔来,1
紫棋玮柏,1
服从命令,1
上断,1
没雕,1
七轮,1
一勾,1
卖酒,1
好卷,1
感谢您,1
当金,1
兰拉吃,1
成人高考,1
直摆,1
哭丧脸,1
脸脏,1
穿板,1
往天,1
累硬,1
弗罗,1
追加,1
青格,1
玩脏,1
过佛,1
救不活,1
放远别,1
算种,1
空时,1
成名作,1
80%,1
my16barz100%,1
个心,1
叶波,1
哈马斯,1
八小时,1
巴拉斯,1
要超,1
ý,1
玉滋,1
退烧药,1
恰顿,1
ǵ,1
弹落,1
宅家,1
ş,1
verse100%,1
二块,1
来拢,1
实名,1
晗,1
红榜,1
摩天大厦,1
牛街,1
带儿,1
碰瓷儿,1
欢乐谷,1
太堵,1
没摇上,1
走街串巷,1
空竹,1
糖人儿,1
一体化,1
与日俱增,1
莘莘学子,1
咱去,1
过宋,1
心对,1
整季,1
还存,1
起熬,1
时间爱你,1
抱入,1
可温,1
面宋,1
凝滞,1
飘点,1
还否,1
容下,1
窗位,1
觉像,1
各奔西,1
各得,1
眼线笔,1
枕套,1
欢迎您,1
宴会厅,1
轻奏,1
乐声,1
詹蜜,1
俄亥俄州,1
腿抽筋,1
廖若晨星,1
孤苦,1
因有,1
怜爱,1
顺遂,1
存当,1
比湖,1
流尽,1
那纸,1
贫病,1
困窘,1
歌心,1
抚照,1
泪漾,1
竟有,1
先带,1
归程,1
乘车,1
词海,1
笑盈盈,1
百合花,1
哀恸,1
瞳心,1
如冰洒,1
触到,1
行客,1
云裳,1
好妆容,1
盖巧,1
候机厅,1
临路,1
踽踽,1
帐加,1
甩过,1
出对,1
始料未及,1
处爱,1
苦参,1
我爱到,1
情决,1
胭脂红,1
缝源,1
阍,1
无往不胜,1
不领情,1
猛玩得,1
火斗得,1
输盼,1
萧鼓,1
冲劲儿,1
高谈大论,1
遍遍,1
高成,1
欠税,1
没摸,1
闭锁,1
处以,1
太绿,1
麻小和雾,1
早常去,1
脸哭花,1
次遇,1
能下,1
提下,1
做顿,1
滑板车,1
嘿到,1
我爱岔,1
拔不开,1
行尽,1
一该,1
一印,1
虚渺,1
欺小装,1
闺密家,1
低胸装,1
大吵大闹,1
他特,1
绿茸茸,1
满夏,1
饮红,1
星冲,1
心借,1
逐,1
半梦看,1
风正,1
成落,1
留句,1
悬着,1
问暖,1
六件,1
收剑,1
无说,1
四遍,1
六遍,1
四件,1
五件,1
三面,1
虚寒,1
五面,1
六面,1
之缘,1
好怀念,1
常写,1
闺,1
一喝,1
脱离关系,1
窗玻璃,1
改问,1
四大名著,1
国学,1
某件事,1
做断,1
独具,1
燃不起,1
参考答案,1
鼓过,1
个院,1
破庙,1
能医,1
有段,1
蹈海,1
行楷,1
品宣,1
元曲,1
寅虎,1
城放,1
丑牛,1
孔庙,1
大观园,1
太庙,1
世纪坛,1
什刹海,1
景山,1
码解个,1
锁边,1
茶玉,1
闻香,1
赏画,1
超美,1
嘉峪关,1
中国画,1
子鼠,1
奥斯汀,1
唐汇,1
微博刷,1
乱点,1
深明大义,1
填成,1
警号,1
光圆,1
青蓝,1
男儿有泪不轻弹,1
仔爱,1
打三丁,1
人勒心,1
读奥,1
读拢,1
高二读,1
写勒,1
顶卵,1
用们,1
海涵,1
哨岗,1
警队,1
裂过,1
积极探索,1
夏梦,1
郭襄误,1
君宝,1
过误,1
郭襄,1
普陀,1
篇文章,1
观山,1
过账,1
驾船,1
颜容,1
羞花,1
值班,1
国子监,1
月坛,1
日坛,1
深至,1
刚红,1
文杰,1
脸化,1
瑞丽,1
来本,1
儿昕薇,1
脚踏两只船,1
地不仁,1
剩餐,1
半条,1
裸当,1
定现,1
缘越,1
伤越,1
多泪,1
少流,1
漂梦,1
次家,1
无畏地,1
当命,1
上半天,1
每瓶,1
漂亮衣服,1
不仁,1
事太多,1
该伤,1
昌平,1
满腹心事,1
哪辆,1
第一份,1
燕京啤酒,1
陌陌,1
牵得,1
需有,1
痛心疾首,1
地坛,1
远景,1
立德,1
摔肿,1
余罪,1
输入框,1
约局,1
浇过,1
错终,1
美活,1
机器猫,1
总骂,1
文化氛围,1
麦用,1
配冰,1
季徐,1
天坛,1
玛拉,1
卖东西,1
不输给,1
各不相让,1
全领,1
难以预料,1
妞数,1
摔遍,1
以互,1
气个,1
唇枪舌战,1
里植,1
总靠,1
长待放,1
最铁乘,1
恒常,1
十几次,1
量衡,1
侠别,1
炕头,1
很狠,1
透骨酸心,1
我欲成,1
削去,1
女娇,1
只知,1
年华虚度,1
生站,1
活笑,1
之理,1
讹以滋讹,1
公德,1
私德,1
这六字,1
对饭,1
苍白无力,1
生分,1
以不变应万变,1
仰面唾天,1
如蝇逐臭,1
作奸,1
田埂,1
灯油,1
千娇,1
惊悉,1
疯病,1
万人遣,1
买笑寻欢,1
飘若,1
落纸云烟,1
手执,1
云杉,1
雨覆天,1
义薄云天,1
霸王别姬,1
曾立志,1
束手无措,1
求剑,1
刻舟,1
圆规,1
下惯,1
新一春,1
一春看,1
可真少,1
请留下,1
打一,1
但烂,1
过该,1
肯做,1
井剑歌,1
下握,1
果壳,1
那难,1
缠人,1
想不清,1
教育家,1
烂泥巴,1
信咽,1
公平竞争,1
空头,1
苯,1
溴,1
马隆,1
限位器,1
贵绕,1
砸入,1
权力者,1
败相,1
凶涌,1
飘摇不定,1
偏安一隅,1
不期而至,1
越盖,1
要握,1
黄泥,1
绿化带,1
草色,1
锡林,1
遇火,1
地练,1
那定,1
猛猛,1
三股,1
汇在,1
病秧,1
催眠药,1
刚举牌,1
儿龙珠,1
白神,1
配章,1
土孙,1
上坡路,1
马靴,1
母亲河,1
目光如豆,1
孤峰,1
打码,1
哥穿,1
哥骑,1
冉冉,1
斯诺克,1
公开赛,1
分饼,1
哪痒,1
黑球,1
落袋,1
评优,1
白粥,1
吊椅,1
畜牧,1
平顶山,1
夹起尾巴,1
没病别,1
总有野,1
乱添,1
钱塘潮,1
跟娘,1
折戟,1
錦衣衛,1
上练,1
光站,1
酒庄,1
干个,1
父老,1
树旁,1
格桑花,1
拒绝接受,1
初成,1
明如昼,1
如旧,1
新旗,1
某丁,1
小青,1
我招,1
英豪,1
钱塘,1
源治,1
太大吞,1
赚得够,1
财不露,1
我力,1
奥对,1
聚着,1
信凯哥,1
词抄,1
造完,1
配饼,1
形式多样,1
渣儿,1
仪器,1
重微,1
油菜花,1
论错,1
生活理想,1
某刻,1
已步,1
不像家,1
病死,1
空梦,1
酒杯子,1
照不清,1
感去,1
超慢,1
蹦出,1
应用题,1
万年历,1
雨才,1
镜中花,1
提旁,1
痴男怨女,1
星屑落,1
劳着,1
数千,1
年变,1
光都关,1
暗中摸索,1
控制能力,1
跗骨,1
每况,1
内柔,1
外硬,1
帘外,1
嫁了人,1
真家,1
留恨,1
几时休,1
明云,1
德尔,1
水桥,1
痴痴地,1
天候,1
帅此,1
安王,1
平马到,1
武将,1
叫程,1
俺娘,1
大帅,1
棋为,1
美当,1
城北,1
刀佩,1
黄辉媛本,1
雨用,1
二十个,1
空浑,1
帅字旗,1
终不,1
力能扛鼎,1
牛郎织女,1
鹊桥会,1
用象,1
散遍,1
香不愿,1
马齿徒增,1
尚能,1
坚甲,1
志存高远,1
战犹酣,1
齐鲁,1
司马迁,1
送份,1
厚礼,1
王极,1
情多苦,1
哭花,1
克莱因,1
一场春梦,1
头水,1
花后,1
群秀,1
一百双,1
抓牢,1
遗力,1
还会管,1
各回,1
不拉叽,1
相隔万里,1
刘仁昊,1
人游,1
杜肖文,1
下漫,1
古斯,1
日积月累,1
中中,1
变回来,1
能亮,1
光守,1
呵出,1
慢犯,1
没轻过,1
停许,1
会离,1
遍试,1
年试,1
忙来忙去,1
范的,1
女人爱,1
好慢,1
鸡叨米,1
不符,1
嘿请,1
港岛,1
常听,1
铁盒子,1
连凯子,1
推心置腹,1
莫迪,1
只语,1
片言,1
以年,1
张绒豪,1
比卖,1
别太急,1
最洪烈,1
小鸣,1
剩心,1
能淋上,1
偏旁部首,1
怨曲,1
早不早,1
摒住,1
没烂,1
手捧着,1
哪一年,1
化打,1
过球,1
篮球架,1
之森,1
墙根,1
西半球,1
声话,1
大石头,1
豺,1
我妈生,1
怨过,1
前妈,1
烟疤,1
拉满帅,1
小炮,1
别软,1
炮脚,1
每一式,1
米克斯,1
普多,1
配尖,1
有脚,1
奈克,1
宝蹦得,1
但样,1
无毒,1
诺姆,1
吴哥,1
吴克,1
该整,1
然遭,1
阿汪,1
歌摇,1
杠着,1
先理,1
王法,1
咪西,1
香格哩,1
羊腰,1
骨肉相连,1
感比,1
欠手,1
陈亦讯,1
内道,1
配表,1
剩不多,1
动在动,1
毛花,1
一洒,1
驾不搏,1
擅长于,1
秋风扫落叶,1
三十六七,1
斗瑞咪发,1
拉西,1
先抱,1
签着,1
儿数,1
儿涨,1
先当,1
孙后,1
夸巧粉,1
个大脸,1
能耗,1
大绿棒,1
血太烫,1
内俗,1
黏着,1
要闲,1
小家子气,1
单算,1
中国娃娃,1
多问,1
卡迪,1
唞,1
跳迪斯扣,1
贝宁,1
唐憎,1
一擦,1
链拉一拉,1
语出惊人,1
不爱忍,1
后院起火,1
我拉风,1
好球,1
卡梅隆,1
安东尼,1
这瓜,1
踢克套,1
烫烫,1
疯夠,1
丫切,1
右蛋,1
帮不上忙,1
辅,1
一叨,1
玩哈,1
糖蒜,1
红柳,1
土锤,1
单帮,1
奔儿,1
帮塞,1
帮卖,1
闲杂人员,1
马领,1
贪财好色,1
左蛋,1
外翻,1
拉腿,1
爸多狂,1
乒乓球拍,1
炮要,1
冲血,1
真踏马,1
尤,1
克里,1
马达加斯加,1
我防,1
算出,1
避税,1
路开,1
哎真,1
倔给,1
耶比个,1
不显,1
贵内,1
小驴,1
多厚来,1
圣地亚哥,1
阳阳,1
当啷,1
哥整,1
雷克萨斯,1
很辣,1
来前,1
发发力,1
水落石出,1
雷玩,1
机芯,1
雷哥,1
我忙,1
我服,1
麻雷,1
麻嘴,1
铃央央龙旗,1
看醒,1
金光灿灿,1
查百渡,1
窝匙,1
努努,1
早定,1
比歌,1
歌妙,1
歌少,1
捻丝,1
阿德里亚,1
犹抱,1
皮见,1
夸到,1
我拿开,1
地不玩奇,1
卡诺,1
那嘎七马,1
无二,1
心套,1
美只,1
狙弹,1
蹦子,1
浪间,1
完嘴,1
接不掉,1
易爆,1
中用,1
别苦,1
飒飒,1
无恶不作,1
小看人,1
丁字裤,1
席梦斯,1
更爱大,1
火炕,1
等哥,1
亮牌,1
乔伊波,1
逮多大,1
拔除,1
恒久远,1
当姐,1
一番滋味,1
皮服,1
一骑当千,1
千步,1
先路,1
天助,1
嘴贱,1
意想,1
炮炮,1
支好,1
以德报怨,1
胆挺肥,1
儿败,1
老娘们儿,1
姐儿,1
拍马,1
蒙希,1
犯不上,1
用咪国,1
治敌,1
受骗上当,1
包点,1
带瓶,1
少看,1
白梨,1
六分,1
呼出来,1
起放得,1
哈迪斯,1
风势,1
不太爱起,1
套克得,1
不炖,1
七四,1
底儿,1
酷哈得,1
鞋拔,1
长敢,1
马场,1
完题,1
货落,1
斯图尔,1
不丝,1
削除,1
纯是,1
找练,1
搬起,1
石头砸,1
先吃口,1
讲好,1
条野,1
几十公斤,1
一陪,1
泥巷,1
快捷酒店,1
以绝后患,1
言归正传,1
四十七,1
不玩亚,1
大过年,1
搬丝滑,1
比耶,1
实在话,1
比玉,1
滋密,1
雄鹿队,1
鞋花,1
九买条,1
再拉回,1
印爱,1
老毕,1
胸都装,1
举铁狂,1
姜小博怪,1
笔能,1
贫贱之交,1
瓷张,1
四五桌,1
年富力强,1
浪整,1
强别,1
我顺,1
裤里,1
算一算,1
留圆寸,1
沧浪,1
七千,1
九十个,1
无可非议,1
迈过去,1
蒸屉,1
专弄,1
胡沁,1
感激不尽,1
大沙器,1
三蹦子,1
价大,1
够低,1
大泡吒要,1
两大号,1
吒,1
要吒要,1
租略,1
领航者,1
松松垮垮,1
再赠,1
条花,1
前阵,1
咯帅,1
艾塞优,1
蚕座,1
帕特里克,1
尤因,1
打尼,1
硫克,1
威朗,1
癞,1
够朋友,1
感帽,1
完楼,1
聚和散,1
劲霸,1
男装,1
冻死,1
总不带,1
如晨阳般,1
地距,1
腊味,1
野食,1
肥食,1
完野,1
红馆,1
莞中,1
几红,1
金湾果,1
鬼妹,1
稳鬼妹,1
哩同,1
太靓,1
我千奇,1
普吃,1
老莞人,1
蠛,1
劳气,1
炒楼,1
鸦片战争,1
常日,1
系系,1
不大有,1
雏鸟,1
距问,1
吃噶话,1
桂味同,1
糍噻气,1
市内,1
吃生,1
夜味,1
腰好,1
车同,1
宏远队,1
山细哥,1
新莞,1
阴住,1
兜利,1
利是,1
海瑟薇,1
双程,1
单份,1
中国电信,1
数码相机,1
彩信,1
罗绍,1
基杨,1
文虎,1
蒸条,1
五圈,1
烤炎,1
车是,1
布法罗,1
大春,1
普和,1
尼德,1
徐多话,1
我互,1
仔连,1
要体,1
寮,1
步仔,1
后吸,1
沾襟,1
微博骂,1
生活习惯,1
狗点,1
私定,1
产权局,1
巨丑,1
抛远,1
罗宾,1
系捞,1
仔哏,1
完饭,1
衫裤,1
正品,1
软文,1
要话,1
马云想,1
鸡粉,1
坐言起行,1
变埋,1
一碌,1
脸难看,1
人炫酷,1
管要,1
錶,1
它合,1
適,1
串數,1
鞋袜,1
卖下,1
又系,1
红人要,1
坐响,1
只杯,1
影自,1
点赞点,1
烦谷,1
嚹,1
感概,1
秘笈,1
执都,1
尖过,1
执大,1
忽用,1
埋美白,1
发相,1
网络红人,1
奧斯卡,1
贏在會,1
演订,1
中間,1
真姐,1
再見,1
焉得,1
市歌,1
地常日,1
毗系,1
食市,1
铺头,1
起度,1
浦头拉下,1
上东,1
英督波,1
我噶裆,1
下仲死,1
真哥,1
再逢春,1
祭掉,1
懒是,1
滑草,1
會點,1
小去,1
廳,1
先換個,1
林去,1
过车,1
某棵,1
新谱,1
猎德村,1
乸,1
哈开个,1
先跑,1
烈炎,1
尖角,1
车修,1
五六次,1
离巢,1
包围圈,1
想场,1
闻过,1
英容,1
笑貌,1
在城镇,1
说够,1
电只,1
剩一格,1
无病,1
生吟,1
情不懂,1
多层,1
窗边数,1
而车,1
擦碰,1
他选,1
忍哈多,1
往新,1
咯哥弟,1
改飞,1
高迪,1
短簇,1
劝进,1
门店,1
地留,1
留份,1
蜜汁,1
跌进,1
陈艺,1
你林,1
贾尼,1
六十斤,1
趴上,1
哪哈,1
告一段落,1
攀缘,1
上终,1
芒市,1
练究,1
别无他物,1
所销平,1
化学成分,1
山麓,1
睡得正香,1
房盖,1
华子博,1
脸总挂,1
偷尝,1
潜藏在,1
对学,1
强心,1
漫出,1
爱少点,1
千难,1
丧要,1
倾囊相授,1
正职,1
全称,1
画起,1
稿件,1
辨才,1
冒油,1
排界,1
敬亭山,1
码是,1
花美男,1
削尖,1
爱尬,1
五少,1
鼓楼区,1
篮恶童,1
银项链,1
条纯,1
没戴过,1
交真系,1
分冬秋,1
压得麻,1
氧身,1
倾下计,1
距哩排,1
仔一,1
惊无女,1
仔晚,1
黑牌,1
先同,1
滴女,1
甘囵,1
紧书滴,1
食烟,1
老豆,1
却长,1
温风,1
这多,1
带太多,1
汉密尔顿,1
二十几万,1
换胎,1
种守,1
驾少,1
越轻,1
防弹车,1
揪断,1
医疗保险,1
数晕,1
名牌货,1
瞎掉,1
下一辈,1
护肤品,1
同打,1
整翻件,1
天怒,1
舞出,1
房太翳,1
太多毒,1
感样,1
哎霎,1
中稳,1
推高,1
过离,1
代金,1
瓦锅,1
抓马多,1
立座,1
辩理,1
陈彦臻,1
暗过,1
忙里忙外,1
录匿系间,1
理留,1
分噜,1
稳个,1
饮大,1
行埋,1
北妹,1
强记,1
系条,1
女稳,1
阿芬,1
同人,1
距真系,1
蒲翻,1
仲系,1
紧条,1
女仲日囵,1
老襯,1
翻杯,1
张相,1
玩遍,1
圆环,1
一烧,1
万不得已,1
杨婉芸,1
标好,1
是纪,1
草台班子,1
斩破,1
别放得,1
呵别,1
艺术片,1
像面,1
出剑,1
错而错,1
归化,1
斩破心,1
炼钢炉,1
喝哩,1
用尝来,1
冒红点,1
张雨生,1
旺仔,1
崔轼,1
两百多个,1
如溪,1
汇去,1
常言,1
半半,1
容得,1
发生变化,1
庄生晓,1
胡超,1
齐文涛,1
变多远,1
群头,1
莱卡,1
还用说,1
规条,1
下后,1
显头,1
普通人家,1
要遇,1
衣食父母,1
情和义口,1
志义,1
路拿起,1
试笔,1
腹力,1
兽困则噬,1
杳渺,1
告辞,1
你明,1
沾不上边,1
知易行难,1
肩太窄,1
没人怪,1
体考,1
李泫,1
纪一曈,1
做合,1
西行,1
难是,1
扫开,1
王博臻,1
熹,1
反对声,1
我代少,1
儿车,1
锦旗,1
精没得,1
篱笆,1
伴虎旁,1
找水,1
河口,1
传够,1
泫,1
熔之以,1
冰之霜雷,1
火落,1
诗夏之光,1
前端,1
搭进,1
豁然开朗,1
万代千秋,1
刀马旦,1
唱念,1
做工,1
尽此,1
绝期,1
朱含,1
裴彦淳,1
憙,1
时泛,1
那潮,1
窗只,1
说生,1
想都不想,1
包工头,1
解放鞋,1
脚链,1
钝器,1
能同,1
暖手,1
若不爱,1
细烟,1
长凳,1
去拉住,1
开三挡,1
差像,1
江在,1
徐浩,1
王蒲实,1
你一言我一语,1
这竹,1
画师,1
许宝卓,1
薛雅方,1
工作部,1
宣传处,1
学谈,1
惰事,1
获释,1
作势,1
借笔,1
借风,1
柳树下,1
蕴有,1
阿古,1
郭奕科,1
安邦,1
卫国,1
止战,1
耸耸肩,1
各持,1
转乘,1
它刻,1
www.22,1
渠,1
真小屁,1
单背,1
九天之外,1
敌犯,1
敌机,1
携,1
胜利归来,1
气浪,1
尾焰,1
读透,1
自讨,1
举足轻重,1
吃败仗,1
离岛,1
无瓦,1
地面站,1
羽绒衣,1
充不饱,1
李文婕,1
人飞出,1
搬来,1
失修,1
过整,1
拘禁,1
插肩,1
言输,1
祇,1
天不凉,1
等雨变,1
冲回,1
哄闹,1
浆,1
冬和夏,1
戴戴,1
小隐,1
删咯,1
轰米,1
凉凉,1
少会,1
宾周,1
狗屁不通,1
仔隆担,1
垫板,1
伶俐,1
压在心底,1
小叔叔,1
过风,1
引以为荣,1
过春,1
酒精中毒,1
我植,1
木条,1
越强,1
碳棒,1
开亲,1
乌漆,1
闹腾,1
食饭,1
相发,1
仲未食,1
仲未影,1
完影,1
先算,1
菜仲未,1
俾个,1
忽食,1
脚注,1
厚底,1
登神,1
松连,1
敢蓄,1
长哨,1
该填,1
还肿,1
膝盖骨,1
不分胜负,1
克莱德,1
摔跤手,1
剑别,1
你行,1
圈早,1
合家欢,1
不包,1
加热器,1
爸多金,1
般辣,1
虽比,1
最高价,1
风韵犹存,1
马刺,1
出国深造,1
去惯,1
感到高兴,1
黄婷,1
林迈,1
木糖醇,1
倪涵,1
当个富,1
高智慧,1
音浪顶,1
出爱,1
孙楠心,1
唐正,1
六中,1
人枪,1
闪出,1
喊成,1
鼠来,1
不温不火,1
男曲,1
羊羊,1
周震,1
南曲,1
尘灰,1
枪套,1
出球,1
张筱真,1
百仕活,1
周辰,1
唐人街,1
枪店,1
黄桢,1
没造化,1
香醇,1
风轻云淡,1
林仔,1
乐炫,1
哭过,1
聊一,1
成小,1
走关,1
黎沸辉,1
碧水,1
银滩,1
风雪交加,1
再变,1
粤语片,1
雾里观花,1
王磊,1
杨溢升本,1
体曾,1
那到,1
美徐,1
ๆ,1
血来,1
陈奂仁,1
杜楠楠,1
场空,1
点爱,1
直赢,1
ข,1
少问,1
จ,1
ป,1
อ,1
ต,1
坏不坏,1
中徐,1
急诊,1
杭异,1
留梦,1
潭静,1
上蝶来,1
散过,1
出蜀关,1
第二章,1
君山,1
问醉客,1
钓叟,1
凌雪阁,1
鹤笙,1
凌霜胜雪,1
俯就,1
晦暗,1
漠北,1
如疏星,1
旧旗,1
化指,1
遗处,1
逐青波,1
绯歌,1
涉谁言,1
总合,1
横卧,1
听涛,1
客衔,1
小二上,1
人乘,1
来行,1
长波,1
踏流澜,1
欲败宫,1
商调,1
清玉,1
有琴,1
铮铮,1
立雪色,1
枪上,1
魂盾,1
纵不识,1
流合,1
抬眸,1
星芒,1
照破,1
竭泽处,1
抚顶,1
梦照,1
晴昼,1
第四章,1
灰落,1
如虹望,1
剑骨,1
浊流,1
酒半洒,1
事任,1
功化衍,1
天宗,1
衍,1
得啸然,1
曾灵,1
隐山,1
居者,1
问水处,1
折今,1
侧论,1
剑舞,1
岑寂,1
沉疴,1
观优,1
摩诃,1
占戈,1
似山,1
客剑意,1
百载,1
苍龙,1
深恩,1
催月落,1
陈酒,1
卮,1
三才,1
入斗墨,1
大楚,1
八极,1
柝,1
意横槊敢,1
东君,1
定机括,1
十二三,1
废去,1
大袖,1
莫讥,1
困时,1
徐骁,1
峭壑合,1
再修,1
喉化,1
甲子,1
解尘惑,1
唤剑复,1
狂歌,1
没招长,1
誓破,1
承一诺,1
折剑,1
听雨落,1
黄庭,1
洗凡,1
浊云巅,1
手撼山,1
阿绿蚁,1
饮酌,1
做床,1
渴时,1
过幸,1
朱钗慰,1
裙裾,1
挑破金,1
大凰城,1
降旗,1
齐解甲,1
北莽,1
青壮,1
澹台,1
难容,1
死士,1
南宫,1
仆射,1
世子,1
只修,1
知报,1
似道,1
一闻,1
斟酒,1
尚灼,1
摧折,1
紫衣,1
敢令,1
客红,1
腴,1
冷情,1
骊珠,1
两剑,1
空恨,1
爱怨锁,1
忘川,1
河鱼,1
提好,1
如戈,1
师友,1
霞碑,1
市场竞争,1
松香,1
描云上,1
闲趣,1
雀鸟,1
水濯碧而藏彩,1
漫消,1
若雪灿,1
汉服,1
绿桑,1
配华裳,1
整襟,1
堂上,1
无一不往,1
凭身,1
袖端行,1
织锦,1
翠微,1
景溶墨生,1
当如,1
酝,1
莫当,1
橙翼,1
一呼,1
昂扬,1
点检,1
消长,1
梅粮,1
千行,1
笔走,1
灵韵扬,1
回锋,1
曾令,1
黄庭换,1
诸色,1
自循章,1
平纹,1
冬子,1
雕镂,1
拆条,1
审问,1
问清,1
手提箱,1
现说,1
文理,1
引以为戒,1
违宪,1
粗野,1
侮骂,1
敢肯定,1
出坏,1
路窄,1
该火,1
呼互坏,1
剩笑,1
照明灯,1
窃听,1
瑞利,1
巧手,1
衔花过,1
百像,1
卡修,1
绮云,1
浸色,1
入绸丝,1
花针,1
改旧,1
彩线,1
样绘,1
曾过,1
关河,1
曾立,1
绝赏,1
止戈为武,1
岭上,1
底沙,1
心鼓,1
剑起,1
雪拂过,1
笔落,1
松风点,1
杏林,1
千机,1
追命,1
夺魄,1
箭雨化,1
苗疆,1
蛊虫识,1
蝶尾,1
深拥,1
御心,1
快马,1
半酣,1
悲天,1
静当,1
念句,1
今见,1
既知,1
难回,1
轻踏,1
愿共,1
天证,1
坂本,1
剑网,1
石南,1
阿睿凌,1
霓剑裳,1
竹桑,1
奇然,1
绯村,1
柯北,1
并辔,1
云川,1
欲燃,1
倾洒,1
博采,1
众论,1
众方死,1
生兆彰,1
探微索,1
隐方能,1
琼杯,1
碧烟,1
松花,1
正落,1
竹炉,1
沸翠汤,1
此夜,1
更漏,1
犹长,1
望闻问切,1
医理,1
栀瑶,1
仙岛,1
雅客,1
琴音,1
作客,1
伞风,1
碾海,1
成沫造,1
玄甲,1
昔汐,1
拳凌雪阁,1
杀机,1
隐现,1
暗影,1
后勤保障,1
倭瓜,1
旧星罗,1
巡指,1
青壑,1
打尖,1
当龙魂,1
乔木,1
후,1
형,1
춰,1
조,1
씩,1
쩜,1
떤,1
渭城,1
朝雨,1
柳师父,1
偃甲,1
聊作,1
虞封,1
多加件,1
新兰满,1
万钟,1
旧城,1
几盅,1
更声,1
随忧,1
又言道,1
衣锦归,1
遥万朝晓祭,1
榕树,1
脚人,1
兵休,1
何朝,1
花事,1
伊事,1
简中事,1
相逝,1
时逢,1
花沉池,1
抬眼,1
行揽来,1
我影,1
坟冢,1
霜降,1
寒峰,1
痛绝,1
浓重,1
甘苦,1
相从,1
情义深重,1
却教,1
身似,1
倏然,1
此大梦,1
人衣,1
三无,1
特曼,1
之所钟,1
苦历,1
埋身,1
色映,1
衣轻尘,1
来迎,1
一人名,1
江止,1
不允,1
沉依,1
沉生,1
无所踪,1
梦可醉,1
如英,1
唯身侧,1
解去,1
青冢,1
不闲,1
落月,1
秋收,1
长衿撼,1
合唱组,1
捎来,1
药学,1
问无答,1
水洼,1
有何不可,1
梦藏,1
成歌兰初,1
别西楚,1
踏月,1
也息,1
天人,1
伴君候,1
落尘,1
乃西,1
也杰,1
扯平,1
清越,1
浓待,1
壹笔,1
女全,1
男全,1
数乱,1
好眠,1
陈言,1
월,1
각,1
썼,1
편,1
읽,1
며,1
立冬,1
最末,1
错樓,1
樓月幸,1
提一柄,1
盘满,1
荒抚,1
扩一域,1
未肯,1
野记,1
本纪,1
龙神,1
其母,1
交体,1
湖泽,1
亭长,1
金戈铁骑,1
只待史,1
时几人,1
论功,1
喉言笑,1
中兰,1
香欲渐,1
姬草舞,1
上虞,1
功业,1
兵刃,1
孤痴怅,1
醉候,1
缶,1
起雷,1
扫遍,1
兵戈,1
莫楚,1
汉家,1
昔舞,1
碧草,1
古庙,1
过血化,1
翠草遍,1
莫浪愁,1
荷笙,1
图特,1
哈蒙,1
春生,1
有常若,1
有常,1
空山,1
雪照,1
长养,1
坐忘,1
微漾,1
夫道者,1
清有,1
有动,1
有静,1
天清,1
地浊,1
天动,1
地静,1
藏天,1
观其,1
金凌,1
开分,1
一误再误,1
合卷,1
再读,1
希冀,1
明沙中,1
浓似,1
镂花,1
婚笺,1
忽而,1
淡如,1
痴念,1
之恋,1
封缄,1
千束,1
夏衍,1
降本流末,1
清者,1
浊之源,1
动者,1
算尽畏,1
倾时,1
指上,1
入心,1
藏君,1
防仗,1
黄龙,1
托生,1
此世,1
一枕黄粱,1
天不生,1
剑道,1
赤心,1
懒辩,1
菩萨低眉,1
深恐,1
收缰,1
如白驹,1
化尽,1
静之基,1
人能常,1
蒙昧,1
时授,1
重入,1
尘浪,1
下霜,1
难放,1
挥剑,1
斩痴念,1
全直,1
于斯须,1
相抗,1
心欲静,1
穷奇道,1
有术,1
怕只怕,1
辛味,1
丹砂,1
仙中,1
剩一柄,1
按捺,1
避尘循,1
姑苏,1
有道是,1
逢乱,1
出云,1
抹额,1
作顽徒,1
陈情,1
入鬼道,1
邪途,1
献舍魂,1
恩金凌,1
衣袍,1
辱没,1
温晁,1
天晨,1
蓝启仁,1
蓝蝶,1
李二汪,1
子元,1
殷熠,1
天溯,1
插科打诨,1
廿一,1
虞紫鸢,1
褚怀予,1
清温宁,1
穿林,1
拂叶,1
含口入,1
问灵,1
观音像,1
一宗,1
泪入,1
嗓眼,1
坞,1
锋藏处,1
一问三不知,1
此心,1
哪晓窟,1
夜谈,1
绝屠,1
湖江澄,1
连盏,1
不夜天,1
归宗,1
认祖射,1
仙督,1
阿羡,1
唤声,1
添碗,1
深重,1
三尊,1
温雅,1
最解,1
亲事,1
问聂明,1
气愈,1
断颅,1
矜傲,1
折肢,1
长刀,1
妙手,1
回天,1
一朝,1
炎阳,1
明见,1
粮票,1
洗浴城,1
乱涂,1
续杯,1
当淋老,1
拍斗,1
卡白,1
通奸,1
做要,1
哥大口,1
赵瑞龙,1
小巧玲珑,1
朱晓霞,1
湲,1
廖佳豪,1
代不困,1
累怪,1
再恋,1
伦敦桥,1
成单,1
Igotrings1.2,1
石成,1
配货,1
冷处理,1
一执,1
一悲一喜,1
看起尬,1
莺飞燕舞,1
息差,1
补起,1
歇起,1
力勒,1
小劲,1
上古时代,1
缝海,1
无题,1
猛冲,1
没划,1
几人会,1
全怪,1
请记,1
装阔,1
表戴过,1
几杆,1
边写,1
爱修,1
整才,1
太美靠,1
关环活,1
大金矿,1
放坏,1
放烟火,1
可连,1
转暗,1
烈火干柴,1
想谈,1
完下,1
没人时,1
总争,1
完雨,1
却害,1
附合,1
一宿痛,1
风抚过,1
草脑里,1
飘全,1
装太多,1
开药方,1
失而,1
明入,1
流风回雪,1
满池,1
残荷,1
音乐界,1
3.4,1
一悲,1
抹眼,1
卧佛,1
杨广,1
压塌,1
龙朝,1
武圣,1
跪生,1
开服,1
来医,1
拜坛,1
怪谈,1
风陪,1
条靠,1
冲气,1
奴化,1
援想,1
长得奸,1
打王,1
魔人布,1
一喜,1
短手,1
搭桥牵线,1
演得苦,1
投资者,1
抱有幻想,1
机不,1
梦会碎,1
哪份,1
部都,1
今月,1
陶晓桥,1
角留,1
累老,1
要闭,1
九浅,1
一深,1
瓜母,1
母洋,1
洋土,1
土甜,1
抓子,1
喃喊,1
老咯,1
弄钱,1
淄博,1
械,1
开皮卡,1
少接,1
依元,1
还款,1
窗戏,1
房契,1
钛合金,1
A股,1
盆子,1
咯藏餐,1
红原,1
炸散,1
边来,1
甜苦,1
十分复杂,1
烟屁股,1
爬少,1
歪脚杆,1
缩边,1
来炸得,1
刷满,1
脱妈,1
转超得,1
转超,1
伙超,1
整帅,1
刷碗,1
侯权,1
火中醉,1
出生地点,1
改骑,1
一亲,1
旁苦,1
王晓旭,1
很赞,1
冬装,1
火烫,1
一剪梅,1
酒疯,1
去海,1
面跳,1
要败,1
孤雁用,1
碎雨落,1
半支,1
设身,1
叮铃叮玲,1
鹿给,1
器大活,1
听光,1
父之仇,1
飞炮,1
缺性,1
挑破,1
不太识,1
排几对,1
人不分,1
陈三,1
小天狼星,1
西里斯,1
财迷,1
我烂,1
爱美丽,1
当灵儿,1
飞入,1
要花费,1
不不说,1
卡送,1
拉太大,1
细凤哥,1
阿琳,1
喂猪,1
枝枝,1
刺透,1
自求多福,1
再话,1
义父,1
遭人算计,1
凉白开,1
老花,1
孙海亮,1
光雨下,1
五片,1
真闷,1
赴宴,1
聚贤庄,1
暂隐,1
追光灯,1
不美,1
真高,1
灰开,1
域,1
区区,1
透透风,1
但关,1
严寒酷暑,1
数千万,1
固城,1
血和肉,1
功夫片儿,1
儿醉,1
木人桩,1
插帮,1
饱经,1
铃儿,1
无话不谈,1
不共,1
三四遍,1
花能,1
所里,1
非错,1
枪举,1
1.6,1
人悄,1
特硬邦,1
硬邦,1
爬长,1
挖挠,1
康子,1
明个,1
后个,1
复盘,1
外停,1
弹断,1
我编,1
倒霉蛋,1
网贼,1
暗红,1
手指套,1
看东,1
三千年,1
左轮手枪,1
光后,1
聚合力,1
江洋大盗,1
光唱,1
着止,1
战之殇,1
贝带,1
保安队,1
老破犯,1
亲口答应,1
足球比赛,1
李蓬,1
杨红岗,1
真巧,1
面不笑,1
比全,1
信狗,1
赵勇,1
小蜻蜓,1
风花雪夜,1
心堂,1
花团锦簇,1
一捧花,1
当牛做马,1
经验丰富,1
再多留,1
大去,1
机灵鬼,1
一猜,1
学也学,1
很软,1
色情电影,1
眼膜,1
舌苔,1
累想,1
杨家,1
杨佬肆,1
灵长类,1
还烈,1
股忘,1
麻怪,1
饭肆,1
里外不是人,1
讲来讲去,1
博走,1
没唱累,1
酸酸,1
鼓哥,1
黑儿,1
从飞,1
点嚼头,1
郑有,1
手长,1
很能,1
喊人,1
克朗,1
你长,1
一百二十多,1
拉肚子,1
第六感,1
太疼,1
之戒,1
团休,1
领导权,1
眼神儿,1
音儿,1
路脏,1
飘上,1
很刃化,1
引火自焚,1
很寸,1
黑市,1
污要,1
冤孽,1
撩开,1
原来如此,1
翘首,1
远瞻,1
泛出,1
慌然,1
公共场所,1
足球场,1
这昏,1
一些种,1
女色,1
笔大,1
费尽,1
那学,1
混帐,1
删可,1
探班,1
不嘻哈,1
二零一七到,1
一九有,1
个梦别,1
要胜,1
飞见,1
云上种,1
根芽,1
括大,1
小桌,1
北喷儿,1
不承让,1
抽著,1
磨拳擦掌,1
水温,1
withtheenergyNo.17,1
被汰,1
燥受,1
气电,1
堂主,1
干垮,1
传播速度,1
没人怕,1
列治文到,1
北温,1
多家,1
妹上,1
不按牌理,1
挡墙,1
身换,1
很静,1
前车之鉴,1
流点,1
强手,1
必诛,1
为命,1
为您服务,1
地郊,1
老一套,1
谁给了,1
加臭,1
商都,1
手杖,1
貌相,1
现叫,1
报案,1
赫赫的,1
战功,1
内退,1
赔税,1
毁渐,1
依顺,1
迁变,1
慈爱,1
证书,1
恼,1
朝阳门,1
郑开,1
完该,1
钱瓷,1
郑来,1
打伤,1
煽个,1
忿恨,1
忘恩,1
成仁,1
门诊,1
修过,1
尊守,1
括散,1
规范,1
烤鸭,1
鬼街,1
天早,1
顺路去,1
西客站,1
积水潭,1
安定门,1
桥卖,1
东四,1
建国门,1
商务中心,1
长途汽车站,1
美术馆,1
历史博物馆,1
爱门,1
三立,1
学院路,1
东直门,1
向头,1
贬视,1
鞭视,1
加块,1
发买,1
离远,1
安家,1
美满幸福,1
喝去,1
理儿,1
郑是,1
命开,1
瓶会,1
抽该,1
带牙套,1
几碗,1
辅道,1
亡口,1
茍,1
那會,1
過隨波,1
轉變,1
甚麼,1
那都過,1
枝干,1
地闻,1
傻想,1
最错,1
劈荆斩棘,1
城有,1
换能,1
玩狠,1
表乱,1
神机妙算,1
立業,1
沮喪,1
贝凡,1
我長,1
沈默,1
歸來,1
不顧,1
還沒人,1
開心,1
鏡中人,1
無論,1
認識,1
雙眼重,1
質疑,1
表現,1
裡來,1
之後沒有,1
請求,1
舉上,1
别拉着,1
真心真意,1
生财之道,1
本拿比,1
线性,1
즘,1
땜,1
염,1
둥,1
품,1
났,1
곱,1
씹,1
쩡,1
통,1
几千次,1
一眼看穿,1
棒球赛,1
击不中,1
杆头,1
半尺,1
之韧,1
遮体,1
蛟龙得水,1
渊面,1
泥淌,1
会停,1
症要,1
还衣,1
波尔多,1
铁木,1
变渣,1
男状,1
時雨,1
新式,1
各来,1
亚力,1
別人,1
陽光,1
漫無,1
人定,1
走上正轨,1
头到,1
没算到,1
镜厅,1
向前行驶,1
大震,1
换汇,1
本土化,1
热好身,1
发唆,1
炽焰,1
一憾,1
全军覆灭,1
易变,1
混圈别,1
货假,1
钱难,1
更長,1
来势凶猛,1
九萬,1
狗犬鸡,1
飞管,1
煮汤,1
奇珍,1
异兽,1
不断完善,1
太無理,1
洛杉磯,1
鼓聲,1
敲響,1
人飄浮,1
託,1
黑真,1
落过,1
串起,1
妥協,1
舞举,1
小人书,1
饿著肚,1
去贝,1
气花,1
著爸,1
组织后卫,1
想红想,1
测所里,1
遍一個,1
農村,1
人想造,1
狡辯,1
孤獨,1
異想天,1
難收,1
转基因,1
下周一,1
仍为,1
得选,1
很难说服,1
楚连,1
交恶,1
时态,1
超超超,1
张翼腾,1
赠券,1
住家,1
没轻没重,1
后果自负,1
神级,1
埃迪,1
强仔,1
哪户,1
同赏,1
锦书,1
我恋,1
選有,1
情給,1
講億遍,1
起節,1
奏點,1
香檳,1
重特蘭大要,1
坐黃色,1
就代驾,1
學羅漢寺,1
火鍋,1
亞太商,1
谷產,1
堅果,1
現場,1
表達,1
演把劇,1
幾匹馬,1
借青龍,1
牽,1
火點,1
頂級貨,1
兩三克,1
吃點,1
瑪,1
算盤,1
問候,1
顏王,1
要滲,1
紅鼎國際,1
幾張,1
當我離,1
開飯,1
桌現,1
沙發里,1
下二兩,1
給我放,1
夠在,1
灑个歡,1
戒點,1
戴起勞,1
點點,1
貨太頂,1
災禍,1
傳奇,1
夠得,1
事裡頭,1
透徹,1
幾句,1
詞夠,1
默崽兒,1
沒扯,1
圓到,1
把勒個,1
醉生,1
傾,1
名星,1
別動手,1
富貴,1
煉,1
靈丹,1
膽子,1
兩句,1
對頭,1
有勒點,1
最頂,1
冒險,1
孟婆湯,1
陸酒,1
子掛,1
必須當,1
一開,1
借個,1
陽壽,1
指虎,1
髒,1
鴿賞,1
吃業務,1
收帳,1
單子,1
癱,1
貨要,1
起貴,1
酒兒,1
腿子,1
攀關,1
少帶點,1
狠角兒,1
槟,1
調點,1
出頭當,1
關貳,1
慫了,1
發燒,1
逝壹壩,1
抽慎,1
頭點,1
一條種,1
預兆,1
十根,1
九顆,1
八顆,1
鑽七個,1
六個,1
實五個,1
當過,1
範四個,1
三個,1
揣進,1
頭惹,1
勒輩子,1
下輩子,1
新些,1
嶄,1
夢裡頭,1
想當,1
幫屋,1
頭人,1
錢媽,1
好時,1
不談,1
義氣,1
心高氣傲,1
牛頭,1
門專門,1
手頭,1
裝個,1
裝嘛,1
窮骨頭,1
當上,1
娃超成,1
離世不遠勒個,1
壹輩子,1
鴻,1
壹佰再,1
壹條,1
毛白,1
帶起,1
地求,1
虛場合,1
土裡面,1
遭尿,1
逝夜壺,1
狂嗦,1
賭,1
搭得妮,1
浮腫,1
報頸,1
放學,1
诗话,1
这奥义,1
球该,1
黄弟,1
墙梯,1
良计,1
先整,1
打肿脸充,1
词住,1
第三节,1
瘫烂,1
读里,1
新立,1
财眼,1
强拆,1
海市,1
正愁,1
辗过,1
交易者,1
啤当,1
爱太,1
商谷产,1
江湖气,1
洒得,1
踏裂,1
问勒是,1
扯些,1
有勒点,1
上陆酒,1
颈部,1
至逝,1
飢饿,1
億萬,1
億,1
奔驰车,1
疯得,1
远超过,1
轻歌,1
张英俊,1
冰与够,1
抑住,1
驻军,1
好容易,1
天寒,1
落梅,1
吹笛,1
弯酸遍,1
嘲天椒,1
听求,1
光太大,1
信妈,1
不识好歹,1
泛泛而谈,1
人老珠黄,1
下马威,1
提挂,1
剧想,1
烂弱,1
功与利,1
朝天椒,1
缝好,1
尸身,1
避过,1
结再,1
理好,1
吸起,1
枯燥无味,1
心绊起,1
阴面,1
开题,1
落九天,1
走远过,1
边席,1
亿遍,1
红鼎,1
領禁,1
遭为,1
脏勒条,1
药化接,1
十万八万,1
法办,1
逮来,1
顶脑阔,1
学耍,1
贴膏药,1
品过,1
银白色,1
少切,1
没认,1
工贸,1
打挤,1
出川,1
车和房,1
城该,1
渗,1
挂彩,1
飛區,1
頭套,1
扯落,1
簽從,1
鬥是,1
瘋子,1
相些,1
二個,1
場合,1
進出,1
反骨酒,1
太失格,1
没靠娘,1
肩脚,1
卷行,1
画勒饼,1
吞得,1
抽软朝,1
遭扣,1
扭力,1
柴油,1
崖,1
嘿弟,1
〇,1
细得,1
拔寨,1
哈懂爷,1
油箱盖,1
油枪,1
野战,1
装嘛,1
穷骨头,1
顶回去,1
颜王,1
血大,1
头梳,1
装甲车,1
拼钱,1
好勒,1
百他,1
起刀,1
得太近,1
批事管,1
七鬼,1
教不转,1
屁眼,1
钱妈,1
讨些,1
阿臭,1
几哥,1
多聚,1
起少,1
資,1
恘,1
焰子,1
體整,1
资房,1
资票,1
资為,1
惡,1
結合起,1
罰率,1
邊緣,1
澗,1
圈乾,1
無限膨脹,1
資本,1
崇上,1
魚聞到,1
穴腥,1
洪浪龍,1
點車,1
掠奪者,1
恣歡,1
菩薩給,1
得歡,1
單,1
酒論,1
熱血化,1
何為,1
言少,1
徑須,1
不嘆,1
隨便點,1
准看,1
五花,1
呼兒將,1
出換,1
高興,1
龙虎豹,1
蟲蟲,1
貓兒,1
狗兒,1
最後票,1
八兩,1
觀音,1
墜子,1
兇氣,1
老毛病,1
當頂流,1
狂得耀世,1
穩騎,1
逝奧迪,1
兩幅,1
青龍六個,1
對子,1
廢紙,1
最史,1
愛豆淑芬,1
檔次,1
電視,1
實繼續,1
整點眠,1
大勢,1
鑲滿,1
閃成,1
分鐘,1
資妹,1
老頭,1
杜嘉班納,1
勝利果,1
阿瑪尼,1
瓦薩琪,1
戴卡,1
地亞買,1
老鳳,1
謝瑞麟,1
謔,1
十千,1
裡頭,1
年邁,1
頭幾十載,1
兒愁,1
須盡歡,1
嗨給,1
頭倒,1
滿酒,1
虛財神,1
宰牛,1
為樂,1
會須,1
一飲,1
瓊漿,1
玉液,1
管夠,1
幾百瓶,1
爹媽,1
成雪,1
鬥酒,1
青絲,1
假水,1
頭打,1
頭超,1
沒歇過,1
虜,1
兒給,1
兒脾氣,1
撇火藥,1
灣抓球,1
左腳,1
蛇王,1
向東,1
明鏡,1
悲白,1
朝如,1
岑,1
夫子,1
將進,1
杯莫停,1
蕩,1
膽量,1
喝夠,1
盤旋,1
煙霧,1
瀰,1
那顏色,1
古來,1
聖賢,1
飲者,1
好還,1
豪飲,1
熱辣,1
王昔時,1
宴平樂,1
人坦,1
感動,1
價值,1
要給,1
幾杯,1
酒莫停,1
請君,1
傾耳,1
老師給,1
你講,1
詩仙,1
有個,1
來將,1
還將,1
鐘鼓,1
饌,1
願長,1
不願醒,1
工資,1
業務,1
大三,1
闯勒块,1
把戲,1
靈找,1
不贏,1
生來,1
風聲,1
傳得,1
賽刻,1
狀態,1
普嬉,1
推下陽態,1
兩次,1
肆零肆,1
靠起,1
沒得發,1
區安,1
打敢,1
陈百强,1
剛來,1
财大,1
愁痕,1
命断,1
打摆子,1
金杯车,1
油要,1
差账,1
挨求,1
城乡,1
结合部,1
深甜永,1
本月,1
登喜路,1
纱舞,1
成卡,1
城南,1
炸彈,1
條虹線,1
來夾,1
盤要,1
勞資們,1
爽慘,1
飄湯,1
兩碗,1
坐膏,1
貼,1
開防,1
網巴,1
形像,1
這邊,1
關注,1
廝兒,1
過來,1
我門,1
欒,1
須償,1
今後必,1
缺德事,1
年級,1
拉個,1
手剎勒樣,1
形歌,1
信堅定,1
保證,1
殯,1
吃點腦,1
我洋盤,1
小學生,1
同級範,1
拿來,1
一煲,1
濃鳴,1
莫來,1
沾雪,1
互爱,1
要拿命,1
抽細,1
招恨,1
你曉得,1
品壺,1
出發,1
幾間,1
幾千,1
愛豆,1
攤兒,1
開得,1
還比,1
不爛,1
踩爛,1
切爾西,1
哪個給,1
燥點,1
過得,1
冷不冷,1
醫生問,1
夢回,1
主城,1
死血上,1
應鏈,1
攪,1
他給,1
滋潤,1
兩件,1
醫院,1
國賓,1
還緊,1
結賬,1
微信問,1
錢夠,1
扯證,1
她曉得,1
車,1
命保,1
劇本,1
漂到,1
准大,1
指姆印,1
行快,1
劲托瑞,1
太阳城,1
网点,1
大石坝,1
典起,1
美协,1
拿道,1
牛油,1
骨比,1
命大,1
殡房,1
照价赔偿,1
那娃差,1
仔分,1
勇氣面,1
權利,1
燈紅酒,1
綠,1
進起碼,1
墊底,1
陽光會給,1
歷險,1
叠码,1
關燈,1
閉眼,1
骗成,1
计中计,1
発,1
马驾,1
交头接耳,1
瞠目,1
结舌,1
留英,1
隐去,1
安闲,1
富襟,1
怎堪,1
破庐,1
唤吾复,1
舳舻,1
血杀,1
诡谋,1
夜星,1
撒数,1
银鞍,1
吹角,1
轻飕,1
咄,1
无个,1
休问,1
独退影,1
魇,1
志破天,1
贯云矢,1
曲共奏,1
雾雨,1
举高义,1
言志,1
飒沓,1
非雀燕,1
溯,1
陌寥,1
霓生,1
惊四筵,1
愿尽,1
绰月,1
除人,1
可屠,1
昵昵,1
计得,1
结水识,1
复是,1
昔初,1
今景,1
追萸,1
尊茗话,1
影亦,1
人知,1
奉天承运,1
龙膏,1
颁赐,1
群臣,1
品其味,1
金鼎,1
胡姬,1
酒肆,1
归曲,1
催回,1
饲积,1
应照,1
浩汤,1
海川,1
袖手,1
鉴水,1
疏妆,1
天衣,1
涉江,1
落霜,1
采薇,1
咴,1
青蚨留,1
短笛,1
无腔,1
信口吹,1
何藉,1
一聚,1
呵灯,1
天青,1
太安,1
重门,1
临金,1
阙,1
云下,1
中霄,1
朱颜,1
谢幽,1
欢销,1
红笺,1
露井闲,1
沉书,1
响空,1
立风前,1
漫苍烟,1
四经,1
长行,1
志广,1
儒冠见,1
添梅,1
痕霜色,1
颓垣,1
无有,1
孤襟,1
沧江,1
武帝,1
楼头,1
跻仙入,1
尽归,1
还酬,1
雨骤,1
空悬,1
州方道,1
当世,1
逝川,1
桑榆,1
晚憾,1
长渊,1
铗,1
铜驼,1
富察晨晨,1
浴血,1
山影,1
半日,1
花柚,1
柚,1
袖中,1
烟光,1
青旗,1
沽梦长,1
邙,1
今尔来,1
明孰往,1
冷弹,1
游鸿送,1
鸣镝,1
寒闻,1
断别,1
催短景,1
旌野啸,1
曾视,1
筹边,1
明河,1
猎马,1
稍赋,1
若共饮,1
吹彻,1
深流,1
书成闻,1
琼玉飞,1
觞,1
销尽,1
魅雾,1
轻挠,1
大伪斯兴入,1
贾巧姐,1
巧若,1
灼终,1
凄风,1
王熙凤,1
误本,1
倾樯,1
摧楫,1
俗名,1
观此,1
秦可卿,1
尝闻卿,1
风情月债,1
得落,1
一劫,1
热怀映,1
腼颜天壤,1
丝竹,1
稠人,1
抵家国,1
朱墨,1
掩门,1
贾迎春,1
寄身,1
骤风,1
怎敌,1
高崖,1
损清望,1
纲常,1
湘妙惜,1
覆海,1
怒浪,1
俱,1
广众,1
作情,1
幻死,1
得魄,1
难遏,1
倾夜,1
义学,1
宇恒,1
秦艾德,1
玄觞,1
小魂,1
醉墨,1
悦动,1
孤屿,1
媚中舟,1
逐光,1
阿九,1
相思树,1
灯影,1
逐花予,1
千月,1
墨雨晨,1
辞洛,1
难尽望,1
宿孽,1
难偿,1
怅,1
几厢,1
罢矩步,1
非关,1
高音部,1
旻,1
纵痴,1
以冬,1
潇梦临,1
执素,1
蚊香,1
牙牙,1
素尺,1
念春去,1
贾惜春,1
本洁来,1
斯飞,1
皇梁,1
银鳞,1
辉银,1
飞天舞,1
小坠,1
醉雪,1
老干妈,1
阿册,1
展眉,1
婶,1
情桑,1
冥,1
沈慕,1
素清,1
翚,1
归瓦如,1
灯迷,1
划惊堂,1
罗衣舞,1
不速,1
献舞,1
酒一壶,1
依柳,1
裴旻,1
一虹动,1
提画,1
豪卷,1
添墨,1
西畔,1
桂堂,1
东身,1
无彩,1
浊质,1
诗本澈,1
卧梦个,1
笔且,1
孑梦里,1
莫教,1
怅望,1
满堂,1
丧休,1
妙玉,1
梅雪,1
落作,1
色槛,1
青灯黄卷,1
史湘云,1
寻一壑,1
一萼,1
闲鸟,1
一折,1
孑,1
报得偿,1
黛钗元,1
大梦终,1
纵歌,1
薛宝钗,1
愚敏,1
成破,1
贾元春,1
正欲射身,1
探春,1
罗网,1
熙来攘往,1
狂雨,1
栉,1
高情,1
远志,1
寒裳,1
顾影,1
尽照,1
太燃,1
人拿起,1
从春鸟,1
雪落,1
从夏花,1
秋朔,1
纽约时代广场,1
共同前进,1
厌弃,1
尽然,1
敏感点,1
糟点,1
胃尝,1
挥打,1
负义,1
审美观,1
犬子,1
坑土,1
戏快,1
盲狗,1
强变,1
反串,1
总账,1
炫丽想学,1
见招,1
拆招,1
我挠,1
熬不住,1
该装,1
觉察,1
愿不愿,1
你次,1
祢,1
吃别,1
红牌,1
忍声,1
石原,1
美三零年,1
迷恋着,1
难太多,1
达芬,1
不害己,1
泼脏,1
卜来,1
浑然不觉,1
大山猫,1
落雁,1
亭台,1
木舟,1
无毒不丈夫,1
我片,1
冰艳,1
刺向,1
破爛,1
駕,1
明路,1
点妆,1
几世,1
如寒冰,1
深才,1
肉体化,1
共渡,1
懂当,1
空骗,1
害像,1
空找,1
几生,1
活扣,1
小花招,1
战在,1
偷欢,1
牛弹,1
土后,1
枪药,1
时像导,1
不须,1
旺仔牌,1
晕厥,1
有杆,1
恶行,1
发蒙,1
观天象,1
圈装,1
噼里,1
痞里,1
余音缭绕,1
拉栓,1
低保真,1
乔帮主,1
烂面,1
实绩,1
连不唱,1
眼算,1
通带,1
土爆,1
坐出,1
难学,1
阿之终,1
消耗掉,1
硬壳,1
谭影,1
附满,1
露背,1
独胆,1
任争,1
废别,1
成疾,1
该错,1
太多见,1
空守,1
困进,1
帝将,1
抵敌,1
杨起,1
长帆,1
爱耍,1
吼声,1
长一智,1
落掌,1
师给,1
许铖,1
废井,1
碰鬼要,1
黑曜,1
总难收,1
拼要,1
先头,1
酷道,1
选不上,1
五强,1
打下手,1
歌太吵,1
一下手,1
真豪,1
等量,1
射下,1
你查,1
吊炸天,1
格林,1
群菜,1
歌曲歌词,1
开下心,1
全挂,1
拒决,1
崔靖现,1
我秀过,1
戴文,1
青木,1
嶵,1
去頭,1
美冤,1
靠杆,1
微睁眉轻,1
草席,1
上倦,1
冷涩,1
莫语,1
来扰,1
佳宵,1
未想,1
身懒,1
有何不妥,1
庙前,1
烧高香,1
望梓桑,1
追崇,1
想名,1
眼睫,1
能明,1
夠當变,1
明巧,1
当先,1
往息,1
飞不上,1
大树下,1
词作,1
琉歌,1
琴酒,1
蜀黍,1
幸闻此,1
雕凤,1
扑蝶,1
有乐,1
这厢,1
能免,1
妙辨人,1
榜冠,1
蓬莱岛,1
坐梁,1
奸邪,1
雪中悍,1
刀行,1
添灯,1
梅痕,1
出访,1
玉山,1
辰阶深,1
闱,1
疏帘,1
负琴,1
登庭惯,1
棋诏亭,1
羡当,1
快剑皓雪,1
契阔,1
何模样,1
哀怅,1
风神,1
嫁衣裳,1
淫物,1
自挡,1
不劳,1
落草,1
拂尘,1
抬眼望,1
藏显,1
未详,1
掠冷刃,1
嗜,1
杀众,1
神旁,1
鹧鸪,1
凄鸣,1
美好幸福,1
那满伤,1
通完,1
红高粱,1
正业,1
不务,1
没忘出,1
垂头,1
海不愿,1
阿财,1
财福子,1
能作,1
小花脸,1
崽去,1
放天,1
耶过,1
十三点,1
落脚处,1
放声高唱,1
一去不复,1
不归愿,1
总爱用,1
嘶呼,1
逛一逛,1
高射,1
鉋,1
附有,1
编词,1
骨頭,1
满白雪,1
办别,1
讨人喜,1
口说无凭,1
贪过,1
毒果,1
肥水不流外人田,1
作死,1
星火燎原,1
跳墙,1
训练场,1
赢管,1
散播谣言,1
2.02015,1
音刷,1
紧急事件,1
戴闹,1
凝固时间,1
慢刚,1
无价之宝,1
多多指教,1
朦住,1
一耶看,1
一耶,1
忘不记,1
此歌,1
连队,1
过大年,1
听从指挥,1
仔细阅读,1
每封信,1
崽聖,1
赌错,1
哈尼语,1
李颜,1
鹄,1
端上,1
风好,1
春天里,1
胡岚,1
交流会,1
通酒,1
结靠,1
一卦天,1
喘气声,1
醒活,1
不吃不喝,1
心只,1
撞针,1
矮人,1
辣眼,1
油得,1
土包,1
十轨,1
品谁会,1
聘,1
高见,1
批豆,1
挨枪,1
比穷,1
收束,1
下球,1
像雪落,1
售货员,1
应别,1
懒狗,1
回购,1
台边,1
绝体,1
堆中,1
趴前,1
底躁,1
嗡得,1
推力,1
桌角震,1
外飘来,1
还系,1
人人平等,1
他妞肥,1
臀哈,1
下杆,1
上赛季,1
挑些,1
垂下,1
最多算气,1
福彩,1
唐氏怪,1
抓着,1
扁学,1
好燥,1
天圆,1
我阔,1
洋炮,1
猪崽,1
找晓峰,1
别短,1
粉头,1
唱园,1
游会,1
首放,1
低帅,1
得亚,1
弹棉花,1
哨球,1
用压,1
半吊个,1
眼有,1
奴隶制,1
覆灭,1
集美,1
三棱,1
军刺,1
秦牛,1
停跳,1
装穷,1
假表假,1
回扣,1
谢别,1
围兜,1
光泽度,1
掌声雷动,1
下狠心,1
咬舌,1
混手,1
发句,1
接句,1
浅水湾,1
会喜,1
新酒,1
铁非,1
挡道,1
要治,1
哈兮,1
打白,1
链赐,1
车迟,1
龅牙,1
横贯,1
不知死活,1
第一等,1
边浩南,1
摇移,1
三比,1
信来,1
荞麦,1
外为,1
办不成,1
招笑,1
往大,1
一人当,1
看网,1
红嗦,1
请人,1
拔火罐,1
阳澄湖,1
潘西,1
基建,1
别来查,1
狮身人面像,1
层金,1
酸软,1
八姓方,1
贝斯手,1
调贴,1
诗去,1
跃动,1
震撼人心,1
面太多,1
出港,1
巷尾里,1
两条船,1
软去,1
饺子馆,1
卖不掉,1
未了,1
时难,1
梦要,1
调都,1
扫动,1
再添,1
假皮,1
教条,1
整后,1
梦芸带,1
女装,1
憨憨的,1
围起来,1
抬钱,1
厮混,1
一百八,1
独木舟,1
枪刀,1
匕,1
续订,1
躲车,1
锁不住,1
成直,1
诺瓦,1
完作,1
风池,1
打得松,1
棋哇发,1
歹势,1
不来电,1
长线,1
签不出,1
码垒,1
彩头,1
抓浪,1
推定,1
Ⅰ,1
权性,1
体在,1
梦脏,1
胜盲,1
点长,1
卓伟,1
后话,1
解带,1
摘下去,1
防毒,1
皮开,1
完会,1
冰雾,1
滑向,1
妖路,1
不窝成,1
心太挤,1
死刑犯,1
热个,1
归置,1
我胜,1
对桌,1
积锈,1
Ⅱ,1
两床,1
干粉,1
病灶,1
变劲,1
发话,1
海妖塞,1
抗诉,1
避掉,1
抖成,1
挥断,1
作线,1
神为,1
波逐,1
缺座,1
弱知,1
削弱,1
中略,1
水压,1
咕噜噜,1
海葵,1
船厢里,1
菜馆,1
感激涕零,1
直呼其名,1
张姓,1
货掌,1
舵帆,1
伸长,1
粉嘟嘟,1
藏诺,1
黑鸦,1
酒配,1
懵住,1
船体,1
铃铃,1
铁块,1
书屋,1
药要,1
我怀,1
共愤,1
翻筋斗,1
苦梭,1
早染,1
真用,1
柯景腾,1
沈佳,1
糖配,1
浓坐,1
看雨后,1
宽粉,1
每碗,1
传统意义,1
女医生,1
ˉ,1
人神会,1
公演,1
书呆,1
黑丝袜,1
亏贼,1
金属外壳,1
灰后,1
打败仗,1
歌调,1
打得少,1
变窄,1
颓在,1
秋分,1
对半开,1
信上,1
慢道,1
抽动,1
地伴,1
开寒,1
ˊ,1
用嘻哈,1
再唱首,1
燥郁,1
伪装做,1
坏快,1
钱雨落,1
顾头不顾尾,1
吃大锅饭,1
墙皮,1
慢咽,1
部高,1
代动,1
四旧,1
跟风者,1
厌透,1
横截面,1
爱波,1
受宠若惊,1
开摆要,1
比特率,1
后半辈子,1
歌边,1
喷湿,1
鄂城,1
带妹,1
攻坚,1
揪动,1
轴距,1
树边,1
臭掉,1
西去,1
七句,1
太多活,1
如遇,1
拖车,1
重学,1
舍尔,1
紫水,1
游览,1
几倾,1
撒福纸,1
助您,1
巡海,1
喷灭,1
火不灭,1
曾助,1
绣花鞋,1
老田,1
盛音,1
虔栈,1
完锅,1
抽空去,1
宝可,1
干醋,1
总陪,1
梁田,1
轻松自在,1
双飞燕,1
阵列,1
分再,1
喽根,1
正因,1
二二生,1
断断,1
凶吉,1
祸福,1
土地庙,1
撒豆成兵,1
人本善,1
无贫,1
无富,1
狐天,1
临兵,1
斗者,1
挡箭牌,1
胖小子,1
恶斗,1
终报,1
路迈,1
赢后,1
闭耳,1
水磨石,1
穿大点,1
变黄到,1
玉真,1
卷浪冲,1
上霜,1
平淌,1
认爹,1
金木火,1
土水,1
更匪,1
甜蒜,1
拆天,1
这波要,1
密云路,1
水和维,1
我炸,1
茅草屋,1
冒险岛,1
毛主席,1
演练,1
手术钳,1
现了,1
刀姐,1
红桥,1
过嘛校,1
龙成,1
戛子,1
不祥,1
大渣,1
八件,1
奥林匹克村,1
差远,1
咱嘴,1
单录,1
制成品,1
落坐,1
拉庄,1
九自手,1
搬牌,1
门嘻哈,1
立手,1
上家愁,1
吸溜,1
没胡,1
一休哥,1
相面,1
瀚,1
大尿,1
守守,1
囊膪,1
叫海,1
半袖,1
风刮,1
绞刑架,1
必怕,1
爱拔,1
叔本华,1
新闻频道,1
懒奸,1
变假,1
变戏法,1
复姓,1
散白,1
高级职称,1
政策,1
三九天,1
单裤,1
酒越,1
越厚牌,1
斗牌,1
二伯,1
没卷,1
女强人,1
青春永驻,1
和平路,1
耐人,1
枣有,1
炖排骨,1
九号,1
蓟县,1
美如天仙,1
水可别,1
走右,1
烙糖,1
追大奔,1
完全免费,1
四六,1
不漾,1
波斯猫,1
噶丝,1
介牌,1
咒儿,1
七九,1
一十六,1
介混儿,1
这庄,1
新盘,1
直扎心,1
底商,1
伙牌,1
老例,1
外嫁,1
爸糖,1
纱巾,1
单儿,1
百叶,1
小二,1
我鲲家,1
王野,1
杨到,1
花琛,1
狮豹,1
我鲲军,1
零叫,1
分野,1
鲲军,1
咬紧牙根,1
行野,1
球琛,1
多画面,1
托盘,1
穷富,1
反义词,1
军合,1
落红,1
各学本,1
爱鲲要,1
大港油田,1
化工厂,1
污染空气,1
大港,1
累饭,1
真爱鲲,1
击不退,1
易为,1
李周,1
吴孙,1
牧童,1
遥指,1
杏花村,1
我鲲家军,1
发信号,1
全爆,1
八珍,1
官帽,1
山来,1
过救,1
真踏马绝,1
得令,1
铃看,1
不老练,1
雪碧给,1
画待,1
大胡子,1
重楼,1
偷生,1
之心渡,1
之腹,1
犯困,1
忍无可忍,1
通时达变,1
机哥,1
指对,1
搬救兵,1
也治服,1
公共汽车,1
这仗,1
别随,1
兴致勃勃,1
来管,1
铁栏,1
那艾热,1
一笔抹杀,1
停换,1
谁行,1
西拿着,1
别出去,1
最制,1
制霸别,1
葬于,1
城际,1
老西开,1
血老轧,1
别吐,1
四有,1
创进,1
绿豆蝇,1
耐围,1
转儿,1
汆,1
馅,1
蜂窝煤,1
大塘,1
串进,1
三齐,1
滚轴,1
二人组,1
神启,1
杂面,1
友谊路,1
粘衣,1
鲫鱼汤,1
生嚼醉,1
瘸鲜,1
野有,1
韭菜花,1
算花,1
料锅,1
壮阳,1
野伯,1
羊蛋子,1
量量,1
喝死,1
两桶,1
各选,1
铁板一块,1
四中,1
一偷过,1
放鸟,1
铁南,1
地爱帮,1
一百斤,1
贮藏,1
刊物,1
腰间盘,1
那本书,1
共同富裕,1
狗食,1
馆里,1
白牛,1
切锅,1
南楼,1
抗刀,1
鬼市,1
跳大舞,1
五龙,1
混捉,1
奇士,1
职工,1
拓野套,1
车座,1
子套,1
老豆腐,1
南市,1
咱是,1
原件,1
雪花膏,1
关钱,1
咱吃二厂,1
小肚,1
点红点,1
刚蒸,1
郁美净,1
显出,1
送入,1
最列,1
妹消,1
很贵别,1
三下两下,1
台烂,1
三千多,1
货出,1
操导,1
圍然,1
發貨,1
然後做,1
更燥,1
拿樣,1
贊助,1
無恥,1
兒童,1
領悟,1
我买球,1
尊姓,1
爱中,1
拳皇,1
嘿黑,1
诺恩,1
那恩,1
穿衣,1
扎下去,1
声心,1
排量,1
肖小,1
修心,1
武术家,1
于行,1
业精于勤,1
习,1
武人,1
敢露,1
承認,1
游戲,1
主見,1
從眾,1
达神邸,1
沉是,1
動彈,1
也許,1
簽到,1
告狀班長,1
團支,1
院長,1
管學習,1
整個,1
課程,1
習整,1
懶懶,1
顧及,1
窩,1
杂绪,1
写曲,1
云界,1
實驗,1
人訴,1
被現,1
實擊,1
得千瘡,1
省點,1
年齡,1
总覺,1
磨練,1
厭別,1
歌點,1
刪,1
除鍵,1
会露,1
餡,1
昼想夜梦,1
慌神,1
聲給,1
周浩孙骁,1
先道,1
面请,1
泻,1
字人,1
神求,1
歪主意,1
德克萨斯,1
中泛,1
凄迷,1
眼使,1
恹恹,1
叩问,1
轻咬,1
微颤,1
毫无道理,1
郭舒,1
不越雷池,1
狂整,1
垂暮之年,1
几盏,1
已极感,1
冰星,1
日夜奋战,1
唱累,1
干带,1
最大值,1
五关,1
爆机,1
鹅绒,1
惊涛巨浪,1
雅法,1
一本万利,1
炸火到,1
可三借,1
哽喉,1
已藏起,1
圆脸,1
清香味,1
适得,1
板巴,1
下结论,1
李岷达,1
累别,1
墨守陈规,1
削铅笔,1
最有家,1
烈日炎炎,1
小家庭,1
好能,1
跳船,1
每发,1
黄之仪,1
编进,1
看巴,1
通商口岸,1
病太多,1
雷阿伦,1
全事,1
小冲突,1
支小,1
乐站,1
烤鸡,1
辣大,1
快船,1
念有,1
卡麦隆,1
个斯伯丁,1
运动包,1
完胜,1
通个,1
儿漏,1
做個,1
全無,1
活泼可爱,1
淫迷,1
总梦到,1
抽当,1
运动器材,1
这待,1
上浪,1
抵入,1
停带,1
一拨,1
这生,1
新喜,1
咱可,1
立体交叉,1
刚站,1
戴俩,1
手忙脚乱,1
空对,1
当埋下,1
优良,1
丧子,1
别握,1
不盖,1
泽,1
厉如鬼,1
真诚待人,1
需够,1
正妹,1
懂味,1
闯破天,1
已无路,1
老贼,1
明夜,1
心秀,1
快抢,1
脆得,1
奴车,1
那急,1
饭新盖,1
小秘,1
能定,1
真善忍,1
假恶丑,1
我货,1
里充,1
哼算,1
能全,1
咂儿,1
远心,1
太阴,1
这水太深,1
园儿,1
北范儿,1
维子,1
京油子,1
身带,1
颓朽,1
样捞,1
关二爷,1
程序化,1
闲不住,1
三个臭皮匠,1
玩响,1
这一杖,1
打输,1
大保,1
浇雨,1
瞧着办,1
从爱到,1
气先,1
永无休止,1
裡说,1
裡你能,1
价格公道,1
招完,1
打擾,1
沒有責,1
誠意,1
索罗与莱雅,1
而欢,1
而落,1
声吟,1
你会信,1
搞沉,1
白皙,1
账本,1
跳舞机,1
节奏轻快,1
娇艳欲滴,1
风花雪悦,1
款易,1
落想,1
任感,1
辮,1
哈懒,1
臟,1
別吵,1
枕頭,1
雪麗,1
糍,1
機關,1
事麻煩,1
接種,1
至鈴聲,1
煩,1
沒變,1
遲到,1
開會,1
觀念,1
思維變,1
鉤,1
俨然,1
无级,1
总爱待,1
机炭,1
生歌,1
还雀波,1
圆老壳,1
二干,1
大莫慌,1
七麻古滴,1
小衣,1
灌西,1
俗话,1
大比,1
脚宁,1
账滴,1
皓,1
完恩,1
莫到,1
紧斗,1
小麻批,1
克桥,1
没得房,1
淡留,1
养羊,1
真表,1
闪灵,1
蛇眼,1
一没得车,1
三哈,1
燥得癫,1
三岔路,1
太癫,1
卵形,1
阙伯,1
装棒,1
对斗党,1
很苦,1
划火,1
要戒,1
马頔,1
石璐,1
邵夷贝,1
子诗,1
阴与阳,1
真非,1
正忠,1
奸祸,1
福衰,1
盛恨,1
爱怨,1
恩散,1
聚胜,1
画于,1
跟你急,1
儿不像,1
诡辨,1
气忿,1
根卫龙,1
王韵,1
蘸上,1
层灰碑,1
皮有,1
坏血病,1
搞掉,1
命一去,1
人藏,1
进站,1
白垩纪,1
深海鱼,1
蛙七肢,1
蒸汽机,1
火如,1
我共荣,1
翼龙,1
真帮,1
全醉,1
侃,1
一准儿,1
杂院儿,1
远亲不如近邻,1
指腹为婚,1
弄假成真,1
有本经,1
内份,1
菜码儿,1
蒜瓣儿,1
没跑儿,1
儿麻,1
先罚,1
先漱,1
半宿,1
瓷瓶,1
齐活,1
客气话,1
再紧,1
一贯作风,1
联欢,1
丫热,1
丫比,1
胖丫,1
三到,1
办得,1
醒哈看,1
太多杯,1
先摆上,1
歪戴,1
闪晃,1
向后转,1
逞个,1
我彪,1
哈变,1
船里,1
频闪,1
肆意攻击,1
卷纸,1
板上,1
抓地感,1
听歌曲,1
一摇一摇,1
林北整,1
牌九,1
重卫龙,1
条界,1
根够,1
范么,1
八只,1
坏龟,1
哪是,1
袋辣条,1
零嘴,1
着学,1
黑盒子,1
飞沫,1
0.6,1
激顶,1
碧绿色,1
捂坏,1
重估,1
秽,1
厄怨,1
吹伤,1
虚拟环境,1
耶耶耶,1
全有,1
黑屋,1
优先选择,1
吃眼前亏,1
烧杯,1
防化服,1
搀伏,1
快饭,1
气恼,1
夜如,1
往左边,1
他求,1
公司员工,1
宰得,1
被照,1
踉个跄,1
铁钩,1
磕到,1
竖笑,1
异星,1
激灵,1
燃放烟花,1
切线,1
迷迭香,1
薰,1
癫要,1
雪茄烟,1
电话薄,1
烧糊,1
昨风起,1
无地活,1
上眼皮,1
无家,1
可回,1
百码,1
光柱,1
一锅开,1
康庄,1
沙暴,1
地疾踏,1
系奶,1
臭鱼,1
炖烂,1
来首,1
玩回,1
动换,1
河面,1
提港,1
茶不思,1
他饭,1
风物,1
甜釀,1
和睦家,1
没脱,1
单加,1
壹亮,1
来习,1
应握,1
雷锋,1
暴行,1
天有不测,1
公共安全,1
颐,1
煮茶,1
常呆,1
几小时,1
马蜂,1
胡八一,1
指使,1
行凶,1
转播,1
加愁,1
涂掉,1
孙旭曲,1
高伟然,1
女们,1
可买,1
往右边,1
压腿,1
得瑟要,1
这练声,1
琥,1
撕玖琥,1
传切,1
胡四,1
似人,1
非人,1
陆璃,1
执法者,1
证奸,1
心魔别,1
普度众生,1
随风而逝,1
张三,1
敬醉漾,1
人且,1
罪雨,1
虽停,1
已累,1
太多杯映,1
光愿,1
掺半,1
盾形,1
长安少年,1
投记,1
立来,1
你额,1
晃断,1
空接队,1
巴特勒,1
努沸,1
日到,1
狂霸,1
绷撑,1
灯亮了,1
钳口不言,1
问与答,1
担下,1
雷鸣般,1
周杰,1
加一球,1
当新,1
考证,1
快事,1
不白,1
口出,1
招请,1
顿大,1
搭错车,1
参上,1
秘密武器,1
虎毒不食子,1
冲拼尽,1
为时过早,1
邪路,1
食粮,1
慢步,1
即日,1
择日,1
哀歌,1
阿杜根,1
一蓬,1
衰草,1
八十万,1
读音,1
未卜先知,1
由根,1
关底,1
抢空,1
撒乱,1
自烹,1
大懒堂,1
在院,1
这辈儿,1
假肢,1
梦哈,1
无耐,1
重扣,1
想金盘,1
吞金,1
灶王爷,1
舅爷,1
神符,1
植树节,1
愚人节,1
重阳节,1
四湖,1
拦阻,1
神精,1
联防,1
盯人,1
协防,1
技中,1
当差,1
单吊,1
花烛,1
洞房,1
小小鸟,1
夫母,1
构画,1
会品,1
过入,1
常言说,1
会宅,1
症过,1
胡满,1
招人烦,1
乐而忘返,1
笑看人生,1
六得,1
七菜,1
八圈,1
人血,1
怵头,1
灵假,1
首批,1
喳喳,1
龙年,1
海拔高度,1
写封,1
伴奏带,1
拼吐出,1
救下来,1
里大起,1
烧杀抢掠,1
生意场,1
强借,1
城真,1
手数,1
有光愿,1
之路会,1
刮得,1
默德,1
清醒过来,1
默罕,1
真甜,1
词有,1
天里,1
缘来,1
缘轮,1
中莫,1
个路,1
从鼠,1
没借,1
感次,1
加得,1
重才,1
常青,1
边录,1
耶愁,1
登对,1
遍唱,1
别总像,1
别总爱,1
越狠,1
附加值,1
张人皮,1
防一防,1
念到,1
韵里,1
春意盎然,1
老为,1
演讲稿,1
引渡,1
布鲁布,1
听小白,1
浪淡定,1
航海王,1
满不在意,1
帅人,1
下一单,1
睡裤,1
辣子鸡,1
抵抵,1
彭彭,1
麦片,1
不去理,1
炸子鸡,1
店送,1
最怪,1
梁灏恩,1
冰快,1
麦成,1
罗浮宫,1
个礼,1
李牧谣,1
王福乾,1
比炸,1
妒忌心,1
证明题,1
瓦妮,1
曾试,1
你目,1
真炫,1
巡洋,1
能源危机,1
卡式录音机,1
家剑法,1
尤文图斯,1
法科,1
随尘散,1
巴罗萨,1
ボ,1
秒速,1
一百件,1
摩托艇,1
优步,1
乘龙,1
暴起,1
懒得动,1
中元,1
快餐店,1
太甘冽,1
单练,1
越动,1
天黑请,1
递减,1
秘史,1
巨齿,1
合不拢,1
切烟,1
阿柏怪,1
喝雪碧带,1
超梦带,1
胖丁爱,1
我得动,1
舞娘,1
订婚戒指,1
圈来,1
母时,1
富甜,1
新枪,1
枪体,1
散慢,1
拆合,1
计价,1
抓贼,1
李勋,1
腱子,1
肉帅,1
玉洁冰清,1
冰晶,1
蒙不上,1
舞台效果,1
初为人,1
天多高,1
沙枣,1
引起瘟疫,1
兆头,1
妈泽发科,1
摇跳,1
巴里,1
中鹿奇,1
少见多怪,1
邻国,1
路时,1
之影,1
扫摄,1
糖果屋,1
奥吃,1
歌好,1
编制成,1
第一抹,1
命题作文,1
洁洁,1
发浪,1
功夫过硬,1
研心,1
一见倾心,1
能秀别,1
货比得,1
哥放个,1
吴壹,1
货陪,1
含情,1
国产电影,1
南腔北调,1
湖结,1
吹袭,1
下不为例,1
金不做,1
录于,1
子太多,1
木地板,1
一千多公里,1
估不出,1
总价,1
忍辱偷生,1
太吊炸天,1
临沧,1
泸沽湖,1
保山,1
怒江,1
雨有,1
滴答声,1
适宜,1
吐气,1
如兰,1
销铄,1
花语,1
养起,1
1.3,1
棒呆,1
忙中出错,1
抗命,1
留出,1
徽墨,1
坦然自若,1
比流,1
黑太阳,1
黄昭山,1
惦念着,1
眷恋着,1
十里长亭,1
琼浆,1
薄暮,1
唱些,1
比想,1
分土和洋,1
进活,1
凸凹,1
泪雨,1
菜拉点,1
连风,1
风当,1
文化路,1
风城,1
多嘿,1
气象台,1
晃到,1
海景,1
还秀,1
打九遍,1
白鞋,1
绿化,1
鼓浪屿,1
第一轮,1
声伴,1
顶薪,1
听嘿,1
胡比,1
偷渡者,1
生存之道,1
杂着,1
徐慧,1
升化,1
像斯伯丁,1
刁蛮,1
棒旭哥,1
刺用,1
分区,1
小雍,1
音红,1
何年何月,1
助推,1
地长,1
石卉,1
当全,1
风之城,1
拼握,1
会过,1
王波儿,1
筑梦,1
万尾,1
东城,1
事倍功半,1
后防,1
讲述者,1
玉辉,1
黄旭曲,1
球擦,1
画暖心,1
满别,1
展望未来,1
金活,1
仍乐,1
张颂文,1
柯受良,1
有传,1
强心针,1
叫喊声,1
记个,1
抵扣,1
挫伤,1
邻,1
烧过,1
配戴,1
搂抱,1
有题,1
咖不死,1
五集,1
表链,1
韬魂,1
斗场,1
后卫线,1
感像,1
霍华德,1
电语,1
单就会,1
爱德华,1
裁纸,1
宫城,1
爱彩子,1
伴子,1
丝滑且,1
维斯基,1
奥神队,1
尤纳斯,1
摇出,1
三根,1
历史瞬间,1
追帽,1
人到中年,1
冯远征,1
狭背,1
谭市,1
找点事干,1
往北方,1
台鸥翼,1
埃文,1
塔多,1
最浦,1
梅奔,1
演省体,1
不后,1
赌颗,1
廖昌永,1
选召,1
差说,1
假烂,1
埋线,1
脚晃断,1
接嘴,1
泼妇骂街,1
水一洒,1
拉帮,1
结汇,1
辛巴过,1
宋词,1
没尿点,1
润唇膏,1
君子一言,1
身经,1
摆脱困境,1
几十步,1
拷住,1
莫法选,1
可飞,1
理抹,1
小本生意,1
爱发,1
铜牌,1
签投,1
新喊,1
测不出,1
音乐学,1
接是,1
词会,1
就会变,1
超常,1
红点,1
光闪闪,1
甄,1
嬛,1
传演,1
木偶剧,1
掏给,1
手拷,1
重能,1
停不像,1
只会涨,1
发动机盖,1
中队,1
三郎,1
泄曲,1
人队,1
弑神,1
巨狠,1
黑蝙蝠,1
起电,1
像奎迪,1
想放多,1
喝雪碧,1
春卷,1
抬价,1
高反,1
市值,1
给系,1
极限运动,1
我丝,1
程师,1
藤,1
最末端,1
情未了,1
几给,1
她纪,1
穿得帅,1
说放,1
值夜班,1
货才,1
艾发,1
艾几哈,1
停远点,1
揣够,1
体彩,1
艾卡,1
用句,1
잔,1
胜地,1
去染,1
臀大乳,1
真涛,1
曾今,1
普诺,1
历过,1
刚巧,1
咚起龙,1
起龙,1
法文,1
会显,1
入镜,1
坐一,1
坐聊,1
传热,1
布鲁士,1
单小艾,1
酒认,1
带钱喃,1
陪艾哥,1
人弟,1
醉克,1
像博,1
铁铁,1
卡伊,1
谈完,1
展露出,1
美涛,1
丞星,1
希望工程,1
冬训,1
尼加拉瓜,1
哈利法,1
越养越,1
到嘻哈,1
他守,1
只会记,1
慎入,1
多甜,1
看小艾,1
撞得响,1
放得爽,1
台步,1
戏当,1
王与败,1
我太急,1
证据确凿,1
第三张,1
穿厚,1
唐玄奘,1
韵母,1
口服心服,1
刚演,1
装纯,1
梅开二度,1
金文,1
姐当,1
煮蛋,1
煮面,1
姐来,1
开拿开,1
远有,1
不昏,1
袁阔成,1
评书,1
米哈,1
霸唱,1
鬼吹灯,1
吃荤,1
民巷,1
漏过,1
海王星,1
盛饭,1
慢快,1
不思上,1
先减,1
善信,1
劣币,1
洗脱,1
燥要,1
哨兵,1
国际歌,1
总爱碎,1
氨,1
腓嗒,1
酩,1
喝高,1
先讲,1
吃人不吐骨头,1
笨狗,1
儿烦,1
车篷,1
典狱长,1
染头,1
原声带,1
七楼,1
再来份,1
屈才,1
一人该,1
收心,1
鼓本,1
摆谱,1
警匪片,1
披头,1
油对,1
二府,1
庄里,1
赡养费,1
七十五,1
文景,1
刚愎自用,1
无财,1
思聪,1
四驱车,1
变大后,1
不认账,1
做烂歌,1
锅错,1
九度,1
加鲁鲁,1
当亲,1
合金装备,1
接泡,1
有龙,1
不跌,1
洽洽,1
雇佣军,1
钱堆,1
利益者,1
只记,1
指挥家,1
萨其马,1
气势恢宏,1
临溪,1
观鱼,1
深似海,1
命改,1
群鹤,1
拔山,1
VS.1,1
刚摘,1
下田,1
我买勒,1
拷茉儿,1
茉,1
VS.2,1
笔刀,1
阴德,1
四积,1
隔空静动,1
共话,1
进差斤,1
脸红脖子粗,1
滴人勒,1
风姿绰约,1
指揽风,1
名满,1
桑麻,1
聚顶,1
粗差,1
戊寅年,1
极妙鹤,1
武陵山,1
羽衣,1
三花齐,1
地瓜,1
草拟,1
直抒胸臆,1
地绕,1
看太俊,1
杀父,1
根葱装,1
上滴,1
受害人,1
工种,1
点射,1
鱼贩,1
诚惶诚恐,1
细润,1
闭一只眼,1
猜楚门,1
通晓,1
时要,1
驻唱,1
善感,1
进红,1
起花,1
凯撒大帝,1
群再,1
库要,1
乍一听,1
快拉起,1
头变,1
挥师,1
哈士奇,1
是子,1
中亚,1
空大,1
亏死,1
扫黄,1
有助于,1
聊些,1
你克问,1
逃过一劫,1
重遇,1
泡泡浴,1
绿忘,1
糖心,1
水晶之恋,1
征婚,1
登报,1
洗衣服,1
龙野,1
儿先亮,1
气迷心,1
狗烂别,1
没奶,1
充假,1
晚们,1
陈塘,1
莲蓬,1
单厚,1
高级技师,1
龙画凤,1
评为,1
和为贵,1
反对票,1
光伏,1
催钟,1
归公,1
她妹,1
一钟,1
毒龙,1
牙上,1
指划,1
直辖,1
老汉推车,1
边支,1
凑乎,1
门脸,1
开普桑干,1
香内天,1
儿订,1
海能,1
明儿个,1
咱给,1
送路,1
没拿香,1
活堆,1
完头,1
回楼,1
子来,1
大儿,1
槽子,1
青酱,1
子像,1
韬染,1
干嚎,1
蒿,1
小馒头,1
头炉,1
头伏,1
贴门报,1
纳百川,1
耐拿白,1
这领,1
龙大,1
恕报,1
不周,1
楼栋,1
盖布,1
披麻戴孝,1
童男童女,1
主家塞,1
穿装,1
姑奶奶,1
这白,1
三花脸,1
儿修,1
福为,1
那阵,1
百脑汇,1
人拉着,1
海光寺,1
研讨会,1
士林,1
是晓慧儿,1
装金,1
聘请,1
巨饿,1
兜接,1
沫儿,1
从二殡,1
迁坟,1
我表,1
大盼,1
卖盘,1
鲜货,1
张学良,1
初二,1
北麦购,1
划价,1
女诚,1
基楼,1
西开,1
焦黄,1
蔷,1
小江,1
滨江道,1
冐,1
东忠裁,1
那事,1
广月,1
光谱,1
越脏,1
盼家,1
赞赞,1
天一亮,1
内块,1
才动,1
能进,1
多大劲,1
娘娘庙,1
出狱,1
靓号,1
摆桌,1
官面,1
落赔,1
二百万,1
酒腻,1
度当,1
爱耐,1
西青,1
小淀,1
乳腺,1
刚够,1
郭嘉连,1
航班信息,1
打三蹦子,1
半扇,1
抽白,1
茶缸子,1
抗煤,1
七伞,1
他儿,1
丧葬费,1
码行,1
伞七玲,1
连长,1
天津人,1
忙乎,1
有小王,1
房本儿,1
噻哒,1
耐吃,1
不输路,1
还苦,1
边笑,1
咱边,1
破锁,1
坤车,1
曾常去,1
要化,1
轧钢,1
一厂,1
保卫科,1
杨少华,1
天车,1
工伤,1
精忠报国,1
芫,1
麦乳精,1
输牌,1
数赞,1
必要性,1
怂货有,1
灯不亮,1
两锅,1
维稳,1
虐猫,1
虐狗,1
马烂,1
混劲,1
寿桃,1
凯蒂,1
毛累,1
瓶宝,1
咸不龙乎,1
脖梗栓,1
粗粮,1
学么,1
养老保险费,1
关小让,1
正侧,1
带金劳,1
渤海,1
脖拐,1
有玩拳,1
玩跤,1
卫不,1
全麦,1
别装嘿,1
摄会,1
鳎,1
大秘,1
卜一卦,1
它告,1
叫行,1
油泥,1
伯德烧,1
罗格,1
来盒,1
敲破,1
老姑,1
摇有,1
磕板,1
吃拿卡要,1
腻子,1
活惹,1
锣到,1
莱格,1
脂膜,1
肥皂盒,1
小咦子,1
阿香婆,1
晚晌,1
提是,1
虚无主义,1
搬平层,1
身份证明,1
开班,1
旅游鞋,1
旅过,1
拘过,1
时脑,1
偏瘫,1
天士力,1
单刚,1
到校,1
加电窜,1
限宽,1
扫九地,1
偏单,1
无纺布,1
上下水道,1
展布,1
绷子,1
扫墓,1
巩俐,1
军粮,1
他妈学,1
民法典,1
他舅,1
杨学军,1
房成,1
小两口,1
津塘,1
我奏,1
不是味儿,1
他娘们,1
绿儿,1
风湿性关节炎,1
爸大酒,1
瘘,1
官腔,1
会时,1
病号服,1
玉玉症,1
直门独,1
食人族,1
笨巧,1
撬锁,1
许家,1
一网打尽,1
摆席,1
开篱,1
慢手,1
上庄,1
胡完,1
喝命,1
喝片,1
舒乐安定,1
白条,1
美人图,1
闭餐,1
讲凡似,1
特办,1
两千八,1
表蒙子,1
直犯,1
粘痰,1
天么天,1
对乎,1
我介,1
一卧,1
素什锦,1
黏糊,1
内俩,1
总接,1
三鲜,1
卤虾,1
食火,1
汞,1
我失,1
入栈,1
氢气,1
沉带,1
丁义珍,1
拼得,1
新起,1
之秀,1
可兵,1
蚩尤,1
中以,1
执法,1
没火够,1
同期,1
死者,1
多处,1
骨盆,1
骚过,1
修远,1
怹,1
漫其,1
苦劳,1
究其原因,1
别嫌,1
不悦,1
光色,1
溜边,1
旧历,1
补偏救弊,1
岛旁,1
秀丽,1
每棵,1
戏中,1
甘肃,1
难抵,1
老马识途,1
借水,1
惊世骇俗,1
拜服,1
无名小辈,1
一卒,1
一马,1
懒懒散散,1
满大闹,1
给养,1
先伸,1
四朵,1
提莫好,1
热得快,1
历劫,1
气绝,1
系死,1
防庇,1
糖蜜,1
旁瘫,1
不费,1
半日闲,1
偷得,1
月初,1
怪招,1
骗爷,1
产品包装,1
后期制作,1
嘟嘟囔囔,1
吹成,1
斜靠,1
解个惑,1
烟碱,1
翻卷,1
刺串,1
咧嘴一笑,1
揣好,1
拍别,1
炸特,1
缩缩,1
纳米级,1
来举,1
拧下来,1
哈哈大笑,1
爱住,1
拖过,1
斯库洛,1
程春博,1
梦姆爷,1
贝爸,1
太远要,1
素昧,1
生闷气,1
虔诚地,1
黄片,1
越野车,1
掏腰包,1
提莫牛,1
语气助词,1
火凤,1
加啥,1
孤老,1
复习功课,1
不渣,1
签望,1
天许,1
光太强,1
一墨划,1
泰然,1
无往不利,1
你秀要,1
弄长,1
连词,1
用二声,1
快牛,1
快押,1
吃个治,1
大手笔,1
关回去,1
煞币,1
得接,1
瞬刺,1
打枪,1
中十环,1
磁盘,1
改动,1
0.9,1
庄周,1
只道,1
多坎,1
叶公好龙,1
爵位,1
为权,1
亦庄亦谐,1
跌得,1
答话,1
养得,1
多大有,1
伸腿,1
雷翻,1
下前,1
图多,1
东面,1
红场,1
喷水,1
孺子可教,1
多差,1
第十年,1
笔顺,1
个装,1
审查,1
无料,1
儒教,1
紧紧张张,1
旁门左道,1
第七届,1
环境因素,1
疏松,1
自治区,1
刘娘,1
前夕,1
细席,1
虽小,1
标兵,1
北坡,1
柿子树,1
蓝来,1
五棵树,1
五壶,1
鹿箱,1
十五条,1
裤伐,1
广西壮族自治区,1
完好无损,1
而复,1
水会,1
酷寒,1
护栏,1
桌游,1
足智多谋,1
搓揉,1
慢得,1
乱起,1
周折,1
圆得,1
舞跳,1
炒波,1
多渣,1
养肥,1
太鸡贼,1
先斩后奏,1
念首,1
诗士,1
嗜狮,1
誓食,1
牌才,1
宠儿,1
搬动,1
抢块,1
比骚,1
拖到,1
明后,1
一计,1
不推迟,1
不断加强,1
挑遍,1
独臂,1
商业价值,1
木匠,1
墓葬,1
竞则,1
喧扰,1
尸试释,1
氏拾,1
视狮,1
十时,1
适十狮,1
适施氏,1
施氏视,1
矢势,1
适,1
石狮,1
侍拭,1
施氏始,1
试食,1
尸食,1
始识,1
实十,1
身手不凡,1
互斗,1
忘食,1
抓耳挠腮,1
征北战,1
毁天,1
坐视不管,1
四十二,1
部烂俗,1
赤血,1
飘离,1
牛群,1
牛瘫,1
积下,1
能秀得,1
所恋,1
根扎稳,1
拉小,1
一波逆袭,1
行着,1
埃里克,1
甸园,1
云集,1
始地,1
看辰,1
张人,1
瑟雨论,1
宫商,1
水昆冈,1
奖用,1
抉,1
于红发,1
战服,1
光子,1
之牙,1
斗舞来,1
人口论,1
快读,1
迷样,1
锐敏,1
直撞横冲,1
小黄,1
斯库络,1
射不到,1
标靶,1
太炸太炸,1
差练,1
牛人,1
成斗神,1
走窗,1
法身,1
保身,1
主有,1
良才,1
内省,1
褪尽,1
敲得,1
馆要,1
深度广度,1
华州,1
里浪,1
驱魔师,1
起兵,1
登尖,1
未败,1
不泡,1
朝云暮雨,1
灌饱,1
消闲,1
处大,1
吴说,1
天美得,1
衣衫不整,1
用杯,1
壩,1
場合弟,1
當哥兒,1
活太累,1
給你擁,1
愛能將,1
沒說過,1
失敗,1
酒伴,1
著淚,1
吞進,1
飄零,1
風中,1
搖曳,1
不該,1
愛的,1
流淚,1
要愛的,1
專輯,1
當他,1
老笔,1
儿出,1
沙鼻,1
短儿,1
车管,1
逛荡,1
树人善,1
欺马善,1
独孤,1
体魄,1
刹碧们,1
假必,1
购槽,1
装鼻,1
马乐个,1
挣气,1
为糙,1
已文,1
生氣,1
還愛它,1
感飘满,1
心内,1
家嘿,1
发傻,1
雨风,1
太撑,1
哀怒,1
作践,1
零零星星,1
挽着,1
喷淋,1
旧路,1
狂望,1
狂过,1
刘一,1
步升,1
杨树,1
三五十万,1
交学费,1
妈烦,1
最爱唱,1
短暂性,1
东至西,1
丫死,1
织措,1
挂表,1
罗曼,1
备货,1
飘去,1
地口,1
消火,1
快唱,1
助燃剂,1
情真意切,1
堆落,1
我护,1
每一词,1
依纯,1
一絲絲,1
沒人,1
意義也,1
許惡,1
許只,1
夢境,1
失聰,1
血當,1
發洩,1
發現,1
擺脫,1
他媽,1
從十到,1
零時間,1
鋒利,1
還得,1
痕跡,1
走過,1
水长,1
監獄,1
時代車,1
輪,1
絞肉,1
機有,1
抗絞肉,1
機用,1
之軀,1
兩面,1
戰勝,1
階級,1
給人,1
沒成,1
為將,1
藥物,1
軟弱,1
還能夠,1
一條命,1
起面,1
審判,1
心放脚,1
咱比,1
魔龙,1
马驴,1
骡,1
个脏,1
变太想,1
做个秀,1
装比,1
装飞,1
装横,1
全急,1
早得,1
柴骗,1
惹往,1
天只,1
連,1
離不開,1
升個級,1
這侵襲,1
再將,1
不流淚,1
結束,1
迷宮,1
沒實現,1
練,1
嚮,1
聽還,1
管什麼,1
問什麼,1
談請給,1
子彈,1
張卡有,1
唯单,1
太簇,1
吹冷风,1
果香,1
抽穗,1
西村,1
纺花,1
东港,1
上郁,1
政治立场,1
人风,1
唯真爱过,1
懂会,1
梦终,1
情一,1
王心,1
凌郁,1
路合替,1
韩红请,1
禾苗,1
冬麦,1
全看,1
柔柔的,1
如其人,1
精气神儿,1
有致,1
草书,1
韵味儿,1
蚕之头,1
燕之尾,1
蕴含着,1
一触即爆,1
发汪苏,1
周深轻,1
但轻,1
极圈,1
悠闲自在,1
细细的,1
周华健,1
浩宇,1
质淳,1
圣彼得大教堂,1
具疲,1
条船,1
烁,1
泪桥,1
谢岸君,1
谭海儿,1
王梓慕,1
王乐航,1
董凤超,1
过艾热,1
无所作为,1
四次,1
搞套,1
干干累,1
王解,1
爱而活,1
爱而生,1
翁小鹏,1
拳心,1
疯跑,1
嘻皮笑脸,1
方休,1
死方休,1
魂合,1
阿信,1
盛海,1
克力,1
曾否,1
志士,1
火凤凰,1
扬琴,1
卡龙,1
阿布拉,1
写错字,1
要勤,1
兴冲冲,1
轻舞,1
唱哑,1
会勒着,1
合才,1
姜育恒,1
飞请,1
黄义,1
不重,1
没求,1
崩过,1
溃嘿,1
李诗琪,1
章谋杰别,1
郑伟杰,1
未带,1
公害,1
钻破,1
神总说,1
静手,1
之人同,1
七只,1
两三杯,1
月落乌啼,1
还莫使,1
云自,1
水自闲,1
叶琼琳,1
还泪,1
执迷不悔,1
爱太美,1
秦歆莹,1
华宇,1
世博,1
赵一,1
胡瑀,1
避烦,1
江蕙,1
困身,1
女人真,1
抚伤,1
门墩儿,1
一德阁,1
墨汁,1
门廊,1
拓本,1
笔筒,1
撇捺儿,1
里炸出,1
五谷丰登,1
米仓,1
丰,1
掌柜的,1
红模子,1
儿心,1
早唤,1
绕不起,1
绕完,1
项目组,1
一爱,1
孤枕,1
张碧晨,1
不划,1
举证,1
有增无减,1
叶佳,1
章谋杰车,1
付付,1
常奕嘉,1
汤蕊,1
关冰效情,1
爱教,1
何忍,1
碾進,1
強壯,1
沙場,1
回血帮,1
佛牌,1
远飞,1
比醒,1
雪下,1
趁此机会,1
道破,1
淤青像,1
算爱,1
后半程,1
为梦里,1
偏蓝,1
别晒,1
我太热,1
渴不渴,1
美甲店,1
得纸,1
谎来,1
人受,1
这篇弹,1
离弃,1
唯迹,1
天配,1
엑,1
商用,1
违者,1
法律责任,1
海没人,1
李淘,1
补光,1
肖睿,1
驿,1
毛俊,1
青桔,1
两万五千,1
水锈,1
层峦,1
榜上有名,1
开陪,1
想作,1
别飞,1
太高别,1
愚昧无知,1
處理,1
視頻,1
達森,1
設計,1
最終,1
勝利,1
愛黃碩,1
遠離,1
不當,1
這口井,1
褲子,1
对敌,1
没办,1
板爱像,1
粉碎性,1
照入,1
点同,1
吸完,1
洗有,1
双手柄,1
密封,1
这首闻,1
终极版,1
领主,1
没蒙,1
回血,1
动好,1
从左往右,1
垂眸道,1
伤春悲秋,1
踌,1
戰死,1
六小和子,1
净水,1
六字,1
多咒,1
心咒,1
如濑的,1
哥去,1
钓钩,1
鱼愁,1
没急,1
门求,1
游望,1
吊钩,1
不吞钩,1
妹滴,1
蜜多,1
大悲咒,1
雲,1
自家门,1
红狼白,1
克耍,1
仔几得,1
几白克,1
河提,1
嗅大口,1
进点,1
那凯,1
五绝,1
言站,1
狮子吼,1
安栋,1
强加于,1
兴致索然,1
扳动,1
冲看,1
娃仔,1
起士,1
制定者,1
破命,1
地场卫,1
ょ,1
蛋卷,1
妖鸣,1
拨醒,1
早妆发,1
描眉,1
画角,1
不辞辛劳,1
心扰,1
祝发,1
身骑,1
慌里慌张,1
骂骂咧咧,1
难多大死,1
先试,1
无放鸽,1
带妆,1
无可置疑,1
痛手,1
来守,1
封地,1
真心诚意,1
隐者,1
不念旧情,1
泣下,1
之交是,1
错会,1
如雪,1
封山,1
更上一层,1
小情,1
贫尼,1
想給,1
玩壞,1
變態,1
惡存,1
獸心,1
叵測,1
險惡,1
正義才,1
選擇給,1
感覺給,1
消滅,1
淪陷,1
霎必,1
包圍,1
試煉,1
碩,1
信離,1
點是,1
近哥們,1
發不現,1
雜雜善,1
鈔票,1
閉上,1
深還,1
淺,1
考驗,1
危機,1
老練,1
你剎,1
先捆,1
鎖鏈,1
會慣,1
每一個,1
開想,1
說明,1
踏馬活,1
賤,1
接著變,1
踏馬學會,1
閃,1
面帶,1
這是給,1
誰還,1
愛呢,1
天鬥,1
地鬥,1
人鬥,1
畫貓,1
畫骨,1
最難,1
第二十九,1
著本,1
大門,1
臉上,1
著淚痕,1
衣錦,1
還鄉,1
踏馬,1
摳,1
許把,1
姬霸,1
僅有,1
別去,1
浪費,1
總會,1
昂貴本,1
還沒長,1
哥們,1
滋溜滋溜轉,1
有點臟,1
乾淨,1
安靜,1
氣場,1
一腦門子,1
兩只,1
渦,1
漩,1
換一張,1
螻蟻,1
花開,1
擔驚,1
擔心,1
罵,1
問我成,1
夠沒有,1
行屍,1
這麥克風,1
鏽,1
當這節,1
奏響,1
山頂,1
問問,1
過能,1
重來,1
花謝,1
嘩,1
錢花,1
時代,1
時代終,1
狂熱,1
這哥兒,1
延續,1
絕不客氣,1
揮不去,1
別離,1
瀟灑花,1
著握,1
味兒,1
這一塊,1
這幾個,1
這範兒,1
玩兒,1
還會,1
不愛我,1
人的關,1
先愛這个,1
厭煩,1
著鍵,1
電玩,1
灌籃,1
時常,1
逃離開,1
調侃,1
戲虐,1
滿西,1
聽著,1
地鐵,1
書,1
樓梯,1
成為,1
世紀,1
算得麼,1
團算盤,1
解不開,1
進帶,1
燃燒,1
暫,1
爺爺,1
臨,1
許在,1
犯過,1
愛繼續,1
這一筆,1
守護,1
拼盡,1
懲罰,1
活該,1
掏給,1
這下,1
事带,1
总坐,1
認他,1
陪您,1
见人珠,1
神成,1
金术,1
偷盗,1
逆向行驶,1
鼓足勇气,1
关把,1
孟姜女,1
千古绝唱,1
大秀,1
雷戴楼,1
七所,1
巍丽,1
植树,1
总用,1
步道,1
造物者,1
杨波,1
包放,1
腰伤,1
恩情,1
洋桥,1
孙思克,1
马明,1
克里斯蒂,1
亚诺,1
拉莫斯,1
马塞洛,1
鱼饵,1
臭有,1
容耀,1
人唱过,1
红写,1
指错,1
压好,1
能照,1
空愁,1
梦扬尘,1
调点,1
水潮,1
稻谷,1
莫嫌,1
烟割,1
喉钱,1
随江往,1
樟树,1
鹤舞,1
粉太烫,1
莫端,1
我子,1
莫装宝,1
气拌,1
换肉,1
我多调,1
于意,1
宇子哥,1
唱衰,1
撒涛,1
厚土卷,1
自在身,1
该醒,1
青年人,1
意多,1
豪别,1
打造出,1
快烧,1
录条,1
袁老,1
五挑,1
班会,1
滂沱,1
伸不直,1
半月板,1
星沃队,1
告退,1
共体,1
同舟共命,1
人各有志,1
尾流,1
爆改,1
零四个,1
键位,1
劈里啪啦,1
印别,1
胆大心细,1
概念化,1
钙片,1
杜冷丁,1
互食,1
谋权,1
技压群芳,1
纳粹,1
救回,1
纳税,1
请吃,1
NowaynowayMixbysuperdeepGraphicdesignby999%,1
未烧,1
壶里,1
服毒,1
良友,1
爬梯,1
位移,1
吸音,1
向心力,1
扮鬼脸,1
微生物,1
臭氧,1
基岩,1
狂涨,1
八斤,1
自食其力,1
挑低,1
歧义,1
号牌,1
转子,1
追先,1
那开,1
告败,1
提审,1
被告人,1
lowTPZ2.0,1
发育不全,1
上握,1
八九块,1
太扇,1
天就会,1
雪越,1
滑下,1
攻歼,1
异己,1
塔后,1
货请,1
国富,1
人物性格,1
要作,1
浮不躁,1
老说,1
剪过,1
结队,1
持诛仙,1
空气净化,1
计划周密,1
磕碰,1
烟叶,1
视如草芥,1
了度,1
笑生,1
太冰,1
渴盼,1
枕畔,1
当雾势,1
隐糜,1
雪絮一觉,1
尽过,1
自废,1
完嘿,1
当爱已,1
要会学,1
爱助演,1
照久,1
老灯,1
美誉,1
湖州,1
肚腩,1
未达,1
漫天大雪,1
能共渡,1
一人飞,1
宣示,1
山会,1
嘴开,1
麦早,1
非同一般,1
看不太清,1
城说,1
会射,1
下铺,1
下属,1
优等生,1
妙曼,1
过戏,1
存起,1
盆里,1
尖细,1
光中,1
都关,1
时画,1
浓黑,1
良心话,1
送张,1
汪呼,1
卢冠廷,1
温寒,1
而止,1
管閒事,1
钱纸,1
怎会知,1
没教到,1
自敛,1
至贤,1
诗言,1
体香,1
嫁祸于,1
很愁,1
熟记,1
亡命徒,1
拜偶像,1
移过来,1
演拓海,1
演藤,1
太当,1
二再,1
拜偶,1
临晨,1
报去,1
地关,1
美容院,1
但盖别,1
捡了芝麻,1
井水不犯河水,1
有恩有,1
性无能,1
背一人,1
拌点,1
过敏性,1
季楷,1
张铖,1
蒋明康,1
沈涌琛,1
过耷,1
岩魂,1
马儿跑,1
打得妙,1
读得少,1
八部,1
养好,1
狂要,1
挪不动,1
两码事,1
谈经,1
鼻炎,1
紧握拳头,1
太悲,1
套浪里,1
粉给,1
芙蓉区,1
德布,1
劳内传,1
王过,1
个节,1
青黄,1
啊呀,1
血湖,1
灭门,1
灭派,1
法事,1
码杂,1
酱码,1
星城绕,1
烟梦中,1
捕手,1
必烧,1
火来学,1
告幕,1
淋病,1
个荡货,1
粗去,1
盆当,1
游吟,1
正行,1
活款,1
若干,1
蜜夏,1
免税,1
魔兽争霸,1
那队,1
大雅,1
浑沌,1
道术,1
道符,1
三二一为,1
鱼游釜中,1
博派,1
解是,1
涂黑,1
BoringPt.2,1
泛空,1
绕雨,1
划成,1
凭直觉,1
伤才,1
胆壮,1
劈波斩浪,1
四处寻找,1
写烂,1
祛,1
休再,1
二把刀,1
闲言,1
要行,1
老先生,1
迎亲,1
拽了起来,1
手拉,1
砂土,1
忘别,1
糖人,1
微博出,1
说人善,1
老墙,1
配写,1
多一分钟,1
担负起,1
止痛片,1
几包,1
喊些,1
阿福,1
车多想,1
其调,1
好孜巴,1
测绘,1
紧促,1
孜巴瑞亚,1
报幕,1
会边,1
没吃遍,1
鬼来,1
我保,1
空做,1
画瓢,1
神来之笔,1
撒自,1
太污,1
没热,1
难想,1
几有,1
酸麻,1
葡萄园,1
急死你,1
老婆子,1
跑生意,1
货从,1
皮蹭,1
更本,1
球行,1
面门,1
拔断,1
火光冲天,1
亿种,1
太大盖,1
光若隐,1
某药妆店,1
先河,1
巡航导弹,1
子有,1
萨依巴,1
热透,1
挑唱,1
完气,1
每站,1
多耍,1
会酷,1
相互交换,1
讲会,1
病快,1
哎萨,1
依巴,1
转来转去,1
脚得,1
蹩,1
首治,1
所在之处,1
赛况,1
欲速不达,1
段柏翥富,1
频,1
追进,1
淅沥,1
声作,1
墙能,1
张洪量,1
陈子安,1
明子,1
林钰淇,1
程一诺,1
起合,1
烧要,1
冰掉,1
机才,1
幻妙,1
鲁格,1
邢一帆,1
自驾游,1
章梦芊本,1
当困,1
一万步,1
别念,1
交瘁,1
热潮,1
光灯,1
换些,1
乐句,1
确证,1
闪要,1
另眼相看,1
既逝,1
透射,1
幕下,1
黄彦,1
再归巢,1
颜玺瑞,1
谢妍,1
呐声,1
边贺边,1
来奏,1
一奏,1
如一,1
麦香,1
疆魂,1
悲王,1
发糖,1
越该,1
火炬手,1
照艾热,1
黄旭派,1
有王,1
总喊,1
连狗哥,1
愿安,1
愿散,1
入岁,1
多想演,1
民族融合,1
富鲁格,1
赵靖,1
思如泉涌,1
见照,1
有其父必有其子,1
毡房,1
一聚方休,1
老塔,1
白路,1
热夏,1
凯奏,1
一吉二顺,1
三开,1
小红书里,1
高订,1
茹克,1
仍能,1
饮食男女,1
探长,1
犹疑不决,1
省视,1
眼是,1
翻旧账,1
疏漏,1
蛮狠,1
速度慢,1
点得,1
查过,1
客到,1
化学元素,1
腐灼,1
而息,1
在册,1
快追,1
亚音频,1
诱骗,1
撇清,1
公开挑衅,1
爱偷,1
闭小嘴别,1
大撞,1
判错,1
余波未平,1
鳞伤,1
回报率,1
有产,1
越火,1
总脑,1
正因如此,1
减震,1
精网,1
日作,1
后同,1
北三环,1
明给,1
小香,1
别慌别,1
别丧别,1
几项,1
开可尔,1
赚破事,1
交火,1
参与感,1
当穿,1
肉摊,1
懒够,1
求输,1
浪味,1
内奸,1
滚同,1
多买,1
学区,1
少杠,1
拉卡,1
万办,1
配豪车,1
娃喊,1
早中晚,1
餐管够,1
美发,1
润肤乳,1
鱼虫,1
天山山脉,1
累瘫,1
手麻,1
毯拿满,1
刷剧,1
卤翅,1
船早,1
配巴花,1
看人下菜,1
裹布,1
阿仔,1
胶断,1
古董店,1
汤圆,1
摊阿仔,1
手影,1
念出,1
泥萍,1
立宪,1
赵耀,1
袁芷洁,1
易炙峰,1
陈秋吟,1
王禧萍,1
李洪臣,1
石板道,1
光洁,1
街貌,1
歌们,1
宋奎峰,1
扣好,1
入座,1
拉妞丑,1
场内,1
浇盖,1
停路,1
仔巷,1
攒个,1
马说,1
捂严,1
塔可来,1
张沐白,1
稀松,1
央视网,1
兑奖,1
叫秀要,1
电追,1
热玛吉,1
碳排,1
结石,1
撒泼打滚,1
感加,1
厚切,1
点满墙,1
贱够,1
走远露,1
张狗,1
收碟,1
脏球,1
巧只,1
哪够,1
叫立,1
情报战,1
臭架子,1
白艾福杰,1
变笨下,1
想了个,1
赖呱子们,1
真爱册,1
上录,1
由东向西,1
驶去,1
早下,1
特色美食,1
进想,1
订婚,1
勾脏,1
挥挥,1
脸木,1
哔们,1
下刚,1
壮潮,1
思唯麒,1
伴一,1
一琴,1
梨涡,1
朝拾,1
幽忧,1
直下,1
幽州,1
张颂,1
文戏,1
负人,1
毋人负,1
使君,1
操耳,1
驾良驹,1
自谋生路,1
怀志,1
一笛,1
然之叹,1
时势,1
怆,1
鸿门,1
有机可乘,1
便化,1
能化,1
银老,1
虽为,1
气中轻,1
白袍,1
锦缎,1
官绅,1
舞艺,1
席间,1
抬爱,1
蔑称,1
枕琴,1
莫再,1
我负,1
崩于,1
赦,1
断义,1
局限于,1
鹏,1
戕,1
大气磅礴,1
秦灭,1
释,1
愿协项,1
退居,1
收揽,1
声量,1
珍赏,1
那虞姬,1
之颜,1
亏得,1
时割,1
生疑,1
子沛公,1
董娴,1
深不可测,1
配谈,1
民众,1
平乱,1
象识,1
我民腔,1
光合,1
割据,1
燃碎,1
鹤唳,1
构创,1
于心不忍,1
叹任,1
传奇一生,1
搭路,1
强拳,1
无多言,1
整没,1
但富,1
由衷感谢,1
傅立叶,1
你诉,1
东航,1
道德风尚,1
工行,1
我记,1
被拉出,1
没多想,1
黄黑,1
他法,1
游回,1
应用,1
打灭,1
重点高中,1
幂,1
有所不为,1
怪直,1
素食主义者,1
网红富,1
中二地,1
竟不像,1
拿定,1
从宁姆格,1
福到,1
利德,1
五六分钟,1
晶晶亮,1
叮当猫,1
里频,1
临乓啷,1
防水,1
傅园慧,1
高知,1
于贞,1
没真,1
获得成功,1
枯燥乏味,1
宁折,1
有咏者,1
咏者,1
从见,1
问俗,1
闲卧,1
或己,1
悲有,1
仪貌,1
节气,1
一色,1
林中鸟,1
段怡亭,1
钱匣子,1
高峰期,1
难立,1
问询,1
向天笑,1
贞,1
包背,1
艳羡,1
选段,1
大任,1
缓神,1
谭嗣同,1
张德龙,1
行如风,1
帮衬,1
羞于,1
言表,1
随年,1
湉,1
大赦天下,1
泪害,1
熹东,1
浩然正气,1
看念家,1
战便,1
冤冤相报,1
唯吾独尊,1
为国为民,1
为友,1
邻不分,1
空谈,1
懊着,1
盗匪,1
林隐,1
三起,1
必再,1
外围,1
好马,1
淡管,1
侠情,1
春色满园,1
情断,1
轻叩,1
如风影,1
随形,1
不太中,1
与义,1
身体力行,1
同道中人,1
背地论,1
辞亲,1
荡荡,1
去国,1
且厉,1
侠气,1
先天下之忧而忧,1
后天下之乐而乐,1
上论,1
短避,1
湖海,1
无问,1
输就别,1
干果,1
吃太多,1
无名之火,1
蹵,1
秘,1
冲锋衣,1
耸耸,1
炎凉世态,1
微曲,1
当匹,1
识途,1
润喉,1
春光明媚,1
一哼,1
率性,1
所思,1
谈兵,1
能身,1
世修行,1
优秀作品,1
换求,1
动以,1
当临,1
绝顶,1
中隐,1
躲入,1
古今中外,1
韩旭,1
回梦里,1
那至,1
悲至,1
喜来,1
只字片语,1
赖上,1
梦立,1
挥墨,1
相惜,1
不染尘,1
身灯,1
夜乐,1
那尘,1
后才品,1
观路,1
静养,1
越剧,1
双珠凤,1
何赛飞,1
反复强调,1
雅俗,1
这戏演,1
犬儒,1
惊恐万分,1
渐露,1
养性,1
碰得,1
同上,1
一哄而上,1
交欢,1
渔翁之利,1
战斗服,1
它堪,1
请等一下,1
没厘头,1
新起点,1
硬能,1
发下,1
片地,1
面向世界,1
年,1
洞,1
倒戈,1
表面现象,1
来博,1
患难见真情,1
半壁河山,1
竖子,1
纤纤玉手,1
要金,1
陪君,1
风探,1
川北,1
随浪品,1
艳美当,1
苏轼,1
萧瑟处,1
也无晴,1
覆手,1
云和雾,1
淡如萍,1
昏天,1
汉帝,1
羽书,1
晒表晒车,1
作于,1
二零二零年,1
三十一日,1
十一时,1
至二零二零年,1
五时,1
张证,1
至雨初,1
下人,1
设出,1
为圈,1
爹味要,1
许都,1
过洋,1
倒钩,1
香臭,1
快拉好,1
早七到,1
艰,1
我夜,1
大两格,1
试营业,1
考神,1
考勤,1
死歹,1
势能,1
他歌,1
基本国策,1
远大前程,1
欧亚大陆,1
普天之下,1
想置,1
女人帮,1
送进去,1
秋招里,1
一决,1
废物利用,1
博看,1
笔试,1
胃肠,1
僵掉,1
没妆造,1
来合,1
装笑,1
四加,1
叫母,1
后交,1
抖脚,1
不撞衫,1
付得,1
推算,1
榔子,1
互相攻击,1
叫个不停,1
掉线,1
狼多肉少,1
天不渡,1
信仰危机,1
上段,1
走野,1
危险物品,1
先礼后兵,1
地赖,1
姜杉,1
长尾,1
体育竞技,1
丘吉尔,1
养颜多过,1
变硬,1
嘻哈坏,1
七押,1
心理健康,1
抛物,1
飙出,1
赏析,1
错中,1
揭榜,1
已输,1
休太多,1
这军,1
头条新闻,1
大张旗鼓,1
怎能说,1
促,1
耳目,1
一惊,1
纵情歌唱,1
能关,1
汗腺,1
混微,1
弱水,1
快输,1
期钱,1
管里装,1
我共情,1
挤下来,1
专区,1
新组,1
扯不上,1
家白,1
美穿,1
马向前,1
全写,1
有雪有,1
树太多,1
心静如水,1
住空,1
我晕开,1
动脉血,1
狂兆北斑,1
感人肺腑,1
这不太,1
吸光,1
币外挂,1
反义,1
手提,1
旱死,1
不生,1
中甸,1
我太醒,1
过云,1
平局,1
缤纷多彩,1
农作,1
闪晕,1
轻俏,1
很脆,1
几字,1
表才,1
玉簪,1
再记,1
房上,1
完网,1
课该,1
带件,1
减压,1
店家,1
现榨,1
柠檬汁,1
谢子,1
通教,1
雪到,1
越来越低,1
玄幻,1
总许,1
第二面,1
哈尔,1
吉伦,1
伊利诺伊,1
嗓配,1
有利有弊,1
钱会愁,1
全意,1
接够,1
赢输,1
射日,1
光帮,1
抑云,1
抛出来,1
接想,1
野长,1
狂爱热,1
海变,1
吸得,1
专供,1
粉身,1
键旁,1
这牌,1
手拿起,1
美东,1
信托,1
十八颗,1
祛痘,1
毛辣果,1
威逼利诱,1
帮像,1
搭好,1
隆多,1
多一倍,1
勤能补拙,1
骤止,1
各谋,1
疑是,1
茶色,1
干白,1
肯尼迪,1
干红,1
刘谦,1
签会,1
灵隐寺,1
佛像,1
看主播,1
周要,1
信战,1
权威人物,1
非亲非故,1
批判性,1
灵长,1
简化,1
最黄,1
主叫,1
问人设,1
二百一十,1
聚几,1
礼遇,1
过弯太急,1
购买力,1
购买欲,1
假币,1
当今世界,1
别黑,1
怒火中烧,1
绿色通道,1
直肠,1
彻面,1
重做,1
查克,1
比水多,1
学乖,1
菲佣,1
雇个,1
能安眠,1
儒将,1
选重,1
吃干饭,1
警灯,1
绑架人质,1
殉道,1
流食,1
熊市,1
电梯门,1
火灾现场,1
我队,1
不露,1
不令,1
震裂,1
重混,1
三片,1
单面,1
神秘兮兮,1
道馆,1
事围,1
掩护着,1
他会来,1
驯鹿,1
过下,1
总隔,1
照不进,1
圆谎,1
偷开,1
这成,1
春游,1
差来,1
之多,1
见后,1
无框,1
刚谈,1
妆前,1
威吓,1
洛克菲勒,1
会刚,1
电影剧本,1
入乡随俗,1
东八,1
行规,1
蠢怕,1
心落,1
错序,1
脑里装,1
跌幅,1
波痕,1
面云起,1
云起,1
寄错,1
玻璃纸,1
光外,1
不一会,1
叛乱者,1
没转,1
到触,1
二十五个,1
首周,1
坐视不理,1
嘴嘴,1
小莫嫌,1
洗来,1
越小莫嫌,1
雷劈,1
连条,1
九年制,1
算学,1
唯物主义,1
太不上,1
印再,1
第一二,1
单注,1
充进,1
我刷,1
编不出,1
国库,1
善念,1
下和桌,1
价看,1
罐大,1
明君,1
直火上,1
困死,1
侵吞公款,1
太善,1
别上,1
六百六十,1
阅读写作,1
运动会,1
成若颖,1
协办,1
徐灿,1
得倡,1
趴会,1
同个赛,1
没疤,1
践卓卓,1
都斌,1
巨物,1
防得,1
人顺,1
这散,1
啁,1
这口儿,1
逼问,1
连阴雨,1
断头台,1
城得,1
直要,1
加麻加,1
吉拉,1
泰哥,1
傍边,1
板桑,1
耐操,1
酷路泽,1
卖药,1
跳来跳去,1
赶赶,1
硬物,1
澡堂子,1
胡去,1
正美想,1
姑姨,1
算隔,1
看内个,1
儿祝,1
一屉,1
我假,1
趁人之危,1
窝儿,1
实处,1
肥哥,1
身强力壮,1
可坏,1
客客气气,1
钢刀,1
娘考,1
考不到,1
英文字母,1
物理化学,1
特好,1
特饱,1
耍心眼儿,1
舞刀弄枪,1
缺乏营养,1
六十三,1
面七,1
两眼一摸黑,1
寒士,1
丫一,1
天选当,1
稳足,1
龙心,1
稳中求进,1
大庇,1
嘴脏花,1
睡见,1
装腕,1
狠管,1
能配,1
取得联系,1
顽主,1
赌是,1
威穿,1
爹别,1
脸聊,1
装可装,1
没样,1
那帮光,1
爸光,1
猴耍,1
挣巴,1
领操,1
壮张,1
浑身是劲,1
必胖,1
脸堪,1
挤入,1
亲对,1
塔儿,1
找软,1
累站,1
多大当,1
该办,1
学金剑,1
被誉为,1
牛逼大,1
跑别,1
健力宝,1
下三路,1
飞虎,1
踢踢,1
母鸡,1
梳俩,1
揪子,1
妈光屁,1
贾樟柯,1
腹产,1
罗纳尔迪,1
我锤过,1
家电,1
软帮,1
听酒,1
蒙子,1
坑顶,1
马海昕,1
安红,1
绕安红,1
灶子,1
血压高,1
倾落,1
大锁,1
绝咯,1
梦发,1
平白无故,1
掩藏不住,1
戏水,1
一男,1
装盒,1
倒拔,1
轨里,1
麦是,1
专业性,1
第四节,1
周卓烦,1
列子,1
倒个,1
暴来,1
求来,1
物理学,1
剑哥,1
倾囊,1
七进,1
你算见,1
帮敢,1
拼敢,1
兵王,1
惊惶,1
大流氓,1
作浪兴风,1
兔死狗烹,1
低姿态,1
塔力般,1
干级,1
色眯眯,1
批股,1
搞嗦,1
听嗦,1
矛骗,1
这污,1
必死,1
一撞,1
密玩道,1
太多受,1
陈思睿,1
骚迷,1
肯否,1
大沙,1
咋花,1
排除异己,1
白对,1
乔,1
仍生,1
爱肉,1
洁净,1
山东人,1
各活,1
县里,1
大省,1
卖菜,1
垃圾站,1
大城,1
硬内,1
束手就擒,1
踢打,1
廖笑,1
能摊,1
钟秒,1
轰倒,1
充饱,1
踮着,1
塔图,1
濛,1
洋红,1
后能,1
吞碳,1
当务之急,1
人墙,1
会晕,1
穿云剑,1
云天空,1
如梦如幻,1
轻拨,1
行如游龙,1
世在,1
赵兴宇,1
抓不紧,1
志琪,1
张丰禾,1
我游,1
靠枕,1
英语课,1
有别,1
多韵,1
体弱多病,1
旭日升,1
新航,1
总盼,1
快攒够,1
小赤,1
印义,1
非同,1
写声集,1
脑死亡,1
糖尿病,1
至亲,1
偷闲,1
肃立,1
当弟,1
受点,1
累先,1
横拍,1
一胜,1
拨乱反正,1
真不大,1
多人装,1
装像,1
处着,1
矿金句,1
原油,1
长心,1
堵腔,1
杂牌,1
一小撮,1
真不怪,1
别彬,1
仁礼,1
一板,1
两板,1
妈学,1
中餐厅,1
自负盈亏,1
我放个,1
没谱儿,1
吝,1
要太多,1
别受,1
奇效,1
没白吝,1
越像,1
大用,1
丢钱,1
浑蛋,1
alwaysno.1,1
七串,1
借网,1
贷能,1
白嫩,1
买潮牌,1
装逼办,1
家办,1
买口,1
气请,1
再办,1
这双,1
迪卡侬,1
蹲下去,1
女童,1
远视,1
六串,1
五串,1
四串,1
谢罪,1
手放枪,1
没权,1
第二篇,1
缘自,1
身挂,1
装邪,1
愧介忘别,1
三串,1
验对,1
客过,1
词霸,1
不忪,1
惺,1
二串,1
爽范儿,1
崩一锅,1
孤烟载,1
未深,1
你妆发,1
野鹤,1
闲云,1
两袖,1
观朝,1
点墨,1
荒滩,1
人欲,1
问鼎,1
金戈,1
青龙刀,1
下华雄,1
曲高,1
寡词,1
一隅,1
春水,1
涉水,1
江小,1
情操,1
交合,1
直尺,1
用小白敬,1
太盛,1
不太正,1
不太深,1
贵连恨,1
百八十,1
张驰度,1
论前,1
完成度,1
顺昌,1
逆亡,1
这四字,1
看命,1
案头,1
宅前,1
箪食壶浆,1
文思泉涌,1
处世之道,1
莫逆之交,1
官兵,1
中向天,1
随礼,1
其宗不离,1
万变,1
恩当以,1
报而,1
别太冲用,1
覆舟,1
洞明,1
练达,1
妥善处理,1
舶,1
自美,1
赏孤芳,1
狼尾,1
掀来,1
翱翔天空,1
墨手,1
之心命,1
心记,1
游仙,1
游宦,1
一球,1
闲鱼,1
未进,1
娄鑫磊,1
拉出,1
别家,1
形影,1
有条不紊,1
这破命,1
百说,1
我贝,1
我兴,1
回舟,1
藕花,1
老僧,1
蛙声,1
出争,1
栽满,1
松柏,1
万般无奈,1
第二年,1
春来,1
苔痕,1
心够,1
信汝不,1
人中凤,1
四海升平,1
尽晚,1
常记溪亭,1
太熟,1
如梦令,1
谈今论古,1
盛暑,1
言欢,1
青冥剑,1
飞马,1
疆边,1
AirplaneFreestylePt.3,1
普世,1
咏,1
更活,1
壁橱,1
摹仿,1
制高客,1
开元,1
配嚷,1
花晨月夕,1
长江黄河,1
侣,1
全为,1
占昕,1
郭姿涵,1
若琦,1
弹拨,1
热夏提,1
石芮,1
千万重,1
山淌,1
山岳,1
栖生,1
人美,1
趁人危,1
生居,1
久居人下,1
追思,1
下段,1
已定,1
载阳,1
5%,1
比表金贵,1
霎时间,1
找不清,1
戴绿帽,1
潘卉琦,1
张岑皙,1
气雾,1
雾能,1
那欲,1
纱帘,1
一叙,1
无多求,1
填欲用,1
能传,1
抓住机遇,1
神识,1
权位,1
歌似,1
我部,1
既个,1
重带,1
电狗,1
越电越,1
要经,1
得利,1
功能强大,1
碎装,1
几等,1
某过,1
雷稳,1
边位,1
全铜,1
riptokobebutimshootinghunnitinthisbissshhuh16barswhenitakepisshuhtwotonewatchwiththevvshuh3.5,1
几妙坡,1
屎尿,1
重慶大廈,1
喪,1
櫃度,1
鎖住,1
無人,1
阻住,1
彈射,1
滷,1
是將,1
源源,1
不絕,1
既口靚,1
深港,1
兩地親,1
多倫多,1
畫只,1
龜,1
哈特,1
菜花,1
切个,1
飞回去,1
活得活,1
开悟,1
土装,1
用装,1
楔,1
蒙红,1
篮大,1
侵略性,1
酷男,1
对龙人,1
鼙,1
弄完,1
埃森,1
盟军,1
科罗纳,1
爹来,1
爽死,1
贩,1
令人惊叹,1
收伤,1
freestylept.1,1
不以己,1
翘尾巴,1
光阴如箭,1
没人配,1
凤鸣,1
能防,1
转合起,1
干笔,1
纷杂,1
freestylept.2,1
剌,1
说练,1
保險,1
地羅住,1
系新,1
李明宇,1
到邊,1
假脸,1
起涯,1
罗钻拳,1
老鸣哥,1
梅超风,1
赚离,1
难算,1
别流,1
回航,1
背囊,1
打团战,1
变泰迪,1
弹爆,1
实体店,1
惡去,1
個樣,1
機講,1
遊戲,1
啞鈴,1
銀紙,1
仔買,1
包萬寶路,1
俾面,1
考过,1
當我返,1
同司,1
葵興,1
帶條,1
食壽,1
兩年,1
嚇,1
瀨,1
狂射,1
韩语,1
住黎,1
出入境,1
变阴,1
海哥,1
极限点,1
再录,1
完天,1
莫敌法,1
曾祖父,1
亲弟,1
算名,1
变线,1
只勞,1
我盤,1
數果,1
廢西,1
邊條,1
缘法,1
上托瑞,1
托瑞,1
欧尔,1
我浪个,1
靓野,1
老泥,1
不玩真,1
发干,1
一统天下,1
冰当,1
闪爆,1
柴烧,1
火耀,1
白录,1
一个一个把,1
太高去,1
比灯,1
逃到,1
英迹,1
萨普,1
牙祭,1
拉不拉多,1
产自于,1
整哈,1
奴燃根,1
五小只,1
开合,1
发根,1
摇吓,1
查资料,1
我汉庭哥,1
恶有,1
刀棍,1
恶中,1
控再,1
后患,1
摇点,1
段誉,1
村边,1
过艺,1
吹打,1
莽莽撞撞,1
这梦里合,1
海贼,1
点里,1
力伴,1
伙会,1
谭谈,1
不骑,1
思密达,1
骑民,1
康师傅,1
黄田坝,1
没化,1
无量山,1
计取,1
柳梢,1
虐心教,1
疯有,1
社保,1
留校,1
一灰给,1
男儿本色,1
防爆,1
室妹,1
遮下,1
塞恩博,1
超雄,1
综合症,1
忘根,1
解绳,1
娃光,1
走不近,1
刺角,1
四五道,1
我烟,1
咸烧,1
弟娃瓜,1
就口,1
雕轮,1
子连,1
麻拿个,1
群烂眼,1
我泽哥,1
踮脚,1
下节,1
各论,1
一夺,1
洗用,1
问马水,1
倒爷,1
三十几,1
白炽灯,1
同度,1
事不受,1
鹬蚌相争,1
化酒,1
新约,1
喻为,1
村童,1
红帐,1
儿媳妇,1
尤带,1
跪于,1
这堂,1
窗沿,1
中泪,1
红枣,1
桂圆,1
许配,1
娟秀,1
辛巴想,1
敢怒敢言,1
死死地,1
能言善辩,1
为虎作伥,1
蒋门神,1
掌门人,1
双刃,1
一曲阳关,1
路有冻死骨,1
顺便去,1
围困,1
冠冕,1
陈柔冰,1
调成,1
刺痛感,1
笑容可掬,1
人悚立,1
追问到底,1
娟,1
是秀娟,1
一柱,1
祠堂,1
良时,1
吉辰,1
戏班,1
一拜天地,1
目光如炬,1
只闻,1
红盖,1
如泣,1
何去,1
二拜,1
僦,1
说此,1
甚好,1
其价,1
喧笑,1
红缎,1
凤冠,1
那喜服,1
风秀娟,1
列宗,1
何患,1
无子秀娟,1
困守,1
讳,1
不言莫谈,1
托带,1
越燃,1
残云,1
转东,1
爆竹声,1
脆响,1
怯怯,1
耳房,1
条路本,1
这果,1
浮驶冬,1
脚镣手铐,1
赵薇,1
和切,1
伙到,1
闯踏马,1
一十七,1
学退,1
听勒些,1
卷头,1
好换,1
输新,1
空少来,1
寸照,1
重感冒,1
头地,1
汉儿,1
于嘉萌于,1
学大狗,1
拓土,1
上药,1
财话,1
白太多,1
很涩,1
赔起,1
节能,1
窗买,1
供电,1
暖气片,1
咬定,1
穿多大,1
沉井,1
同体,1
修下,1
不候,1
喝雪,1
弃成,1
板管,1
起冲,1
升舱,1
日眼,1
撑大,1
手哑,1
扮亮,1
邮址,1
解少,1
成彩铃,1
再纹个,1
剩有,1
奇花异卉,1
论者,1
能进球,1
第九人,1
你面,1
戏嘛,1
怪米,1
先记,1
四颗,1
两周,1
栀,1
乐上,1
买豪,1
铁红,1
主宰者,1
兰到,1
乱发,1
我松,1
样肤,1
转表器,1
利兹,1
写份,1
看肉,1
喊庚儿,1
财要,1
必有路,1
用品,1
滴油,1
五牛,1
梳哈,1
他凉,1
很红,1
虼蚤,1
张国宝,1
锑,1
锅够,1
蟮,1
橘要,1
没乔克二,1
傲起,1
单约,1
孝感,1
成沙,1
歌烧,1
天罚,1
玩不来勒些,1
挡位,1
顶下,1
我拉爆,1
点串,1
每脚,1
凯迪,1
歪过,1
条蛇,1
水渠,1
爱车,1
香片,1
骑雅迪,1
是范,1
爆酱,1
改得,1
深田咏美,1
仇杀,1
没约,1
九价,1
戏到,1
阿泽在,1
我睬,1
企得,1
再遇,1
黄些,1
捞面,1
通线,1
柒头,1
琴日条,1
腰骨,1
干七儿,1
蚕蚕儿,1
本够,1
做八双,1
不敛,1
抓蛇,1
沙特阿拉伯,1
电棍,1
拉运,1
啤水,1
边旋,1
刘大,1
猪肘,1
千与千寻,1
起桩,1
渣车,1
准罗翔,1
杜老,1
热热身,1
张万森,1
取做,1
包丽春,1
麦昆,1
拥兵自重,1
痛定思痛,1
过往即逝,1
旷达,1
左肋,1
残伤,1
半毫,1
步数,1
屋辛巴,1
军事基地,1
坚忍,1
余悸,1
杂陈,1
条明路,1
一堂课,1
躲躲闪闪,1
硝烟弥漫,1
决一死战,1
重连,1
会死定,1
文静,1
防反,1
首场,1
连中三元,1
天下扬名,1
号码牌,1
炸丸子,1
主菜,1
牛尾巴,1
钱带,1
别不太,1
读图,1
主教练,1
小将,1
值排,1
主客场,1
入目,1
书墨,1
后快,1
人早,1
蒙受,1
重奏,1
蒙尘,1
拓,1
乡活,1
有念,1
旧像,1
指隙,1
纸絮,1
崎岖不平,1
烫平,1
十手,1
多纳,1
势单力薄,1
元帅,1
暗杀,1
还出,1
冲击性,1
莲湖,1
百货店,1
原貌,1
凑够,1
企盼,1
有盏,1
一斑,1
全豹,1
招藏进,1
成茧,1
彻别,1
家抗,1
过念过,1
过不散,1
过不换,1
不能允许,1
陈李,1
壮行,1
三叉戟,1
新愁,1
样当,1
痛补,1
军衣,1
补不上,1
我枪,1
补过,1
应变,1
富于幻想,1
洗练,1
努力实现,1
江灯,1
流萤,1
遥忆,1
楼亭,1
窗幔,1
望断,1
冰独,1
从属,1
攻坚战,1
算哥,1
冬不惧,1
肩后,1
黄像,1
折碎,1
独怯,1
风去,1
信雪,1
陡壁,1
烟柳,1
有怯,1
苏飒,1
风雨沧桑,1
装枪,1
两方,1
靶场,1
君未,1
扁舟,1
天共色,1
朱贯,1
闯出去,1
春笋,1
针管,1
读者,1
圈下,1
纸砚,1
不自量,1
高山峻岭,1
若终,1
落尽处,1
宣笔,1
解说员,1
段暄,1
萨萨,1
锋线,1
余韵,1
生具,1
地雨人,1
排核,1
松本,1
讲雨,1
更具,1
词系,1
却系,1
霖,1
淋住,1
猴住,1
酸雨,1
冒住,1
落住,1
擘,1
鲁豫,1
自焚,1
时学,1
归直,1
当口,1
増,1
西凤酒,1
秦鼓奏,1
狼图腾,1
如风大秦,1
声不绝,1
风不灭,1
队魂,1
秦敬,1
秦高,1
奏凯歌,1
外望,1
盈缺,1
小胡,1
附二,1
东北侧,1
关中平原,1
生冷,1
我续,1
秦将,1
客乡,1
单上,1
被拉去,1
监护室,1
荡涤,1
核磁,1
悠游自在,1
藏经阁,1
喧杂,1
若冰霜,1
传闻中,1
才情,1
百鸟朝凤,1
秦人,1
秦腔,1
住院部,1
路带,1
执念藏,1
换行,1
已损坏,1
之于,1
秋去,1
春归,1
霁,1
中见,1
冰魄,1
好汉歌,1
输液,1
六神,1
瑞典,1
扑动灯,1
下读,1
表慢,1
一百单八,1
包站,1
深壑,1
藤桨,1
任劳任怨,1
富家,1
行方便,1
汤面,1
封箱,1
悬溺,1
以供,1
令人生厌,1
炮萝莉,1
敌亦友,1
分着,1
三寸不烂之舌,1
武打戏,1
相声界,1
赋有,1
遮光,1
冷帽压,1
外看,1
跟腱,1
花期,1
相互理解,1
聚众,1
可错,1
高考作文,1
悦来,1
小五郎,1
索尼克,1
症到,1
那美,1
祸国殃民,1
灵境,1
嫁祸,1
当耳旁风,1
富会,1
那食,1
暗藏杀机,1
良久,1
兔头,1
拍爱瞎配,1
酒瘾,1
球看,1
威少场,1
四面受敌,1
断层,1
光良,1
选辛巴,1
辽兵,1
过墙,1
先亡,1
挥斥,1
方遒,1
无福消受,1
车辙,1
多缠,1
天轮,1
首轮,1
八满,1
猎取,1
腥风,1
饮冰,1
难凉,1
太多负,1
别心,1
超值,1
那干,1
二选,1
世界大同,1
现行,1
异见,1
锣鼓,1
遁形,1
眷养,1
勒痕,1
绳网,1
车有,1
第十三,1
仿如,1
拥攘,1
遁藏,1
雨幕,1
负增长,1
雨落声,1
终场,1
鼓加,1
婚房,1
呐为,1
单行线,1
泅渡,1
登榜,1
灰黑色,1
吊上,1
打炸,1
蒂固,1
能化成,1
心里有底,1
强暴,1
意见分歧,1
坚持己见,1
祖力,1
买个纪,1
席梦思,1
顶韬哥,1
爱炫,1
基础代谢,1
袍子,1
当抗,1
上标,1
狂开,1
成没能,1
这不急,1
区戾,1
参合,1
自动档,1
早忙,1
权钱势,1
孝敬父母,1
皮层,1
医学家,1
脑补别,1
过题,1
青春岁月,1
张世鹏,1
孔洞,1
修容,1
桑玉泓,1
敲上,1
塔克拉玛,1
咖啡粉,1
妙妙屋,1
团结起来,1
冠郡,1
抖搂,1
脑亮,1
手吹,1
大密,1
密黑,1
瓦萨琪,1
棚顶,1
放炸,1
黑老大,1
宋旻浩,1
邢书,1
染湿,1
游要,1
戳伤,1
心堵,1
你迫,1
柴窝堡,1
沙生,1
毛坯房,1
税务,1
狼爷,1
波斯顿,1
偷回来,1
摆样,1
懂爱,1
瓢虫,1
位酿,1
忏悔录,1
宣传片,1
没撒大,1
维药,1
催账,1
肥肠,1
人蹦到,1
第一线,1
别变,1
德里奇,1
王老师,1
农业厅,1
闲隙,1
先驱者,1
多亲,1
面可,1
靠谱些,1
小熱,1
贵时,1
唱时,1
听当,1
手球,1
获原,1
停多,1
近几年,1
一缩,1
走哈,1
这锅,1
蒙头,1
发小像,1
不放低,1
迪里拜尔,1
用查,1
黄金矿工,1
懂切,1
达斯坦,1
这一单,1
氮,1
收两,1
德克士,1
每期,1
儿伊力,1
后显,1
四台,1
交托,1
耐人寻味,1
郑翰文,1
沈炳,1
地窝堡,1
反黑,1
李冠恒,1
上万倍,1
投屏,1
我连命,1
吐点,1
逝之人,1
小丝们,1
谢都会,1
豪为,1
宇舶,1
笔会,1
要你管,1
打字效率,1
发钱,1
脸量,1
人鸟,1
惹恼,1
刘亨,1
契卡,1
这袋,1
起卡狗,1
中纸,1
玩导子,1
苗子,1
当惯,1
日巴,1
虐白,1
宝皮,1
四万,1
表柜,1
好几块,1
润色,1
做何,1
全帮,1
壓馬路,1
兒秀,1
鑰匙,1
出大錢,1
機遞,1
起牌,1
輸得,1
起見慣,1
大場,1
面心頭,1
不慌撒子,1
超必須,1
級排,1
排必須,1
澎,1
表低,1
給妹,1
掛再,1
家务活,1
學到,1
純金,1
大花臂,1
雅酷,1
墨鏡,1
車上,1
覺,1
還沒醒,1
公室,1
報道,1
就掛,1
懶得理,1
動車,1
起碼,1
還沒逝,1
瀟灑,1
調奢華,1
說洋,1
財,1
大器,1
兒講,1
馳,1
級,1
邁,1
不曉得,1
五小區,1
角烈,1
重點,1
中學,1
幾十萬,1
專別,1
超得轉,1
網吧,1
耍七塊,1
龍鳳,1
傑克瓊斯,1
重慶百貨,1
給你說,1
起給,1
粗起,1
外國,1
下頭,1
加個,1
油開,1
德國車,1
衝要,1
籃球,1
出大價,1
帥得,1
劉德華,1
社會,1
出門炸,1
灣打,1
晚點,1
師傅,1
滑門,1
不一,1
变说,1
九回,1
秀秀秀,1
我喊哥,1
蛮弱,1
心快,1
空少,1
体察,1
抵罚,1
子口,1
民心,1
大号,1
发博,1
细嫩,1
矮要,1
名想,1
胜不骄,1
偷录,1
说词,1
迈起,1
酷到,1
躁容,1
漏漏,1
配玩,1
范的装,1
波什,1
拍手叫绝,1
九晚,1
赔微信,1
刚签,1
炬,1
猩,1
崔别,1
编好,1
用赠,1
電動,1
超糟货,1
顺拜个,1
长命,1
线求,1
得勤,1
不勤勒,1
上账,1
点香,1
观音坐莲,1
沿坎,1
土庙,1
文殊,1
香比,1
烛为,1
诚不欺,1
掀不动,1
财求,1
超一流,1
小狮子,1
拿瓶,1
然后背,1
恶再,1
除垢,1
建船,1
变蓝,1
还待个,1
难赚,1
沾水,1
逆战要,1
遇难,1
妈要,1
结婚照,1
换带,1
貌美如花,1
明令禁止,1
配刚,1
活明,1
恶战,1
爱之声,1
会受,1
成建,1
盼来,1
无穷大,1
满幻,1
刘轩,1
毛佩卿,1
上大之声,1
包装用,1
野气,1
烛灯,1
千尘,1
堆山积海,1
急奔,1
海带丝,1
左躲右闪,1
加戴,1
快快乐乐,1
如流,1
出东,1
炫给,1
必输,1
央广网,1
正退,1
尔曼,1
园籽,1
吴馨怡,1
蓝底,1
二外,1
众口难调,1
时机已到,1
胎动,1
茁壮成长,1
力图,1
强敌,1
谢一冉,1
赵文卓,1
张晓龙,1
张傲,1
第二层,1
随流,1
饿着肚皮,1
他束,1
上有老,1
碰不出,1
不满情绪,1
地演,1
似真似假,1
无伤大雅,1
热气腾腾,1
顺过,1
衣向,1
姜潮,1
满江,1
吴建豪,1
直述,1
陈芊彤,1
张允祯,1
黄宝怡,1
朵儿,1
熊孩战个,1
闲是,1
心绕,1
我迪玛希,1
尚九熙,1
尼坤,1
徐志贤,1
吴镇宇,1
韩宇,1
王晰,1
39.8,1
零后,1
迪耶戈,1
歌放起,1
戏多,1
爽成,1
摆不拢,1
李彦,1
风破,1
得求,1
最拿范儿,1
三起三落,1
特骑个,1
说不来,1
物链,1
下端,1
金眼,1
两点水,1
成都平原,1
依云漱个,1
旺德发,1
翻弟,1
格里,1
重地,1
洋不洋,1
听个响,1
清个场,1
主裁判,1
五代,1
有票,1
回头草,1
络,1
加害,1
概的,1
杀杠,1
全兴,1
成都五牛,1
冒些,1
刮阵,1
耍开,1
浪再,1
你勒像,1
下妹,1
只狗,1
数挂,1
区住,1
出内,1
塞话,1
整口,1
喝怡宝,1
â,1
莎莎莎莎,1
我爱渣,1
锦城,1
笨钟,1
边吹个,1
贝加尔湖,1
货三娃,1
正财发,1
搁起,1
约翰逊,1
蒙恬,1
瞄准器,1
买办,1
全系,1
打眼,1
长片,1
油轮,1
节花,1
转切,1
眼白,1
躲起,1
个防,1
机再,1
过情,1
人六,1
连击,1
韵来,1
奇些,1
歌首,1
仿模,1
问想,1
序语,1
扰干,1
文中,1
平水,1
玩高,1
戏游,1
总到,1
确准,1
学大,1
显明,1
出分,1
未始,1
一有,1
妙思,1
高嘉朗,1
嘿想,1
专享,1
出生年月,1
混血儿,1
头垂气,1
红为,1
王若卉,1
纵马扬,1
淬用,1
裤腿,1
鞋帮,1
叫拉音,1
这新来,1
国家级,1
定一词,1
什为样,1
可四字成,1
倒底,1
职级,1
休年,1
江思远,1
张峻鸣,1
儿该,1
我太脏,1
长太乖,1
贤内助,1
康乃馨,1
甜份,1
快又准,1
杜吉正,1
万对,1
巴朗,1
进棚,1
花该,1
缠下,1
星冰乐,1
卓玛,1
对得住,1
艾海提,1
留别,1
酒酒配,1
人喊,1
更靠,1
由西向东,1
关冰效弹,1
声秀出,1
卓然,1
稳态,1
猛跌,1
愤慨,1
开演,1
祁辛,1
刘硕,1
魅夜,1
直出,1
紫成,1
难返,1
严禁,1
子城,1
深山老林,1
最多活,1
坍台,1
硬挺,1
流散,1
舆论压力,1
开福,1
通商,1
擦油,1
我秀要,1
放不低,1
范特西别,1
过慢,1
用合,1
事自,1
咱不懂,1
双卡,1
邓紫棋词,1
邓紫棋曲,1
初初,1
生活气息,1
忽高忽低,1
便用,1
双待,1
调音师,1
太多越,1
胶条,1
托腮右,1
一拦,1
这劳,1
慢咻,1
破衣烂衫,1
终局,1
怎甘,1
得力,1
三岔口,1
垂下头,1
热口白,1
林书豪,1
何哈,1
套索,1
这铁,1
敌百,1
灼痛,1
火攻,1
矫形,1
架别,1
再勒,1
蜤,1
必刹,1
正锋,1
进野区,1
远在他乡,1
稳像,1
来唱首,1
像首,1
手装,1
当狗仔,1
大男子主义,1
足步,1
柔中带刚,1
三缄其口,1
心理专家,1
周汤豪,1
想举,1
江是,1
名当,1
谆谆教导,1
清梦,1
垂眉于,1
来进,1
可苦,1
没拿起,1
新民县,1
那饥,1
摆球,1
往贱,1
随大溜,1
马擦,1
不乐,1
掏上,1
称上,1
一两千块,1
本息,1
期当,1
找伴,1
一环到,1
随根昂,1
子压,1
艾瑞,1
那纯,1
配羊蛋,1
疙瘩汤,1
配凉饭,1
秃脑亮,1
整别,1
整哥,1
破嘴,1
哥别整,1
应虚头,1
巴脑,1
拉一宿,1
南闯过,1
跟命,1
年学,1
老丈人,1
十号,1
唠完,1
早衰,1
卖单,1
ꆼ,1
ꃫ,1
ꄑ,1
ꆸ,1
ꁟ,1
ꀳ,1
ꎺ,1
ꇨ,1
ꇉ,1
ꆊ,1
ꌐ,1
ꏿ,1
ꇵ,1
ꋰ,1
ꊖ,1
ꋌ,1
俄卓,1
拉波,1
西地,1
挣不来,1
大儿子,1
小儿子,1
蚁力神,1
保花,1
窝囊气,1
反季,1
路硕诺,1
阿毕格,1
马畅,1
黑星,1
左三好,1
三雾,1
红雪,1
巴蒂,1
成宿,1
ꌦ,1
好几百,1
老叉道,1
挺高,1
当害,1
帮娘们,1
呐满,1
爱大长,1
样人,1
一波亚,1
辣鞋,1
破帽,1
破玩,1
三字,1
叙利亚,1
撞衫,1
左六,1
口有,1
手放后,1
发力别,1
手放前,1
赤壁之战,1
老伴,1
羊奶,1
七八百,1
断案,1
浴池,1
事大,1
唠上,1
飞哥,1
吹哥,1
干先,1
大回,1
小回,1
事小,1
下半夜,1
灯大,1
五饱六撑,1
开手,1
急闹,1
饽饽,1
一录,1
成联,1
不奋,1
轮辈,1
哪狼行,1
肉狗行,1
假子,1
新民,1
吉林,1
短枪,1
一放霜,1
元要,1
七台河,1
活来活,1
浑南,1
带困,1
农贸市场,1
比华,1
完上,1
炕下,1
脖梗子,1
老三样,1
麻鬼烦,1
追女生,1
仔难,1
他前,1
小梨,1
姐不差,1
______,1
粘牙,1
老烟,1
拉巴,1
ꀥ,1
ꑿ,1
冬野,1
观花,1
诺宝教,1
软饭,1
通不认,1
杂个,1
辛德勒,1
反叛者,1
女足,1
空枪,1
越骗,1
命里会,1
衰竭,1
喃看,1
房是,1
火灭,1
张杰,1
女人味,1
阿妞,1
调半,1
阿芝,1
巧胜,1
圆咯,1
过心门,1
尼卡,1
杰咯,1
卫衣加,1
侯爱,1
武泰闸叶,1
问果,1
拉诺,1
ꁯ,1
ꆮ,1
ꐎ,1
ꈂ,1
ꀸ,1
爱切整,1
一毛钱,1
娱到,1
听赞,1
黑咯,1
会灭,1
硬去,1
会死会,1
笑出,1
戴起个,1
毒誓,1
一人得道,1
琴盘,1
每沓,1
水闸,1
一狠,1
选过,1
三脏,1
甩干,1
天给,1
伪心,1
嘴兵,1
空骂,1
看咯,1
还跟到,1
个切,1
一两口,1
功想巴,1
快花,1
看通,1
装美心,1
闹扎,1
瓦嗒,1
乱吼,1
神弄,1
小指,1
首闹,1
红太多,1
你诺米,1
ꅐ,1
毕莫法,1
牧场,1
吉布,1
杨雨晴,1
苏玥,1
陈笑,1
武泰闸,1
广播电视,1
旅游局,1
艺术界,1
联合会,1
迪迦,1
范丞丞而,1
形意拳,1
掏诺米,1
建昆,1
命诺米,1
大渡河,1
丘某,1
小相岭,1
ꇕ,1
ꈈ,1
ꏀ,1
ꈍ,1
ꄏ,1
ꈀ,1
ꏢ,1
ꎧ,1
ꅝ,1
ꍗ,1
ꏓ,1
ꃮ,1
ꇴ,1
板屋,1
残檐,1
唐棣,1
黄俊诺米,1
这晚,1
会大得,1
ꅀ,1
ꄆ,1
ꉸ,1
ꅥ,1
ꎼ,1
ꋙ,1
ꋚ,1
ꍈ,1
ꑽ,1
ꀨ,1
ꆽ,1
ꂚ,1
有儿,1
ꀿ,1
读出,1
ꆷ,1
ꇫ,1
ꅋ,1
日切,1
通胀,1
有吃有喝,1
雷军,1
黑码,1
苦菊烟,1
古剧,1
瓦切次,1
诺米宝,1
罗次点,1
甘里曲,1
克木达嘎波,1
苏木,1
觉嘎哩,1
拖阔,1
嫌乎,1
赞别,1
一栽,1
地吵,1
喷话,1
呼嚎,1
滚滚向前,1
几次三番,1
不肖,1
吶,1
新血爱,1
蛇蝎美人,1
哥伦比亚,1
但爷,1
永世长存,1
数它,1
滴泪,1
堆形,1
耳语般,1
不单单是,1
刚用,1
头羞,1
许磊,1
筋挛,1
那吾长,1
中学生,1
争破,1
酸有,1
土心,1
赋诗,1
为业,1
考所好,1
信口,1
笔来,1
他病,1
歌者,1
管些,1
放久,1
常为,1
高二,1
允中,1
景洪,1
大海捞针,1
引火烧身,1
水泵,1
鱼子,1
一炮而红,1
丧怠,1
碰哟,1
合而,1
高浓度,1
恶臭味,1
过街,1
云雨,1
声名显赫,1
抢仅,1
善忘,1
可谈,1
高等动物,1
狂热者,1
米糕,1
湖是,1
总爱得,1
你施,1
相沙,1
十万分之一,1
拗口,1
成想,1
淡到,1
很碎,1
噩耗传来,1
很冰,1
以假乱真,1
有亮,1
大年初三,1
小鸭子,1
出镜率,1
小头,1
爆汗,1
金角,1
银角,1
青霞,1
佛门,1
成串,1
经取,1
它伴,1
以爱,1
灯灭,1
越位,1
那梦里,1
姓张,1
应运而生,1
泰安,1
这秘,1
孙得,1
猴毛儿,1
热来,1
乓乓,1
轰掉,1
人若,1
欲盖弥彰,1
极夜,1
极昼,1
西口,1
梅西爱,1
后想,1
九段,1
中说,1
誓不衣,1
摔杯,1
高一丈,1
乒乒,1
乒乒乓乓,1
半片,1
专线,1
切买份,1
切日白,1
或装,1
色系,1
语不惊人,1
嘴大,1
心慌方,1
根烟来,1
吃粉,1
会闹,1
不和睦,1
触碰过,1
热北,1
首漂,1
七八种,1
那吾是,1
漂哥,1
传存,1
万里长征,1
微浮,1
贫嘴,1
五级,1
不晓,1
输对,1
悔不当初,1
军营,1
汲汲营营,1
埋得,1
再试,1
越快,1
胎古,1
准信,1
那锁,1
冒人能,1
进边,1
疑团,1
赔笑脸,1
没笑点,1
一对对,1
绿园区,1
讹,1
黑普桑,1
饿九顿,1
烧火棍,1
桌弟,1
炸大,1
坷垃,1
年产量,1
屯子,1
保家,1
整川渝味,1
档尿裤,1
五脊,1
东百人来,1
长春市,1
老听,1
2019.9,1
大题,1
加钱,1
一杵,1
一聊点,1
一唠到,1
豆角,1
别整,1
真受不了,1
聊次,1
街小勇,1
匀出来,1
乐两腿,1
气疯,1
八扇,1
小勇,1
小咬,1
老给,1
劲歌,1
想乐,1
坐小客,1
发小唠啥,1
老破班拉,1
挨累,1
干会,1
青轴,1
扬巴,1
有大抗,1
戏就尬,1
大练,1
抗造,1
三辈子,1
穷不倒,1
不老少,1
玉坠,1
绷直,1
挺舒服,1
没米,1
赡养,1
办公台,1
镐,1
往道,1
先会来,1
一坎,1
两坎,1
来大金,1
招财猫,1
姨有,1
玩十来,1
哪套,1
手环,1
献礼,1
用不上,1
夹宝,1
寻摸,1
我舞,1
报警器,1
光凝,1
剩图,1
引证,1
那名,1
利过,1
手紧,1
三数,1
零带,1
吉普赛人,1
哗啦哗啦,1
扁扁的,1
踢来踢去,1
真糟糕,1
想学点,1
那一花,1
天近,1
塔希提,1
申领,1
污脏渍,1
黑暗时代,1
污迹,1
信仰自由,1
里发,1
你扬,1
小西,1
渣碧琪,1
摸不着头脑,1
日当,1
黄金岁月,1
尽心尽力,1
先杀,1
幼时,1
后见,1
千次,1
水气,1
如诗,1
安检门,1
嘴眼,1
玛丽莲梦,1
这云,1
聊崩,1
小貂,1
掏兜,1
露腿,1
野鸭,1
黄桃,1
几盒,1
顺点,1
两盅,1
再顺,1
五月份,1
我套,1
棉服,1
头发丝,1
七八张,1
三五个,1
水光针,1
岚山,1
__,1
有所作为,1
干主播,1
红聚,1
卖水光针,1
她学,1
集贸,1
数控机床,1
长不长,1
椰梦,1
凉华伦天,1
奴一,1
皮套,1
中住,1
山要,1
关要,1
好悲,1
比踏马,1
装逼装,1
回多,1
养说,1
洗白嘻哈圈,1
虐虐,1
词小瓷,1
太损,1
办不爱,1
从北派,1
请入,1
装成巧,1
沉得,1
两三年,1
钻个,1
弹坑,1
缺小,1
雷朋,1
钻空子,1
打声,1
仿效,1
北派,1
双进,1
奇艺,1
回锅,1
打歌,1
看辉子,1
侵害,1
内股,1
硬菜,1
挺踏马,1
技先,1
冰坨,1
这辉子,1
快餐盒,1
酸个,1
几百万个,1
铁边,1
照不亮,1
进爱奇艺,1
音频格式,1
铺张,1
爱福,1
像件,1
富是,1
无冕之王,1
冠不戴,1
上脏,1
未婚妻,1
幽白,1
条发,1
先发,1
小小子,1
隔江,1
地爽,1
蔫头,1
回暖,1
放箭,1
终断,1
中段,1
指明方向,1
告別,1
硕放,1
所带,1
一路张,1
得堪,1
零一七,1
发辉子,1
十三个,1
摸不着,1
边少,1
领阿尔,1
5.2,1
芝华士,1
游到,1
天见,1
勇猛果敢,1
合作伙伴,1
碰给,1
菠萝油,1
两层楼,1
强逛,1
编脏,1
齐达内,1
娱乐业,1
肯塔基,1
八月八,1
本拉登,1
泰式,1
环境影响,1
这动,1
餐费,1
七八岁,1
形点,1
太妃,1
三升装,1
杜尚,1
开闭,1
正拉着,1
会响,1
通赵,1
火没失,1
不可告人,1
花说,1
和光同尘,1
针爱得,1
哥猛,1
王治郅,1
电动门,1
想人前,1
欧地,1
沥沥,1
同性恋,1
葬身大海,1
混赵,1
受得苦,1
混就别,1
纯酒精,1
印王,1
管风琴,1
瓦格纳,1
我连谎,1
寻遍,1
猛别,1
烈得,1
迈凯伦,1
赌大点,1
十五六,1
心胸狭隘,1
投其所好,1
恶报,1
韦兄弟,1
多十倍,1
眉一,1
皱头,1
阮,1
那帮松,1
帮松,1
我束,1
做一套,1
我妈别,1
两千万,1
太多书,1
哪到,1
忍饥挨饿,1
热脸,1
伴郎,1
脸油儿,1
半块,1
新页,1
牛是,1
上辉子,1
前所未闻,1
只会咧个,1
打嘴炮,1
样送,1
少年老成,1
气空,1
证伪,1
从业人员,1
卧马,1
货都,1
爹落,1
根往,1
争出,1
新灌,1
千术,1
儿们,1
就尬,1
咸是,1
促成,1
圈进,1
懂多,1
能保命,1
才生,1
放不放,1
遍想,1
马森,1
过待,1
碳素,1
那佛,1
捂得,1
蛀,1
过母,1
防毒面具,1
我太装,1
心太脏本,1
生相,1
祷,1
太远哈,1
巴太炸,1
代代,1
无爱,1
找麦,1
一墩,1
下许,1
吹来絮冬,1
举酒,1
坚若,1
薄衫,1
多添些,1
已终,1
荒川,1
祈个,1
脑怕,1
带过,1
辅导班,1
深坑,1
摇尾,1
突发事件,1
水平线上,1
微信别,1
话外音,1
常下,1
太大站,1
一待待,1
真瓷,1
酒肉兄弟,1
会排,1
多车,1
修改器,1
愿路,1
那份期,1
次见,1
抽塔子,1
谈情,1
二十五日,1
牌底,1
妈火,1
干安帅,1
当叔,1
葛不葛,1
密斯,1
力克,1
病秧秧,1
泥儿,1
清雅,1
烦别,1
烦小翠青要,1
郭敬明,1
停边,1
肩边,1
父子关系,1
下代,1
小外,1
鸡蛋羹,1
宣武门,1
墙根儿,1
色光,1
脸坏,1
要纹,1
特长生,1
儿扎,1
这嘻哈,1
暗格,1
五环路,1
鸟窝,1
六斤,1
找嘎子,1
贴金,1
提存,1
食儿,1
雏儿,1
老帮,1
水余,1
八轮,1
搭便车,1
护法,1
纪委,1
不立,1
归纳,1
少待,1
表人脉,1
就准,1
迟到早退,1
想扎,1
更大些,1
小嫩,1
太弯,1
男版,1
屋门,1
嘴损,1
变着法儿,1
户愚吕,1
弟路,1
千百条,1
哪部,1
海拉,1
放一墩,1
诛神,1
深懂,1
要哥,1
叫得欢,1
前呼后拥,1
丫雇,1
开罚单,1
还外,1
鬼门,1
看哈天,1
翰森帮,1
哈木木拉,1
福特,1
劳斯才,1
李老板,1
看飘咯,1
青师,1
上堆,1
管别,1
那争,1
刚会,1
叫善,1
叫富,1
相对论,1
站位,1
十个月,1
负不起,1
爽惨,1
险哇,1
挡板,1
最利,1
想吸,1
鸭舌,1
小兔,1
果因,1
绿中,1
放宋,1
岳庭,1
作奸犯科,1
而烦,1
谈哈,1
推动力,1
真声,1
失势,1
死背,1
人怕,1
弗尔,1
只欢,1
师对,1
抽耍,1
个场,1
理不,1
不渴,1
水品,1
参假,1
一百二十,1
几体,1
脂,1
百分之二十几,1
五减,1
一百六十六,1
饭馆儿,1
我冰,1
译英,1
货喃,1
看哈喃,1
成舟,1
哈帮,1
水当,1
争要,1
分整,1
靓颖姐,1
看雾,1
独狼去,1
太鼓,1
屠羊,1
几大百上,1
仗败,1
再晚,1
江文宇,1
排起来,1
狼莫得,1
麦去,1
十拿九稳,1
身替,1
法改,1
吊些,1
表面工夫,1
我拿条,1
掺上,1
微博给,1
咸丰,1
耳十才,1
灰盘,1
力快,1
过起,1
信短,1
变点现,1
装锤石,1
太洋,1
慨,1
担到,1
来塞有,1
叫戏,1
假球,1
耍够,1
暗渡陈仓,1
绕过去,1
小炒,1
剩起,1
每顿,1
愤起,1
倒勾,1
顶豪,1
几百岁,1
一注,1
大奖,1
上连起,1
地北话,1
少争,1
数票,1
多特,1
法热儿,1
咯数,1
造点经,1
坐错,1
锁到,1
流根,1
扇醒,1
放雷,1
楚灭,1
窗放起,1
骂洋,1
悍马带,1
伙回,1
娼,1
笑贫,1
陈道明,1
人烂,1
咯上,1
球批,1
这产,1
假瞎打,1
调说,1
解不出,1
痛戴,1
饱嗝儿,1
再播,1
马腿,1
傍到,1
车动,1
上放些,1
天之涯,1
嫖赌,1
欺去,1
贪要,1
加少,1
百分之五,1
百分之十,1
同年龄,1
先提,1
刺扎,1
十七块,1
东乡,1
瓶雪碧得,1
哇呀,1
高警,1
嘿要,1
角说,1
交扣,1
情侣装,1
看蛋堡,1
海洋公园,1
初吻,1
布莱斯,1
撩狠话,1
用功读书,1
哎人,1
反冲力,1
龙哩,1
太多森头,1
嘎沙糕,1
恰瓶,1
阿萨姆,1
泡龙命,1
大超,1
同等,1
悪,1
数票票,1
掉换,1
戰部渡,1
教技,1
花枪,1
十成,1
送过,1
哈秋,1
乡亲,1
体育精神,1
天工开物,1
宋应星,1
好山好水,1
鄱,1
全感,1
咱先,1
日币,1
哪人,1
毫不理会,1
木法沙,1
妞能,1
百目,1
束起,1
爽少,1
出纰漏,1
围屋,1
文豪,1
江右,1
稻作,1
脐橙,1
南丰,1
蜜桔,1
狗牯脑,1
泰和,1
足端,1
享誉,1
鹰潭,1
九江,1
上饶,1
吉安,1
宜春,1
萍乡,1
新余,1
烧灰,1
瀛,1
铜线,1
杠下,1
以力,1
抽少,1
没练够,1
变壮,1
来福枪,1
半勺,1
蛋白粉,1
苏神,1
变紧,1
不虚,1
但论,1
菜篮子,1
库尔曼,1
正转,1
轰下,1
牛头梗,1
猛要,1
满充,1
疮瑞思,1
巴結,1
停球,1
风水师,1
架淋上,1
有迹可循,1
我免,1
瑞思拜,1
酒保,1
新表,1
太瑞思,1
豁谢,1
拜谢,1
噻只,1
拜儿,1
开三为,1
深水炸弹,1
金线,1
多野,1
总价值,1
多交,1
重量级,1
上班时间,1
提都,1
开套,1
办在,1
每股,1
金地,1
登龙,1
剑龙,1
神号,1
新砖,1
ACU2.0,1
福神,1
董事会,1
搜好,1
恰嘛,1
西子,1
神车,1
宏光开,1
五月花,1
宏光,1
莲塘,1
表锅表锅,1
顿领,1
恰撒不恰,1
登亮,1
恰酒,1
框转,1
恰块,1
恰要,1
当水恰,1
桂阳,1
离后,1
黄忠,1
我姓,1
美追,1
头挡,1
起一波,1
家门不幸,1
因必,1
有果,1
来天,1
谭有,1
头晃掉,1
胎印,1
扭过,1
双黄线,1
狗斗,1
辣车,1
必死望,1
喝井里,1
逆徒,1
暨,1
易出,1
当具,1
共计,1
屈身,1
纸页,1
石阶,1
凌霄,1
置业,1
快托,1
那容,1
造神,1
传花,1
之事外,1
古树,1
幸不,1
无玉足,1
王拳,1
全浸式,1
自由泳,1
已出,1
不轮,1
词海侃迪,1
两指,1
春茧,1
享清福,1
节拍器,1
来点味,1
此地无银三百两,1
独步天下,1
当发,1
练武术,1
共同话题,1
肉装,1
未半,1
中道,1
战火纷飞,1
回同,1
频调,1
跳针,1
只字未提,1
焊死,1
里脊肉,1
东飘到,1
西飘到,1
油过,1
遍风,1
半途上,1
满油,1
碎冰,1
软着陆,1
后白鸽,1
尘飞,1
刻好,1
气快,1
外焰,1
鲁肃,1
傻模,1
雷管,1
陈鹤皋,1
当林北,1
开大前,1
扫堂腿,1
帮规,1
跃步,1
街武,1
驶来,1
引子,1
寻视,1
子吉人,1
斩掉,1
肩带,1
不同点,1
卡不达,1
雅木茶,1
水帘,1
反扣,1
圈爱,1
影展,1
快上,1
只会败,1
身负重伤,1
管薇,1
学院派,1
滑腻,1
股骨头,1
耍会,1
删不完,1
欠过,1
收当,1
一先,1
整儿,1
赞带,1
走江湖,1
持刀,1
带枪,1
载人,1
横天渡,1
擎天柱,1
说山人,1
想太多会,1
放哨,1
钢炮,1
已晃,1
能糊,1
辨别是非,1
泰迪要,1
林品,1
袜靠,1
爱太过,1
数百年,1
腰到,1
翻译官,1
要藏,1
ゅ,1
只会空,1
狼心,1
千里迢迢,1
げ,1
ぶ,1
じ,1
一柳,1
学废,1
要游,1
一偏,1
买天,1
氧气罐,1
蹲坑,1
糊涂蛋,1
殂,1
春宫图,1
全优,1
相思病,1
完写,1
舞首,1
吞下去,1
想飞,1
测温,1
飞屋,1
受制于,1
抛同,1
牛逼事,1
宽志,1
完再,1
纯在,1
加藤,1
证券,1
装嘻哈,1
没嘴亲,1
删号,1
边画个,1
干输,1
偏点,1
算会,1
打个比方,1
先换,1
猪饲料,1
后脚,1
硬化,1
燃成,1
没脚,1
罗特,1
龙珠来,1
鼻涕虫,1
帮会,1
钟睡,1
信任度,1
噶里,1
打气筒,1
瓦伦丁,1
播个,1
课时,1
阿基米德,1
酷雷,1
投不出,1
弧,1
加自,1
多半会,1
社会名流,1
偏装,1
一朝一夕,1
我及,1
闯点,1
火该,1
十一倍,1
粢,1
刺多,1
牛皮癣,1
拽起来,1
餐后,1
大气压,1
往下拉,1
殊死,1
简体中文,1
拉丁语系,1
机体,1
两区,1
酸钠,1
高阶,1
超颠,1
猴融,1
这凡界,1
流有,1
交货,1
对表,1
炫边,1
梦多涨,1
旧得,1
风刺,1
不论是谁,1
照侃,1
盜版,1
八道,1
眼在,1
脑快,1
艾莉芬,1
拍写,1
写想家,1
咖还,1
哈雷彗星,1
欧米,1
头命够,1
货比,1
配套,1
没等我,1
好数,1
招遥,1
清肺,1
挟天子以令诸侯,1
兵马未动,1
粮草先行,1
木流,1
华容道,1
凤雏得,1
现其,1
多轮,1
前带,1
机桨般,1
下扎,1
根而,1
抱费,1
造遥,1
摆进,1
糖糖,1
再松,1
鼓鼓的,1
秃宝盖,1
喝奶,1
隔麦,1
我大口,1
就帅,1
戏太足,1
追住,1
第七个,1
玻尿,1
音质,1
团团围住,1
自助,1
恰不来,1
一弹,1
儿万,1
土老财,1
逼叨,1
欧吉桑叨,1
半要,1
叫莎莎,1
直充,1
充都,1
球服,1
打怡宝,1
杠往,1
不太穿,1
强硬派,1
你助,1
玩种,1
酷喝,1
采补,1
宠物狗,1
中待,1
古丽,1
塔吉,1
甫,1
来要,1
法想,1
第三辆,1
点去,1
待起,1
迷散,1
那全,1
英文歌词,1
扇起,1
三十五六岁,1
改错,1
五百块,1
娃接,1
西医,1
开千人场,1
连面,1
全勤,1
点读机,1
太大到,1
床莫板,1
烧多旺,1
变滑,1
二等,1
更装,1
野物,1
宝货,1
惊险刺激,1
主公,1
倪家桥,1
楼角,1
劫机,1
锦苑,1
詹姆鸡,1
官手,1
拷起,1
泡菜坛,1
太多酸,1
豇豆,1
说一是一,1
头比下,1
喊翔哥,1
透牛笔,1
剃着,1
林兄弟,1
不整,1
红钱粉,1
莱物,1
洗卡角,1
鹅脚鹅,1
鸭脚,1
自然段,1
马靠,1
鞍人,1
换起,1
不屁,1
一肚子气,1
拍刀,1
先躁,1
二是二,1
炊事班,1
比不比,1
儿化,1
协商,1
小白见,1
骑到,1
金买,1
拖孩,1
定睛一看,1
森莫,1
大后天,1
当土贼,1
五叠,1
看表,1
瑞偷,1
这好,1
一放新,1
搭船,1
卡发,1
敢骂,1
账簿,1
内秀,1
更烂,1
楼到,1
滂,1
毕其,1
抱怨地,1
叫法,1
不信算,1
难靠,1
大是,1
墙站,1
东八涨,1
气要,1
扣哈分,1
仿步,1
重口,1
垂涎欲滴,1
春光乍泄,1
车到,1
著觉,1
根烂,1
自由支配,1
学个样,1
仍存,1
驱魔,1
封魂,1
阙勒,1
霍多,1
烧焚,1
男扮女装,1
红掌,1
拨着,1
青波,1
呕着,1
转超成,1
头提,1
枇杷膏,1
稳阁,1
浪起,1
张实,1
太阳镜,1
三万人,1
哑到,1
娃进,1
爽爽爽,1
戴绿帽子,1
加西米,1
取件,1
双黄,1
酸些,1
圈能,1
识时务者,1
难诉,1
分清是非,1
泼个,1
聚堆,1
总舵,1
怂货,1
自卑心,1
我止,1
陡人,1
同活,1
呼救声,1
地吹过,1
空穴,1
上蒙块,1
谜样,1
球进,1
指微信,1
六人座,1
罗森头,1
莫下顿,1
闷吉良,1
昏安,1
打一到,1
顺斤,1
挪体,1
炸勒,1
哎莫得法,1
圈该,1
欧级们,1
爱狼管,1
牛奶糖,1
上粉,1
定住,1
顾面,1
机喃,1
提走,1
柔点,1
儿拉黑,1
请假条,1
梯位,1
杨帅,1
哥念个,1
吊勒耍,1
力扎,1
精看,1
我屋,1
汉金,1
除臭,1
只会批,1
女堆,1
再多活,1
刚铺,1
瘫倒,1
爱流,1
讲活,1
带泪,1
我放得,1
人靠,1
拉进来,1
挤进来,1
夏色,1
摆放着,1
短信内容,1
小美人,1
脑灵盖,1
世界市场,1
哼唧,1
笨比,1
艾德蒙,1
一写到,1
能交,1
算旧账,1
真掉,1
听来听去,1
油嘴滑舌,1
买盒,1
顶碎,1
喜来乐,1
chinano.1,1
邻居们,1
帕特,1
裤底,1
面善,1
闪边,1
荜,1
茇,1
领多,1
放太吵,1
走不进,1
耍坏,1
太美太有,1
追发,1
空调机,1
菊,1
成华区,1
儿耍,1
分分尔,1
博版,1
莫酸,1
动喃,1
崩三,1
柑安,1
不护火,1
槟郎要,1
当莽子,1
寻衅滋事,1
水吃,1
头塞,1
鬼步拉个,1
贾真太真,1
送妹,1
考妈个,1
很假,1
声切,1
完烟巴,1
纸板,1
紧脚脚,1
明红,1
很卡,1
牌到,1
头国,1
卡任,1
挽尊,1
分起,1
发把,1
英语单词,1
几十分,1
斜线,1
九界,1
胴体,1
生化,1
苦荞,1
土豆片,1
双响,1
点响,1
太开,1
香莱莱,1
追尖,1
赖雨成,1
开老,1
加曼,1
妥思爽,1
惨刚,1
头开,1
我太爱,1
饭动,1
魏城,1
塘汛,1
抢杠,1
求牌,1
糖醋,1
里脊,1
搞球,1
娃火,1
李文喊,1
打管,1
撇牌,1
莫法动,1
杠要,1
杠钱,1
张靠,1
杨虎,1
墙筑,1
咯放,1
圆周,1
公顷,1
我台,1
维多利亚港,1
依家變,1
波士,1
甘坚,1
左個,1
依家,1
理滴,1
立雜,1
MybabyyourNo.1,1
Mybabyyourno.1,1
家音,1
嘉雯,1
太平山,1
頂見,1
友仲上,1
緊班,1
點解,1
維港,1
完像,1
瞓,1
网费,1
凯丽,1
王志琪,1
李鸿翔发,1
睡发,1
花境艺,1
某音,1
张新,1
銅鑼灣,1
飲完,1
阿媽煲,1
湯行,1
石山,1
朝頭,1
系因,1
发开个,1
智能化,1
认真听讲,1
点见,1
孽债,1
完爱,1
面为,1
移目,1
不违,1
其乐,1
融融,1
一丛丛,1
岗位责任,1
比节,1
哈先,1
挥春,1
齐齐,1
埋同,1
饭台,1
破活,1
平谈,1
运动裤,1
我沙斯,1
路多,1
吃点速,1
出开,1
灌到,1
泡个面,1
堵满,1
笼对,1
人比人,1
最死,1
开腻,1
黑客帝国,1
护肘,1
宝玑陀,1
他端,1
咖里,1
事搁,1
仲中,1
调亮,1
一波来,1
来播,1
不明智,1
格尺,1
人性本善,1
脑袋瓜,1
该报,1
打狠,1
凭借着,1
芋头,1
表针,1
时慢,1
时快,1
磅思,1
气象万千,1
对比度,1
几扎本,1
抢飞,1
我评,1
顶事,1
躲半切,1
怂骨石,1
王一,1
脑低,1
男人家,1
害开,1
颗脑,1
蛋子,1
爆碎,1
相差太多,1
亚比快,1
过井里,1
回魂,1
评评理,1
群山起伏,1
中刻,1
建筑物,1
良言,1
良心发现,1
骗本,1
小庄,1
尽干些,1
凑不出来,1
玩不死,1
黑诊所,1
抽血,1
卖肉,1
毛子,1
这上,1
砍坏,1
按耐,1
带个表,1
吉隆坡,1
要账,1
不对别,1
方向向,1
劳工,1
脑垂体,1
俗尘,1
料事如神,1
爱愿,1
说鹰,1
修铁路,1
沙浪,1
忠孝两全,1
长蛇阵,1
亡国,1
黄祸论,1
低等生物,1
排华,1
法案,1
听朝,1
茄茄,1
眼风,1
有淚,1
歷練,1
難,1
免會,1
心煩,1
帽尖,1
兵变,1
嘿哈卡,1
活念,1
毓婷,1
画错,1
屈臣氏,1
前露,1
开脑,1
颠狗,1
新洲,1
不輕彈,1
拳頭,1
香伟杰,1
天未亮,1
諱,1
鬧鐘,1
無法後退,1
抵不過,1
無力,1
內心,1
傷口,1
我學會,1
治療,1
車會,1
機裡,1
節奏運,1
切斷,1
夢裡,1
學會,1
七头,1
西没救,1
玩手,1
王霸,1
不辞辛苦,1
淬金,1
岸想,1
齐天,1
繁文缛节,1
情热,1
魔别,1
出到,1
扩音,1
三部曲,1
罪与罚,1
全然不知,1
多样性,1
赚人,1
捏着鼻子,1
长阪,1
张翼德,1
脏巷,1
司考,1
秘鲁,1
浴足,1
打基础,1
本职,1
女想,1
粉刺,1
拜山,1
是非颠倒,1
烧错,1
掏过,1
团购,1
第二根,1
哈混缩,1
摘落,1
天慚愧,1
顺流而下,1
收讨,1
总因,1
九代,1
升国旗,1
快投,1
其所爱,1
古里古怪,1
主犯,1
大客车,1
重机枪,1
急燥,1
有青龙,1
阿兰,1
铂悦汇,1
局想,1
女入,1
佐间,1
索爱,1
后尾箱,1
撑条,1
孤品,1
手旺,1
财在,1
年初一,1
福满,1
放颗,1
箭射,1
太蛮,1
颠别,1
面再会,1
伞别,1
短出,1
晚要,1
这雨后,1
望君,1
留灯,1
两对,1
剩低,1
果个,1
加埋,1
喇好,1
只旗,1
小丽话,1
听条,1
女话,1
翻归食,1
难要,1
闷得,1
心不老,1
骰,1
再围,1
沿海地带,1
仓促间,1
普拉提,1
笑靥,1
回头客,1
本店,1
小丽,1
升大一,1
玩要,1
深职,1
我实,1
做差,1
入面,1
中心区,1
一凤,1
来玩个,1
偏地,1
甘系,1
阿爷,1
女要,1
女仲识,1
康桑,1
咽不哈,1
胡球,1
脸光,1
七八颗,1
蛇皮袋,1
地震带,1
一西巴,1
度转,1
却头,1
糊逼别,1
习俗,1
咯车,1
皮蓬别,1
上记,1
羊毛衣,1
波波维奇,1
金融危机,1
炒房团,1
糖该,1
圈利,1
抵着,1
乱吼乱叫,1
见心,1
没分,1
吸多,1
反多,1
瘦肉粥,1
瘦肉,1
戴安娜,1
苏西,1
最破,1
库车,1
加杂,1
开拔,1
搏杀,1
听者,1
事故责任,1
负负得正,1
放多,1
正盛,1
练习题,1
何见,1
斑迹,1
花火里,1
片花,1
破获,1
贵飞,1
应激,1
日善,1
守心,1
表参道,1
严丝合缝,1
歇斯地,1
预案,1
巨烂,1
招接,1
凶猛地,1
朱林寒,1
穆牧,1
拙见,1
畏光,1
预置,1
预支,1
专里,1
哥德巴赫,1
泪快,1
配料表,1
一幅幅,1
印太透醒,1
乌兰巴托,1
没帅,1
四百,1
可可托海,1
拔过,1
够劲,1
一犬,1
蜜高,1
装一装,1
阿维农,1
无名火,1
有栋楼,1
网球拍,1
撒哟,1
娜拉,1
狮城,1
如此而已,1
过愿,1
肤白,1
豺狗,1
威利,1
旺卡,1
嘴们,1
闲杂,1
好惹,1
一百八十八种,1
叫外卖,1
问该,1
对爱会,1
袋口,1
打救,1
氧泵,1
心显,1
两月,1
探测器,1
探不出,1
寄件员,1
退件,1
老对,1
自助式,1
啤会,1
人徒,1
矫正器,1
速五,1
全没,1
哪止,1
某具,1
泰晤士河,1
焦皮,1
烧烤店,1
邮戳,1
寄份,1
潜水艇,1
叮蛰,1
测谎,1
人查,1
左元杰,1
糙纸,1
月租金,1
灌木林,1
病哈人,1
力开,1
旁煞,1
街配,1
带锈,1
演找,1
切齿,1
聊边品,1
喝罗曼,1
成衣,1
多方,1
先折,1
屋来,1
做次,1
犯个,1
花洒,1
大眼瞪,1
墨水笔,1
时筑,1
早班车,1
这老,1
用惯,1
不笨,1
一兜,1
之轮,1
太甚,1
一物降,1
好几下,1
大碍,1
嗖嗖,1
狠招,1
一百七十三,1
少林拳,1
二堂,1
依青袅,1
外练,1
苦行,1
别费,1
时费,1
要止,1
赤魂,1
之盾,1
它值,1
开窄,1
步糠,1
咽菜,1
疼才,1
走投没路,1
如幻,1
正试图,1
浸满,1
接一宿,1
不寒,1
绕上,1
正说,1
曹操就到,1
凭空捏造,1
喝手,1
过本,1
天险,1
棍法,1
霜雨散,1
暖阳照,1
排粪,1
我债,1
一笑了事,1
撒好,1
寄卖,1
发圣,1
比个高下,1
菱花,1
说得来,1
还肯,1
它定,1
能来点,1
别老是,1
野出,1
套脑,1
滚远点,1
那规,1
牛不牛,1
我且,1
飞鸽,1
侵占到,1
更弱,1
混带,1
自辩,1
一技之长,1
至情至性,1
混会,1
准绳,1
稍个,1
大在,1
爱托尼,1
蒙大拿,1
跛豪,1
天高任鸟飞,1
致癌,1
诱使,1
多袋,1
早脱,1
太点,1
二十首,1
庚金,1
增汤里,1
裙带菜,1
没花分,1
适口,1
多路,1
平坡,1
质保,1
用大,1
充电站,1
各随,1
想爱时,1
何必当初,1
虽高,1
喂别,1
聚宝盆,1
蜂鸟,1
整周,1
钱芃,1
虎子,1
胃别,1
变菜,1
女优,1
那会怕,1
优没人,1
好好先生,1
知遇之恩,1
彩笔,1
表讲,1
包才,1
医也,1
面听,1
说太美,1
非走不可,1
平飞,1
开摆,1
想爽,1
哥佬官,1
克加,1
神湖,1
冈底斯,1
神山,1
子里别,1
拿奖,1
从二零一,1
马挥刀,1
壮丁,1
相求,1
金冠,1
爱钱如命,1
颜子,1
套马,1
像团,1
本看,1
花呢,1
个性化,1
再冰,1
懂心,1
成河雨,1
招聘会,1
下地,1
小梅,1
能护,1
杨文昊,1
冯正,1
林梦,1
纹纹,1
空如,1
更冰,1
满脑袋,1
援兵,1
框进,1
禁退,1
竞猜,1
近来,1
用金换,1
笔误,1
画脏,1
调淡,1
咸苦,1
销尖,1
人求,1
锻连好,1
再令,1
带足,1
贵气,1
表演赛,1
千锤,1
厚到,1
电轻,1
挑性,1
开罗,1
夜提,1
窃听器,1
沉好,1
野拳,1
无眼,1
这浑,1
水趟,1
谅,1
耙齿,1
之徒,1
禁术,1
造他,1
血燃,1
底楼,1
忠贞不屈,1
早雾,1
我习,1
康益,1
边哨,1
共庆,1
风而行,1
国为,1
边民,1
敬佑着,1
无私无畏,1
华章,1
眼小泽,1
定为,1
演绎出,1
足到续,1
上命,1
虚到,1
千家,1
长梯,1
素雅,1
痛出,1
武学之,1
能点,1
换耶,1
多门,1
手们,1
多快,1
截点,1
牵回,1
那鼓,1
痛塞到,1
来秀出,1
炫个,1
绊过,1
如虹,1
背够,1
磅级,1
樊纲,1
察,1
现要,1
静赏,1
挑人,1
中仅,1
那爱有,1
论暴,1
悲与同,1
对怕,1
唯仅,1
我究,1
姓华,1
面来,1
玩不透,1
吸过,1
妙运,1
美待,1
十五斤,1
阿弥陀,1
瘦下,1
借应,1
血醒,1
酬薪,1
神比过,1
三思而行,1
法律界,1
风为,1
电为,1
泪湿,1
地后,1
流局,1
该信,1
最多要,1
惨到,1
禁药,1
妙韵,1
刷票,1
哪一计,1
假名字,1
血会,1
覆满,1
辩手,1
婴童,1
泪里,1
迷迭,1
此役,1
只定,1
花翎,1
扎不紧,1
擂赛,1
测钻笔,1
碍人,1
全是舶,1
博来,1
再输,1
金壳,1
快赞,1
冰练成,1
演在,1
getlowV2whosno.1,1
彭丁满,1
阿库拉,1
分题,1
酷成,1
精给,1
短剑,1
肾部,1
零克半假,1
眼部,1
getlowBRIDGEwhosno.1,1
笨到,1
特异,1
熟用,1
用新歌,1
地迷上,1
多飞到,1
里肌肉,1
神器,1
黄码,1
马撒,1
帕拉迪,1
辣鸡话,1
哥瑶瑶,1
家琪,1
阿贵,1
没塌,1
旭哥,1
炮哥,1
理路,1
相报,1
担在,1
擦出,1
房先,1
火待,1
人间地狱,1
更层,1
中气,1
攀线,1
好眼力,1
马气,1
华爷,1
拼点,1
挤眉弄眼,1
参演,1
请往,1
耗在,1
火可事,1
酒绿下,1
难合,1
黄蓝,1
强给,1
刚劲,1
我塑,1
后置,1
豹虎,1
输该,1
败胜,1
留一地,1
动锡城,1
坡路,1
回些,1
高同,1
善言,1
尽瘁,1
声东击西,1
厚脸,1
方且,1
栽着,1
季前赛,1
庆开,1
受痛,1
更金贵,1
仔别,1
能画,1
满路,1
击不倒,1
亲启,1
内应,1
譶,1
某张,1
不心愧,1
专比,1
提谁会,1
鹦雀,1
缴下,1
老华,1
家信,1
利上,1
揭杆,1
探步,1
啸出,1
会白,1
结会,1
鳄鱼泪,1
讨上,1
喷党,1
绘图,1
新造,1
备满,1
僧藏,1
参见,1
凑来,1
必看,1
撒坦,1
标致,1
练好,1
而能,1
妃子,1
滑开,1
见光死,1
险途,1
立住,1
我赛,1
别煞,1
歌里诉,1
被料,1
换颗,1
再议,1
谈些,1
爬行动物,1
起换,1
溅落,1
复仇记,1
该以,1
哪幅,1
品到,1
半身,1
腾格里,1
中气不足,1
借故,1
爱合,1
眼抖音,1
麦落,1
散来,1
变一变,1
方世杰,1
咸总有堂,1
课学,1
涨不退,1
围好,1
比个帅,1
上檐,1
来山底,1
肺来,1
光绪,1
章序,1
记让,1
分友,1
嗓没开,1
我估,1
价听,1
之痛,1
愤激,1
添一,1
多写,1
脸颜值,1
拓荒者,1
挥旗,1
不放原,1
我狠,1
夸得,1
发磕有,1
likeno.24,1
之七,1
名声鹊起,1
颜如玉,1
忠奸,1
仙传,1
茶代酒,1
品得,1
如通,1
静定,1
茶香,1
有嘴无心,1
有才无命,1
陈佳,1
明曲,1
陈佳明,1
友光,1
张宇,1
行销,1
甜如蜜,1
没人诉,1
未干,1
全品,1
恋不上,1
空拍,1
太多事开,1
口太多,1
谷建芬,1
王建国,1
极力推荐,1
新一任,1
接些,1
通说,1
要管,1
羽众,1
裘呼儿,1
流芳,1
游江,1
孙冕峰,1
李艺佳,1
李靖,1
周嘉怡,1
紫衫,1
隔世,1
我难,1
从命,1
结用,1
尘载,1
近往,1
水泄不通,1
谦恭,1
如梦一,1
灵机一动,1
或杯,1
老妇人,1
我想平,1
贤臣,1
不骄不躁,1
飞奥门,1
可渡,1
刘怿,1
李明,1
周禹,1
颉,1
金朝顺,1
沈雨娟,1
朱鑫玉,1
八重,1
这舟,1
楼不求,1
冷冷清清,1
彩云追月,1
寄相思,1
稍等片刻,1
酒诉,1
离不出,1
染向,1
痛惜,1
脂包,1
成排,1
耶里,1
定义语言,1
凑在一起,1
先装,1
花苞,1
微博像,1
五千元,1
出列,1
信过,1
我连个,1
贪个,1
钱会,1
裤用,1
总后,1
肌壮,1
造热,1
窗难消,1
刘斌,1
学穿,1
演歌,1
有苦难言,1
拼咯,1
头泡,1
电子秤,1
洗鞋,1
管理学,1
爽飞起,1
假嘻哈,1
饼里,1
披星,1
成章,1
巨点,1
吴卓真,1
无限期,1
温别,1
疾跑,1
路由器,1
愁眉啼妆,1
难平,1
人格担保,1
饶有,1
皇亲国戚,1
木来,1
车轮战,1
修条,1
付诸东流,1
砍光,1
妖狐,1
长荣,1
背错,1
嘎哈,1
断不掉,1
哪处,1
张建珍,1
吴健芳,1
全吓,1
上够,1
放手去做,1
浐,1
数满,1
办起,1
事来够,1
赖疙宝,1
徐惠芬,1
十公升,1
游失,1
左总有,1
不留情面,1
海要,1
陈其钢,1
伴名,1
中不废,1
风雅,1
化成白,1
粪虫,1
刀握,1
未写,1
走放,1
生养,1
心门关,1
к,1
放云,1
章别,1
索契,1
单板,1
布拉格,1
前问,1
紧别,1
许多遍,1
惹火烧身,1
暗绿色,1
权臣,1
砧板,1
且观,1
自留,1
该配,1
兽骨,1
竹片,1
丝帛,1
剩离,1
谷堆,1
为我所用,1
严霜,1
人动,1
确凿,1
齐步走,1
晃来晃去,1
称爸,1
再亮,1
齿音,1
背水,1
烦牌,1
徒,1
添太多,1
内论,1
八九月,1
水里试,1
做实,1
战书,1
根底,1
破茧后,1
直抵,1
现已,1
怎轮,1
首映,1
跃进,1
拼越,1
拉家常,1
就塞成,1
过大六,1
虫化,1
小烟,1
杠有,1
杨呼,1
单钓,1
李香兰,1
大赌,1
骨龙,1
从文,1
山东鲁能,1
接个力,1
秃佐哥,1
先花个,1
午门,1
弃武,1
掠起,1
脸风,1
增减,1
凶豹,1
纸扇,1
只叹,1
命比纸,1
拼手,1
第三条,1
第四条,1
第五条,1
第六条,1
第七条,1
最称,1
第八条,1
贪官污吏,1
妒,1
强人所难,1
干将莫邪,1
杨柳岸,1
酒贩,1
教书先生,1
入水,1
脱靴,1
贵妃,1
先破,1
破要,1
算错,1
似真待,1
高剑,1
尊卑,1
消万子,1
半柱,1
香冰队,1
凉飕飕,1
花雕,1
矫,1
猪狗,1
下个季度,1
忙不迭,1
会药,1
喽别,1
下叶,1
飘洒,1
可真香,1
分光,1
喰,1
狂话,1
举炮,1
战合,1
胡宇搏,1
尺八,1
张圣群,1
冷寂,1
依稀可见,1
煞白,1
刮太凶,1
花村,1
沉寂已久,1
共通,1
病除,1
或紧,1
放离,1
万人领,1
梦中人,1
动工,1
试到,1
迪娜尔,1
圣殿,1
旧式,1
百万年,1
般要,1
汪海容,1
宫静雯,1
亿破过,1
常走,1
价值千金,1
我咧魂,1
凿开,1
哑火,1
广无,1
计程,1
费当,1
没人付,1
稿费,1
蓝想,1
隔座,1
懂早,1
老穿,1
毀滅,1
分不開,1
東奔西,1
四處,1
裂隙,1
编不来,1
精像,1
值拉满,1
穿太多,1
抄底,1
评理,1
别进,1
忘快,1
算笔,1
遥向,1
这观,1
香当,1
劝降,1
隆历,1
奇生,1
薄待,1
真成了,1
找罪,1
證明,1
支撐,1
關在,1
愛河,1
保修期,1
四五天,1
卫生巾,1
起效,1
含在口中,1
梦浪里,1
雏田,1
花椰菜,1
生命垂危,1
外该,1
门当,1
最终目标,1
翻掉,1
更大颗,1
后来居上,1
相機,1
最後一個,1
過的,1
綫,1
對岸,1
沒理,1
勝心,1
當初,1
拉過,1
鈎,1
大美麗,1
記錄,1
培養,1
綁,1
這陪,1
衝洗,1
膠,1
捲,1
反绑,1
力纯,1
来算,1
门槛儿,1
天秀,1
我太放克,1
绝没写,1
博士生,1
德艺,1
双馨,1
赖脸,1
就求,1
找代练,1
喊穷,1
正讽,1
算低,1
消不,1
死路一条,1
李不信,1
尤弥尔,1
嘻哈臭,1
消去,1
真实自我,1
几站,1
两觉,1
护肤,1
一喷,1
港澳,1
穿称,1
群烂,1
眼泽,1
露脸儿,1
法让,1
我冈,1
先稳,1
哽到,1
难酬,1
染透想,1
碰出,1
陪妹,1
喝瓶旺,1
网快,1
丑人,1
不渡,1
废狗,1
结梁子,1
包挺,1
相因,1
小咯,1
龙利鱼,1
懒想,1
张华隆,1
嗜血成性,1
窥觑,1
群杠,1
精想,1
新兵,1
宵,1
模块,1
耍弄,1
狗王,1
黯淡无光,1
独道,1
四舍五入,1
少于,1
白鬓,1
雍容华贵,1
比格,1
挽上,1
劫财,1
比黑,1
柴堆,1
谭欣,1
杜阿童,1
款项,1
拉锯战,1
胖不胖,1
再爽,1
我品,1
恨起来,1
天挡,1
地灭,1
盘过,1
梦求,1
痛求,1
等星,1
汹我,1
中翻,1
看星,1
悬丝,1
当悬丝,1
之差,1
碰点壁,1
尺来量,1
阅爱,1
敌要,1
投不,1
问够,1
能多狂,1
侯服玉食,1
白玛,1
安身,1
啼声,1
领教过,1
还算个,1
小红帽,1
剧个,1
剧杀,1
血躁,1
一万三千五百斤,1
经蹦管,1
多大管,1
凡想,1
烂作,1
天赋人权,1
别总急,1
困顿,1
没别,1
遍用,1
翻个面,1
放狠,1
话头,1
颗大,1
经丧,1
戴紧,1
压压,1
心举,1
激情戏,1
轻度,1
中度,1
原始动物,1
龙飞凤舞,1
施点,1
学来,1
随波逐浪,1
冒头,1
开步走,1
平总有,1
三六九,1
五百匹,1
拍卖会,1
仙榨,1
六英寸,1
不信长,1
屏上,1
看新梗旧,1
交棒,1
闲管,1
园地,1
新技能,1
指就会,1
洪兴,1
山像,1
缺门,1
看不完,1
和盾,1
乏善,1
越旧,1
路变,1
目不斜视,1
谎报,1
天换,1
多来点,1
变会,1
消品,1
别叹,1
别中,1
再触,1
路交,1
说交,1
玩心,1
很美有,1
干想,1
满嘴胡话,1
吃闭门羹,1
想红能,1
野久,1
远牛别,1
沾光,1
通到,1
充公,1
砖满,1
脏活,1
违背良心,1
之选,1
因特网,1
走私犯,1
交不出,1
刚撞,1
有举,1
不喊,1
没争,1
昼与夜,1
陷入僵局,1
败仗,1
通情达理,1
退一,1
下昂,1
广告词,1
鬼压床,1
尴不,1
劝住,1
拼比,1
人都生,1
毒不死,1
挤笑别,1
连锁反应,1
气味相投,1
加血,1
赌着,1
走法,1
愁滋味,1
舍会,1
清个,1
罗曼蒂,1
能进能退,1
气用,1
高压线,1
行太过,1
神圣不可,1
边动,1
敲警钟,1
条走,1
催倒,1
成几瓣,1
哪藏,1
硬拳,1
牵多动点,1
脑别,1
典籍,1
信息工程,1
高锰酸钾,1
碘甘油,1
分母,1
外行人,1
钱快,1
汤料,1
即化,1
加碘,1
加铁,1
长胜,1
拼爱,1
退下度,1
脑多动点,1
只会搏,1
油特,1
九句,1
天下第一,1
裁定,1
大彻大悟,1
位见,1
瓦瓦砖,1
我宁,1
白梦,1
天住,1
独栋,1
敌营,1
绷劲,1
疾呼,1
天有不测风云,1
十篇,1
九篇,1
记慢,1
杆秤,1
盘结,1
握不紧,1
俯身,1
去够,1
同质,1
冲屎,1
送纸,1
投完,1
秀所,1
漏油,1
捏死,1
肩太高,1
统,1
终不宁,1
能加,1
分冲,1
夸过,1
砸响,1
海东青,1
迷晕,1
包龙星,1
队立,1
大功,1
换牌,1
换防,1
本泽,1
马兄弟,1
挑龙筋,1
冷戏,1
抹发,1
粗得,1
片方五押,1
行行行,1
倒班,1
飙个,1
求和,1
见事,1
他出,1
框着,1
招引,1
灿阳,1
自用,1
管轻挥于,1
安嘴,1
它会教,1
自守,1
诺别,1
磨坊,1
闯想,1
精货,1
全来,1
推新,1
小表妹,1
特贼,1
安憩,1
兼任,1
座骑,1
满树,1
没人记,1
警记别,1
条野路,1
那骗,1
少来别,1
别总来,1
悟别,1
步悟,1
背放,1
狒,1
肩别,1
回天无力,1
人爸,1
看菜,1
以偏概全,1
位总有,1
别抹油,1
波尔特,1
艺高胆大,1
控扬抑,1
含蓄,1
翻本,1
搜看,1
原剧,1
招到,1
拍笑题,1
直抒,1
拍不出,1
不提也罢,1
稿旧,1
花配,1
七杯,1
血能,1
浄,1
声哑,1
汛期,1
歌底,1
边发,1
控入,1
池率,1
谭轩,1
味味口,1
贬义,1
太彻,1
出口伤人,1
漏别,1
变没变,1
留一人,1
痛苦不堪,1
插口,1
透耶,1
奏成,1
根针,1
吃法,1
当鼓,1
萨摩耶,1
没敲,1
夹道欢迎,1
多几分,1
大厂,1
坑想,1
心胸狭小,1
狂练,1
首首,1
高层,1
魏衍涛,1
故事性,1
十四年,1
说辉子,1
昨年,1
拼进,1
百科全书,1
李像,1
地超,1
面不慌,1
江诗丹,1
乳腺癌,1
遭牙套,1
申公豹,1
链套,1
操得,1
焦湿,1
消磁,1
锈到,1
挑子,1
钻表像,1
李茂琪,1
往云处,1
富商,1
杜康,1
这期,1
选角,1
买主,1
来称,1
哈谢,1
保质保量,1
我吹个,1
人上有人,1
报办,1
流能,1
戏挺,1
宕,1
向个,1
投桃报李,1
只念,1
伞为,1
有口难言,1
妹心,1
点逼数,1
样拉风,1
每顿饭,1
伴娘,1
绞咯,1
莫得点,1
牙缝,1
疯二零,1
去拉风,1
整脏,1
坐不起,1
成队,1
通只,1
拼拼看,1
装帅,1
救苦救难,1
始惊次,1
渐迷,1
终醒,1
升八,1
行运,1
龙腾虎,1
带回去,1
八公对,1
梦碎,1
赏钱,1
高好,1
文殊院,1
咧龙,1
鸡啼,1
它些,1
孽种,1
越挠,1
越肿,1
罐碎,1
退不掉,1
变废,1
劳去,1
杀风,1
八十年,1
好瓜,1
咯搏,1
翻大,1
专靠,1
漏判,1
下轮,1
左近,1
活真挫,1
娃莫整,1
降龙十八掌,1
皮卡顶,1
感低,1
温瓶,1
追牛,1
铭牌,1
写轮眼,1
三斤,1
尚方宝剑,1
贵桃,1
福星,1
猪蹄,1
暴饮,1
卡遇,1
呱哥,1
那弱,1
踏得,1
挺配,1
玩活,1
玩出去,1
龙腾虎跃,1
我事,1
红红火火,1
新年新,1
叠满,1
马快,1
吹泡泡,1
换未变,1
广交,1
坚尼不太,1
精贵,1
消费水平,1
演不下,1
正站,1
拉客,1
开林宝,1
金做,1
季卡,1
两名,1
快枪手,1
成迷太像,1
继位,1
寄养,1
兄弟俩,1
哀吼,1
本别,1
义释,1
疑問,1
動物,1
老關,1
聲哥,1
兇,1
邊縮,1
貨用,1
破腦,1
邊邊,1
馳寶馬,1
彎,1
腳杆,1
誒,1
妳是,1
彎彎,1
這盤,1
提問,1
笨錢,1
归处,1
還沾到,1
从那之后,1
会天,1
飞点,1
加零,1
絞起,1
單手,1
心頭絕,1
貓膩,1
一腳,1
油門儿,1
等級,1
認真,1
絞,1
盡腦汁,1
太熱,1
著槍,1
燒成,1
闖,1
壹邊,1
踩平,1
商业街,1
人失联,1
旺长,1
死穴,1
荒木,1
该算,1
会视弱,1
光机,1
装着样,1
扶不上,1
成大,1
多人顶,1
趴烟,1
小崽些,1
和歌,1
理个,1
小莫问,1
好丑,1
一邊給,1
加點,1
當搖滾,1
播哩,1
天下大乱,1
第五集,1
太抠,1
大肚皮,1
一岗,1
甩勒,1
ジ,1
お,1
当块,1
宝眼,1
起架,1
凌伤,1
唱票,1
Moonlight2.0,1
基操,1
娃们,1
隔三岔五,1
不画,1
嘴用,1
大点声,1
姐上,1
开锅,1
停播,1
厚衣,1
森罗万象,1
同眠扬,1
一个舒服,1
察觉出,1
场梦,1
要淋到,1
我似,1
桌台,1
今生今世,1
精神焕发,1
接班人,1
太平间,1
执手,1
难别,1
道贺,1
迟疑不前,1
削个,1
盘底,1
骑摩拜,1
收班,1
夜太黑,1
宠物店,1
积满,1
黑暗面,1
帮侬,1
这伐,1
李欣颖,1
远好,1
烧杀,1
新造型,1
陈咬金,1
减震器,1
滚爱,1
寻死,1
驴册,1
有多菜,1
变得残忍,1
补完,1
减缓,1
致词,1
同父异母,1
他妈命,1
总像,1
儿童读物,1
滚去,1
许吹过,1
世界秩序,1
但令,1
步入正轨,1
劫持,1
中所,1
创新性,1
一致性,1
充分运用,1
苍夷有,1
有躁,1
郁症,1
幻视,1
脸纹,1
渺,1
粟,1
泡妹,1
敷勒是,1
儿屎,1
再蹦批,1
赚足,1
唱调,1
音室,1
傻逼置,1
故意伤害,1
栓条,1
秀败,1
头不为,1
沙中,1
这戏,1
黛安娜,1
成多金,1
飞给,1
飘雨,1
裸露出,1
穿勒,1
毕节市,1
起门点,1
栾夸,1
起勒点,1
起勒骚,1
不骚,1
不鬼骚,1
要勒,1
带块,1
批闹,1
红光满面,1
富一官,1
配起,1
打门,1
厚颜无耻,1
人狂,1
帅法,1
油口,1
突如,1
拿错,1
打灰机,1
临门,1
骚波,1
皱不皱,1
有大有小,1
受太多,1
疲再惫,1
力作,1
黑皮,1
数算,1
不多压,1
直脾气,1
偷嘴,1
砸点,1
野讲,1
害咯,1
看哈是,1
贵贵贵,1
小狼,1
大梦别,1
屡屡,1
俗语,1
报听,1
相提,1
必配,1
挥散,1
有多坏,1
救火,1
武义,1
必破,1
脸勒,1
照裹,1
比哈亮,1
舅子,1
扇阴风,1
先润,1
起数,1
荷麻,1
花椒面,1
双白,1
躲妥,1
印起,1
黔灵,1
洒纸,1
规着,1
辣勒,1
创始人,1
品茶,1
伙办,1
麻溜,1
众勒,1
勒雾,1
能飘到,1
真学,1
辣椒面,1
婉儿,1
长马热,1
花米,1
摆是,1
他定,1
头练,1
云岩区,1
倪海杉,1
发新勒,1
专下,1
新勒关,1
扭博,1
混不看,1
点人,1
黑来,1
折杆,1
枣子,1
黄粑,1
大勒,1
当草,1
开国大典,1
妹妈,1
破咯,1
博它,1
滑起,1
缺逼们,1
少克装,1
进该,1
拳灯,1
勒顶,1
水水,1
爆顶,1
不稿,1
冷源,1
多货,1
过撒起,1
马热,1
王婆卖瓜,1
资样,1
双叁,1
交咯,1
多放豆,1
食粑,1
活菜,1
背底,1
错咯,1
坏勒,1
痛勒,1
咯实,1
和幺妹,1
杨皮鹏,1
乡镇,1
想买个,1
整打,1
激流勇退,1
横行天下,1
九泉之下,1
以身试法,1
酱个,1
短水,1
信得足,1
浅莫带,1
嘀演,1
现过,1
现是,1
奢拍,1
电饭锅,1
瞎发,1
收边,1
个卡摇,1
小逼糙子,1
欧版,1
蛮要,1
味装,1
锉机,1
过细,1
引玉,1
嘎个,1
守侯愿,1
换法,1
当凯子,1
伙滴,1
压枪,1
二五,1
瞎昂,1
转钟,1
龍地龙,1
刹随,1
洗味,1
陈柯霓,1
清芬,1
梗子,1
疹子,1
埂子,1
抱岛,1
转懒,1
老而不死,1
潜远点,1
打马虎眼,1
浅装,1
撤舵,1
不贼,1
回单,1
百眼,1
小范,1
小眉,1
玩哈子,1
用哈子,1
莫斯好,1
罗得,1
好泽哟,1
几美,1
往下演,1
一合,1
现一,1
炸子,1
香音,1
莫紧,1
批菲力,1
狗视,1
眈眈,1
杠一式,1
早毁,1
个模,1
豁欠,1
混越,1
有来有往,1
装羊装,1
羊装壮,1
李向阳,1
想太多怕,1
犯闲,1
人阴到,1
背头手,1
音乐创作,1
学哈老杆,1
地哈,1
奥莫斯,1
我勒个,1
洗了睡,1
充老,1
贵姓,1
唱用,1
一仗秀子,1
袋乐里,1
根指噶滴,1
吉庆,1
该滴,1
为家,1
呐有,1
梳到,1
墨笔,1
拔拔,1
哭武,1
虎口拔牙,1
还阔,1
土克马开,1
赌糊,1
新增,1
肾不亏,1
章子,1
养匹,1
哥见,1
尖果,1
照正满,1
片果,1
上款,1
別到,1
勒样,1
值得尊敬,1
输鸟,1
最吸味,1
蛋勤,1
有功,1
戒之哉,1
宜,1
多行不义必自毙,1
点屁,1
细莫,1
人吊得,1
克问,1
起莫装,1
蛮熟,1
冒散,1
待点,1
列进,1
催人老,1
腩,1
烂鬼,1
办哈是,1
煨,1
敢揍,1
小黄鱼,1
膀一哈莫带,1
八带,1
光扎子,1
吊子,1
汤口口,1
武汉三镇,1
肉胀,1
得昂,1
不塌洒,1
透太不拉寡,1
大不炸,1
带刹,1
勒昂,1
表会,1
莫碰,1
老客,1
货像,1
天高海阔,1
像斯波克,1
试用期,1
险胜,1
演活,1
先拍,1
豆皮,1
武汉大学,1
内忧外患,1
混进来,1
确用,1
做得来,1
年限,1
葡匐,1
脑热,1
战用,1
莫喷,1
长镜头,1
三通,1
冒得事,1
漂嘛,1
楼起楼,1
电不分,1
撒手人寰,1
多涨,1
吊裆裤,1
两肩,1
钦点,1
小明接,1
杀去,1
茶米,1
进竹,1
视感,1
黄河口,1
想著,1
票友,1
一元,1
得数,1
敲死,1
看哈子,1
不吊,1
乐首味,1
横到,1
绞肉机,1
卖粉,1
啧得,1
庞腥,1
青红帮,1
老望,1
撤舵克,1
紧莫闹,1
莫醒,1
我瞎款,1
之窗,1
刑满释放,1
摩丝,1
路二耀路,1
三阳,1
四维路,1
无改,1
鬓毛,1
但愿人长久,1
只说不做,1
苍井空,1
说噶事,1
热乾,1
嘻哈界,1
树能,1
赛拉,1
咪尼咪,1
不义,1
不忠,1
版眼,1
查无,1
爆别,1
权富,1
狂潮,1
坚定信念,1
面去,1
找家,1
老特,1
列举,1
各款,1
辣妞明,1
送秋波,1
缺过,1
心会累,1
夜会,1
指不定,1
流里流气,1
假炫富,1
嘻哈圈,1
湖红,1
事以,1
几经周折,1
单双,1
巷过,1
八神庵,1
佘,1
中赖子,1
姓式,1
莫麻,1
乐舞,1
大讲,1
鸭脖子,1
吉庆街,1
刷拉,1
懒于,1
音信,1
蛮有,1
撒爱飒,1
买锅,1
现饭,1
莫选下,1
一言不和,1
左一,1
一烟要,1
周而不比,1
糙子,1
开方子,1
饼子,1
口口,1
火杆,1
老干,1
先锤,1
小卵,1
夜归人,1
刮走,1
婆口,1
灌吐快,1
飒到,1
好滴学,1
坏滴,1
教喝,1
莫斯是,1
空忙,1
旬,1
雾茫茫,1
问答题,1
今麦郎,1
要入,1
燎燃,1
树来,1
地入,1
俩加,1
胃穿孔,1
多扎心,1
作哑,1
壬太乙,1
圆不圆,1
关节炎,1
第三者,1
抠响,1
隔墙,1
魂印,1
打坏,1
中随,1
倒灌,1
盐味,1
柳永,1
绵,1
聚氯乙烯,1
腈纶,1
三奇,1
轮出,1
中烧,1
掀金,1
随大波,1
水榭,1
猫科,1
想拿紧,1
八亿,1
嵌宝,1
嗨哟,1
あ,1
竹林七贤,1
挑出,1
祁凌,1
没戴正,1
变燥,1
心生败,1
爆比,1
正电子,1
褒,1
姒,1
惄,1
拐弯处,1
西巷,1
秤分,1
宁成,1
牙铁,1
红客,1
牛码,1
尅,1
手拿器,1
卖布,1
露香,1
牛嘘,1
犬会,1
卧龙山,1
布裹,1
泰姬陵,1
秀座,1
大臣,1
赵匡胤,1
如调,1
应是,1
虚设,1
黑涩,1
费仟禧,1
陈抟,1
棋艺,1
伤嘘,1
定军山,1
夏侯渊,1
清官,1
缺漏,1
铲球,1
上放亮,1
烧入,1
判处,1
盗去,1
秦军,1
合纵连横,1
国相印,1
探马,1
蓝旗,1
缓存,1
C盘,1
冲锋号,1
哕,1
阱,1
生产线,1
扎爱,1
飞爱,1
饭般,1
先蒙对,1
对击,1
建都,1
雁塔区,1
四包,1
茅子,1
换梁,1
瓜木,1
爱闯个,1
打瓜,1
骑能,1
圪蹴哈手,1
先紧,1
少宁次,1
没迷眼,1
风纪,1
扬声器,1
找大支,1
调虎离山,1
夷三地,1
驱鬼,1
未及,1
缓期,1
乱不乱,1
用亲,1
数字化,1
小猴,1
强多,1
不滤,1
Fvck.2019,1
炸耳,1
脸愁,1
伯乐相马,1
雷丘,1
比零,1
高度评价,1
沾仟禧,1
景阳冈,1
人间喜剧,1
瑟点,1
报上,1
影坛,1
抖颤,1
北极圈,1
进修,1
坐滴,1
馒滴,1
单脚,1
首拉跨,1
李寡妇,1
我吉尔,1
心乱,1
美什,1
加水,1
比登,1
小女生,1
好几声,1
怀橘,1
顺手牵羊,1
马岛,1
真勒假,1
某时,1
忌配,1
爵,1
点念,1
可别活,1
殉葬品,1
地放,1
地唱为,1
良,1
那漫,1
座头,1
橱,1
浓妆淡抹,1
有冰,1
裁边,1
地摘,1
地威,1
群峰,1
看秀场,1
南壁,1
污毒,1
诞,1
学都,1
招商,1
打高光,1
视财如命,1
催肥,1
扬屑,1
呼唤声,1
硕鼠,1
好刀本,1
提从,1
那前,1
掷骰子,1
靛色,1
肖骏,1
重得,1
化为泡影,1
睡人,1
上弦,1
染脏白,1
袜底,1
巢居,1
纽约城,1
微苦,1
上城,1
多眼,1
太多手,1
冻土,1
印刷,1
起薪,1
万美金,1
飞趟,1
下往,1
泥板,1
楔形,1
忧思,1
他勒批,1
糖块,1
服刑,1
局子,1
细缝,1
问读,1
考博士,1
镶到,1
收支,1
帮得,1
雏,1
他糊,1
当懂哥,1
拿桶,1
太跌,1
园艺,1
头贵,1
中建,1
季末,1
绕耳,1
蓝点,1
春雪,1
斑纹,1
吴宇驰,1
先墓,1
仙路,1
咽入,1
文弱书生,1
青城派,1
哈徒,1
远军,1
古街,1
做凡客,1
当挂,1
画圆,1
树桠,1
往外播,1
轻来,1
裹腿,1
布来,1
嘴部,1
挖别,1
名子,1
快闭,1
刊到,1
中体西用,1
加一轨,1
买朵,1
碴子,1
结缔组织,1
承袭,1
城在,1
寄出去,1
像静,1
碰感,1
阿塔卡马,1
圣保罗,1
冲醒,1
咸湿,1
洛像,1
罗漠芃,1
哪栋,1
当星,1
连遗,1
当戏,1
豪绅,1
恭送,1
退幕,1
理罪,1
卑感,1
汤饭,1
讲太多,1
雕饰品,1
全美,1
大幅,1
快贷,1
全改,1
玻璃体,1
会载,1
歌般,1
会盖,1
肋部,1
人和物,1
赶去,1
速溶,1
外生,1
木材,1
辅佐,1
新贵,1
咸涩,1
秦汉唐,1
娃活,1
长治久安,1
学友,1
花花绿绿,1
坐井观,1
姬神,1
走见,1
樵夫,1
火燎,1
伙上,1
永乐,1
清屏,1
冰里,1
拾回,1
上過,1
綜藝,1
冬眠期,1
如鱼,1
良性,1
放烂,1
南明河,1
头饰,1
要大口,1
饶人长,1
高密,1
讲道德,1
唐樟桦,1
有多险,1
不爽快,1
油酸,1
汤香折,1
打蜜,1
活神仙,1
毛咯,1
子米,1
单线,1
窟子杂,1
出累,1
说们,1
笔话,1
批验,1
惟妙,1
惟窍,1
想恋,1
张万雨,1
老水干,1
水水水,1
铁架,1
天会化,1
尼格,1
尔扎,1
我拉向,1
荣誉感,1
塞嘴,1
只练,1
词看,1
喝津威,1
天翻,1
伙一,1
砖面,1
越战,1
窃,1
响太多,1
冲忙,1
我非,1
修理工,1
全班同学,1
喊断,1
咸咸,1
周芷璇,1
罗欢,1
力尽,1
贫或富,1
匆多,1
山和坡,1
解放路,1
党和人民,1
嘴害,1
打弹子,1
法扣,1
少克学,1
分恨,1
摇杆,1
绝沙技,1
豹头,1
鸣中,1
萨得,1
飙酱,1
小眉钉,1
跳过来,1
要展,1
药处,1
玩土,1
晦,1
勒路,1
搬九楼,1
虎虎生威,1
再多痛,1
伤重,1
表管,1
心付,1
要克,1
败送,1
没会头,1
洗白靠,1
小剂量,1
光火,1
游魂,1
猜话,1
讲明,1
雾别,1
展劲,1
读书笔记,1
抬棺,1
闷够,1
按结,1
九章,1
吾令,1
万鬼,1
伏藏,1
急救车,1
省二医,1
摆勒,1
火葬场,1
撒勒是,1
仔擦,1
年超,1
麻鬼,1
归太,1
归用,1
卖神药,1
方地,1
煞敢,1
见何,1
累多,1
亚峰,1
铤而,1
来顾,1
那点会,1
当糖,1
而百变,1
熬更守夜,1
请动,1
下火,1
何煞,1
差要,1
马面,1
胸围,1
下应,1
李小鸽,1
一语双关,1
漫不经意,1
心专,1
历尽磨难,1
雷博乔,1
丰可,1
双螺旋,1
龙之子,1
常安,1
马哲,1
远隔,1
高尔基,1
小寨,1
摆宴,1
全国上下,1
奔走相告,1
两三家,1
花当,1
白细胞,1
赵博迪,1
江川,1
迎刃,1
接一关,1
消毒液,1
医用,1
传染性,1
危情,1
为民,1
卫青去,1
泪盈,1
起敬,1
醉心于,1
周晨,1
高新科技,1
新冠成,1
心患,1
刘伊,1
竞逐,1
兴庆,1
湖泡,1
靖宇,1
张良,1
西北工业大学,1
之土,1
旗帜鲜明,1
民警,1
石路,1
盖下,1
凭此,1
秦始皇陵,1
李连旺,1
史祥君,1
红斑,1
刘双琦,1
西街,1
通义,1
共筑罗,1
通碟,1
执甲,1
颂诗,1
师范大学,1
疫,1
宏壮,1
奇瑞,1
文理学院,1
遇难者,1
零三,1
八水,1
阕,1
力战,1
待春绿南,1
稍门,1
花金三心,1
严酷,1
哪知,1
杨宇,1
秦岭山脉,1
农产品,1
褥子,1
似额,1
妗子,1
捂子,1
甜滴,1
屋涛,1
纸能,1
包吃包住,1
胚子,1
滴眯滴,1
偷些,1
达滴,1
词密滴,1
外瓜,1
偷廿人滴,1
陕普,1
开窝,1
干撒,1
陵区,1
逼装,1
吸着烟,1
像妲己,1
额舅,1
子大才,1
额达,1
堡子,1
上皮,1
美特斯,1
特邦威,1
不似,1
夸滴,1
面疙瘩,1
干渠,1
技以制,1
包羞,1
邓泽龙,1
做滴,1
上梁不正,1
下梁,1
郭少维,1
福地,1
仰仗,1
碎碎的,1
到算个,1
屁王,1
期疾,1
风扫落叶,1
般彻,1
设身处地,1
杨烨,1
建大,1
遥遥在望,1
耍来爷,1
都然,1
滴太蛮,1
胡成精,1
海哈眯攒眼,1
滴尿,1
戒子,1
颤滴,1
惯滴,1
人咧包,1
乃咧球,1
发长,1
抹脖子,1
我十,1
娘滴,1
胡日,1
鬼增,1
怂奶,1
苦手,1
从文到,1
到关,1
杠一哈,1
切板,1
整出,1
两回事,1
炮勒,1
开些,1
伙不说,1
懂嗦,1
昏有,1
搜下,1
孙红雷,1
挡风,1
配配,1
剩船,1
费叁,1
仟加,1
马神,1
左选,1
系照,1
不伤,1
升音,1
树头,1
骤,1
比花,1
林祥福,1
急人,1
更烈,1
海南岛,1
九种,1
威廉,1
古堡,1
兑满,1
对点,1
装台妹,1
水蛇,1
低鸣,1
最杀,1
说豆,1
装会装,1
犬狼入,1
于海,1
爱词,1
仔想,1
乜嘢,1
费周折,1
心边,1
系边位,1
超超马,1
沈畅,1
管个,1
比刀,1
í,1
好大乖,1
杰伦哥,1
耿耿于怀,1
射落,1
良弓,1
海棠花,1
多太多,1
说开,1
两盘,1
添点,1
吼破,1
碑石,1
人撞,1
至亲骨肉,1
日月如梭,1
乱岗山,1
别算,1
打萍,1
续假,1
情再,1
陈翀,1
个绅,1
软新,1
切麓,1
侧露,1
掣肘,1
宇和宙,1
栾坏,1
广播站,1
听蒙,1
整一个,1
学下,1
发癫,1
形换影,1
冥王星,1
挥击,1
古神,1
诱发,1
歃,1
服硬,1
亏太多,1
仙谷,1
名震一时,1
全球化,1
演奏家,1
虎将,1
他力,1
瑞克,1
黑哥,1
罗兰特,1
鲲哥,1
带杯,1
太累心,1
金管,1
六臂三头,1
没得代练,1
新粉,1
蟠桃会,1
想刚,1
几路,1
斗法,1
珠心算,1
罚跪,1
吊切,1
硬打,1
投不进,1
我款,1
写进去,1
退烧,1
雨困,1
首鼠两端,1
钻有,1
箱根,1
漫谈,1
窃窃,1
管只,1
爬山涉水,1
争到,1
赢起,1
马尔扎,1
五匹,1
出纳,1
纯耍,1
打扑,1
看扶翼,1
歃看,1
扒土,1
顶破天,1
喃走,1
老鼠过街,1
数大,1
染得,1
鬼泣,1
十儿,1
都市化,1
满钻石,1
可熟,1
混靠,1
本帮额,1
伊拉,1
西骑,1
卑谦,1
各界,1
放唱片,1
导盲犬,1
你梦会,1
看家戏,1
琴房,1
打翻身仗,1
杀威棒,1
寄生物,1
抗生素,1
母为,1
尘雾,1
来塞噶暇,1
体塞伐,1
极恶,1
串象哥,1
下任,1
点有,1
授奖,1
暖房,1
一睁,1
心如刀,1
忠诚度,1
决心书,1
痛彻心骨,1
得分手,1
跌跟头,1
分秒必争,1
十六次,1
冠狗哥,1
过赞,1
糅合,1
多棱镜,1
毒剂,1
铲起,1
机把,1
拼看,1
降智,1
红丝,1
好马颢,1
仿真枪,1
没得显,1
选脏,1
表鞋,1
发色,1
踏到,1
电过,1
放小,1
没炫到,1
零炫,1
费买,1
窝点,1
因父,1
膝痛,1
复会,1
软心肠,1
仪仗,1
众乐纪,1
我厌,1
贪旧,1
想考,1
爱梦到,1
金不懂,1
难于上天,1
围坐,1
匮缺,1
知罚,1
配靠,1
酣梦,1
霸凌者,1
恩施,1
切网,1
陪到,1
长得靓,1
夏草,1
冬虫勒个,1
手来邦,1
重管,1
涪江,1
碉楼,1
切演,1
沿海地区,1
封严,1
圈布,1
池边,1
萨瓦迪卡,1
当勒个,1
银川,1
背满,1
某句,1
这不太够,1
咸丰县,1
焦不焦,1
松得,1
起唱,1
喷图,1
骡马,1
闭不拢,1
没水起,1
生风,1
没吹够,1
桃柳,1
再验,1
真凶,1
不抖,1
问住,1
负下,1
色鬼,1
爱女人,1
切治哈,1
区间,1
样咯,1
写篇,1
记叙文,1
包年,1
留得久些,1
双唇,1
惯到,1
互相照顾,1
俊马,1
颢,1
危途,1
一问一答,1
声唱,1
理打,1
红黄,1
农忙,1
小儿麻痹,1
不冰,1
tcomebackpt.2,1
精得,1
渔翁得利,1
看鹤,1
蚌,1
提满,1
面散,1
狡抱,1
那哈儿,1
批表,1
挺蠢,1
发讲,1
小屁儿,1
网个,1
悠哉游哉,1
当赖克宝儿,1
阴阳人,1
果珍,1
大屁,1
意在,1
终點,1
快過,1
發射,1
妹嘿,1
真爱快,1
提雅去,1
小丑鱼,1
灌浇上,1
砼,1
冥火,1
牌价,1
发送信息,1
索拉给,1
端来,1
航天服,1
我太有,1
强劲有力,1
第二名,1
破损,1
好几圈,1
Label.20,1
尼苏,1
Label.2019,1
发点力,1
傻孩,1
唱菜,1
撑船,1
岁活,1
力大无穷,1
力大无比,1
闯拉满,1
批上,1
路克,1
放得慢,1
心放个,1
Prod.1,1
小丸子,1
花轮,1
暴抢,1
患难之交,1
胃太痛,1
棉外套,1
福利彩票,1
全通,1
爆破手,1
鲱鱼,1
说太累,1
世界化,1
周生,1
绕进,1
水如,1
武力威胁,1
增了,1
变勒冰,1
空想家,1
我博,1
咖啡猫,1
信誉度,1
太相因,1
付定金,1
复习题,1
败果,1
别招,1
摔到,1
大兜个,1
个赛,1
鸡蛋里挑,1
导火索,1
一戴,1
果实累累,1
比穿,1
泰伦卢,1
武训,1
育人,1
师兄弟,1
思春,1
家法,1
草稚京,1
侠风,1
勒索,1
账里,1
会意,1
尾页,1
精者,1
竞夺,1
未习,1
技高,1
技高读,1
学武,1
开页,1
勾儿,1
垂涎三尺,1
说合,1
真爱有,1
苏格兰,1
三周,1
闻海,1
中国移动,1
转当,1
一常,1
会映,1
望梅,1
踩入,1
采下,1
决策者,1
别乐,1
郁郁而终,1
休学,1
思域,1
历久弥新,1
用数,1
挂羊头卖,1
换手,1
猪脑,1
香勒,1
记分板,1
提字板,1
踢馆,1
好玩儿,1
省到,1
老本儿,1
稳到,1
热开水,1
太难选,1
发明创造,1
小美女,1
真命天子,1
一撒,1
Inc.2020,1
地呼,1
颠荡,1
簕,1
躲别,1
高晓松,1
嘴强,1
英雄事迹,1
人赞,1
Label.2020,1
同场竞技,1
班尼路,1
嘴会教,1
鬼哭狼嚎,1
负隅顽抗,1
Championvsevil100%,1
莫多,1
新冠甲流,1
口难开,1
有效期,1
勾脸,1
娃歌,1
日元,1
文班,1
亚马,1
新钱,1
涛儿,1
买够,1
回光返照,1
夹臊,1
我大杀,1
蒙塔,1
埃利斯,1
弹入,1
体是,1
有条理,1
残爱,1
宝财,1
圣战,1
言帮,1
梗着,1
办遇,1
治服,1
惯伟,1
年青,1
憎命,1
忠孝不能两全,1
赫命宏,1
监护,1
人食,1
家伟,1
赫命言,1
贯入,1
罗伊,1
拿不定,1
换下来,1
前付,1
前开,1
无法无边,1
不欠,1
飞涨,1
几滴水,1
躲哈儿,1
张鑫瑞,1
汪精卫,1
根华子,1
勒娃,1
发腮,1
医弟,1
笔称,1
满以为,1
加野格,1
局外,1
外睡,1
拉法叶,1
怪过,1
要少发,1
闯出来,1
早领,1
领军,1
五彩池,1
山之战,1
拍哈,1
多喊,1
颜射,1
青羊,1
健完,1
身整,1
空下,1
猎龙,1
黑魔法,1
7.30,1
儿花,1
菜汤,1
距系魚,1
幻想曲,1
刚洗,1
小噪点,1
多画,1
国潮,1
强光,1
踉踉,1
和跄跄,1
伪妄,1
莫梭,1
殷要,1
雪雨,1
验收,1
下巷,1
点太水,1
拍出,1
录音机,1
哑口,1
桃不教,1
你断,1
因爱受,1
家巢,1
刘亨博,1
一个愿挨,1
濒血,1
疯地,1
话术击,1
回笼,1
灵超弟,1
莫莫说,1
越糟,1
学样,1
别浪,1
魚皮,1
皮角,1
大对虾,1
特色小吃,1
绕弯儿,1
没六,1
耐逗,1
镲,1
聊美,1
备不住,1
毽,1
水馅,1
遵,1
茄泥,1
甭提,1
晚个,1
晌,1
咱先划,1
酒儿,1
就念语,1
爱洒,1
亚细亚,1
做浩南甘,1
全微博,1
腥臭味,1
洗一洗,1
甘大,1
我昂,1
扮野,1
我系度,1
容桂勒流,1
罚企,1
心態,1
依舊,1
细路,1
起屋,1
大良,1
别笑别,1
我乐高,1
酷垫,1
我莎,1
爱出,1
爱收,1
小学老师,1
大学老师,1
曾志,1
洪都,1
坏哩,1
面墙,1
爱哩,1
孤起,1
数路,1
入网,1
包勒,1
水流花谢,1
或桥,1
不莎,1
列是,1
康德,1
穿金带,1
萨特,1
不合逻辑,1
伤够,1
能试,1
上除,1
只过,1
结婚戒指,1
安乐窝,1
丑小鸭,1
舞说,1
掏不空,1
使用暴力,1
懂谟西,1
一人困,1
说妹,1
路儿,1
打盹,1
卓,1
数列,1
整规于,1
看哩,1
整烂哩,1
没弹,1
寄向,1
超起,1
憨皮,1
传绯闻,1
发烟,1
喜贵,1
方言学,1
缺哩,1
爹好,1
先遭,1
罗德凯,1
香雨后,1
骨为,1
屋住,1
如血肤,1
情比哩,1
比哩,1
浇一壶,1
酒解,1
旧愁,1
朱唇,1
多年生,1
问哈儿,1
我小想,1
我悄,1
好昏,1
扬州,1
花雪,1
不慌起,1
黑格尔,1
太安静,1
琴论,1
胎腹,1
深受,1
何几曾,1
笼笼统统,1
越得,1
洋谟西,1
掠食,1
老越,1
食草,1
妈怪,1
西叫,1
业余选手,1
发小发,1
往里装,1
整呈,1
乔布斯,1
揠苗助长,1
恒温器,1
微软,1
速像,1
本山,1
营,1
麻伊对,1
标麦口,1
银儿,1
走亲戚,1
麻伊,1
酒大喝,1
下播,1
大票,1
大药,1
半真半假,1
职业杀手,1
人会惯,1
进加,1
面再,1
材米,1
我交,1
买多贵,1
别太大,1
东张,1
西望,1
横冲,1
直撞,1
完肤,1
体无,1
下正,1
子金,1
白费心机,1
象限,1
敢喝,1
首架,1
先洒杯,1
军备竞赛,1
悔青,1
先得学,1
傻杯,1
受死,1
群中,1
城像,1
内侧,1
不论什么,1
免疫系统,1
奥密克戎,1
动点,1
老实话,1
得供,1
只服,1
掌握住,1
掐指,1
点伤,1
没句,1
情变,1
抽开,1
间接性,1
旮旯儿,1
警察局,1
红灯区,1
黑活,1
抢生意,1
棋下,1
老少爷们儿,1
黑黄,1
说全,1
太绕,1
收不完,1
盘收,1
放一歌,1
吃一堑长一智,1
李刚,1
小欧,1
有醉,1
野炮,1
持续性,1
跳大绳,1
存点,1
爱非,1
耐烦,1
浇成,1
美灭,1
尘嚣,1
泡烂,1
明面儿,1
遛个,1
摆地摊,1
太露,1
会歌,1
唠会,1
没个准,1
写毛笔字,1
聊天儿,1
蜜加,1
东边儿,1
词到,1
糊子,1
头新,1
舍人,1
多学哈子,1
盼么样,1
小安,1
蒸蛋,1
更乱,1
楼耀快,1
祝君,1
有五楼,1
边数,1
酒泡,1
油衣,1
麦一,1
打牛,1
挖岛,1
广买个,1
江汉关,1
四合院儿,1
拍洋,1
泛儿,1
痛太多,1
陈哥,1
张磊门,1
哈生,1
我克国,1
呕人,1
汉马产,1
油子,1
流克,1
瞄个,1
参刀,1
莫咯,1
熄根,1
进家,1
豪到,1
六周,1
浓得,1
贱个,1
九十年,1
搂实,1
耶耶耶贱,1
浓痰,1
踩水,1
捆个,1
现任,1
闪送,1
这黑,1
没在理,1
还贷,1
不洗,1
那关,1
肺吐出,1
黑给,1
人太挤,1
妄之地,1
全握,1
面目可憎,1
冷着,1
指流,1
价是,1
没天,1
NoTimeLikeChristmaspt.2,1
起哩,1
豁爱,1
服帖,1
水用,1
之水,1
高潮迭起,1
车限号,1
慵,1
雨林中,1
袋装,1
编哩,1
录哩,1
他句,1
乖哩,1
差哩,1
试一哈来,1
怪于,1
进歌里,1
巴实,1
卵匠,1
点字,1
完咯,1
伤叹,1
走落,1
时未,1
面气,1
来决,1
北湖,1
大秀哥,1
咯当,1
看童,1
锦程,1
一人游,1
感莫把,1
愠色,1
功倍,1
踩准,1
事半,1
前提条件,1
七零八碎,1
记性差,1
包气,1
黑烦,1
双雪涛,1
上钢,1
不太早,1
超是,1
啃得,1
动不在,1
唯开,1
撵出去,1
没货,1
起买,1
怂太多,1
阿男,1
坪,1
第八代,1
王奕来,1
半集,1
癫疯,1
斗气,1
第六期,1
整得动,1
大白鲨,1
开埃尔法,1
宇杰,1
适有,1
冲绳,1
烧倦,1
耍欢,1
垫出去,1
T型台,1
穿针引线,1
丁震爱,1
玩少些,1
翻像,1
发向,1
洲际导弹,1
那桌,1
起泡沫,1
宝谢,1
蒋大为,1
黄豆豆,1
王洁实,1
滕矢初,1
独眼,1
狂点,1
光产幻,1
前程无忧,1
秋刚,1
徐昆红,1
樱儿,1
副司令,1
码家,1
阆中,1
混要,1
起多水,1
沼气,1
我晃起,1
能得,1
脏辫长,1
点货,1
驾叠,1
回族,1
完王,1
取完,1
取起,1
平均海拔,1
踩下去,1
环卫工人,1
爆大,1
并切,1
下尔萨,1
切骑,1
喝药,1
会压,1
再任,1
变咯,1
很巴,1
二号,1
赢子杰,1
气宇,1
替换成,1
扶稳,1
要慢,1
涂涵,1
年产,1
中年男人,1
福而,1
三年五载,1
标着,1
不为人知,1
舰艇,1
偏长,1
敞起,1
涨起,1
针灸师,1
毁谤,1
一照,1
仁川,1
先照,1
坐垫,1
曹磊,1
陈雪娴,1
皇甫,1
凌雨,1
非故意,1
捏造事实,1
你共赏,1
赛里,1
心旷欲,1
朋自,1
座上宾,1
心带,1
相汇,1
来唠一,1
清洁员,1
儿马,1
钱卷,1
看先,1
宰人,1
戴得,1
巡视,1
付斯瑶,1
感不上,1
林心如,1
没新冠,1
上兰博,1
苦弟,1
娃算,1
刹杠,1
起滴,1
卖出去,1
花脱,1
贴起,1
只放钱,1
借刀,1
搜全,1
钢爪,1
网红用,1
熬鹰,1
老白干,1
ʕ,1
Ɂ,1
罗根,1
烧不净,1
只接,1
穿惯,1
五步蛇,1
晚间,1
反犬旁,1
出笼,1
缔结,1
吸铁,1
鱼雷,1
没拢,1
换口味,1
奇缘,1
交通事故,1
银珠,1
凯哥,1
场里,1
尹震,1
成败论,1
巴乔,1
人窝,1
心不愿,1
天会用,1
算作,1
力比多,1
没球个,1
我交新,1
交不上,1
大避斗,1
践,1
很潮,1
脸大唱,1
随份子,1
码放,1
学掉,1
骂大街,1
亚麻,1
巡,1
来分,1
一百多万,1
第三部,1
幕府,1
留堂,1
背号,1
瓦力,1
父慈子孝,1
地越,1
歌为,1
撞壁,1
总拉着,1
连水,1
人三火,1
真姓,1
利比里亚,1
蜜蜡,1
发育不良,1
指甲刀,1
货麻伊,1
报社,1
头版头条,1
蜘蛛人,1
爱热,1
我通,1
头七麻伊,1
逼养,1
唐吉可德气,1
压线,1
入框,1
被博,1
起嘻哈,1
性压抑,1
出生证,1
远像,1
做快,1
差非,1
号们,1
步接,1
打打闹闹,1
又臭又长,1
后场,1
六七八九十,1
柳岩,1
星耀局,1
你件,1
最气,1
没脸没皮,1
大论,1
美害,1
字要,1
晓都,1
面白且,1
燃半柱,1
缩近,1
火盆,1
八听,1
比们,1
黑化版,1
六十大寿,1
健康长寿,1
拼拼凑凑,1
左和右,1
十秒,1
挑大梁,1
喃有,1
哈妹,1
独木船,1
打几炮,1
饿成,1
刹回,1
妈爸,1
成瓜,1
盘嘛,1
描绘成,1
飙哈车,1
走会,1
商业区,1
取钱,1
高笋,1
搞颗,1
努里,1
周迅,1
海森堡,1
偏题,1
盖世太保,1
你练,1
趴着睡,1
假模假式,1
法而,1
罗姐,1
两三百,1
作恶多端,1
无恶,1
不涉,1
帅样,1
说峰哥,1
跟峰哥,1
革命性,1
吴克群,1
老年人,1
先练,1
坐不改姓,1
海绵体,1
钱付,1
小崽,1
不怒,1
自威,1
没帅够,1
不玩假,1
多特蒙德,1
久子杰,1
赵忠祥,1
更会整,1
技术含量,1
秋明,1
通惠河,1
汉堡包,1
多聊会天,1
崩批,1
心非,1
口似,1
无风不起,1
力血,1
炫起技,1
授,1
胆真大,1
吵个,1
人以群分,1
水往,1
帝下,1
最行,1
他治好,1
扫着,1
心大,1
坚如盘,1
踪,1
麻吉红,1
喂养,1
探险家,1
墙内,1
别别扭扭,1
飞落,1
人自,1
墙去,1
树杈,1
出趟,1
煤堆,1
狂爱,1
末代,1
鬼话连篇,1
荡然无存,1
乱待,1
怎们,1
两关,1
割心,1
个歌,1
沾巾,1
压箱,1
访过,1
雄黄酒,1
背天,1
席地,1
现钞,1
尖梢握,1
烟道,1
囚路,1
灵枢,1
难书,1
掌教,1
早觉,1
大干一场,1
心它,1
四眼田鸡,1
填心,1
致远,1
老诗,1
金闪闪,1
曲协,1
第二位,1
进金,1
炼金,1
清静无为,1
看道法,1
参禅,1
风只,1
万嘱,1
锚,1
老牌子,1
掺酒,1
心在汉,1
小小花,1
中入,1
千丈,1
外得,1
骄阳似火,1
奋力拼搏,1
极强,1
有粒沙,1
玩具枪,1
吹炸,1
贞操,1
享尽,1
秦桧,1
扫到,1
不愿轻,1
根义,1
立想,1
前功,1
门帘,1
切段,1
炸道,1
有胆,1
下输,1
表皮,1
浇出,1
避雷针,1
因该,1
劳教,1
危坐,1
正襟,1
不化,1
真凭实据,1
授人以渔,1
知天,1
不穷,1
影斜,1
身之道,1
己所不欲,1
施于,1
吹评,1
人浪里,1
热像,1
卢修斯,1
鸟为,1
食而亡,1
孤芳,1
风发功,1
发梦,1
枕边风,1
不老功,1
他常,1
白难,1
白玩,1
皇家礼炮,1
愿清者,1
男宠,1
勇争,1
存住,1
北爱,1
种花人,1
成森,1
双木难,1
穿门,1
音乐味,1
抬高自己,1
不斗行,1
比龟,1
应万变,1
ㄚ,1
试遍,1
免战牌,1
难磨针,1
挂心,1
首府,1
音容笑貌,1
上交,1
气管炎,1
山红,1
败将残兵,1
墙篱,1
冲退,1
没知乎,1
蛇果,1
通不,1
胆才,1
衡量标准,1
如花,1
多窝,1
吞爱,1
中盛宇,1
一亿,1
当输,1
下毒手,1
才纳,1
狂沙许,1
磨着,1
疯遍,1
有锁,1
过像,1
而敢,1
东方之珠,1
我料,1
货崩称,1
鼎鼎大名,1
可越,1
疯涨,1
伤风,1
蓬荜,1
会念,1
首会,1
淫秽,1
泱泱大国,1
阿尼,1
阿瑟,1
冲要,1
读书会,1
我军,1
临阵磨枪,1
好几亿,1
一蹴而就,1
五一广场,1
药王,1
四合,1
恰热,1
樵,1
里手,1
恰苦,1
耐劳,1
靓姐,1
星姐,1
要港,1
七圆,1
喷香的,1
臭干子,1
夹多力,1
各范,1
懂味举,1
晚亭,1
水恰,1
眼河,1
老来,1
电倒,1
慢爱,1
看送,1
细到,1
鱼哈是,1
阁爱,1
哈熟,1
杂满哥,1
只恰,1
黄土岭,1
黑石,1
省图书馆,1
挂别,1
那磨,1
马失前蹄,1
小逼样,1
朽腐,1
囚服,1
何而生,1
壁上观,1
我终,1
争过,1
喝边,1
治国安邦,1
太凶了,1
独马,1
儒家,1
持己,1
端方,1
三光,1
三慌,1
能九出,1
一白,1
根扎得,1
消走,1
没人斗,1
我电,1
絮絮叨叨,1
抄抄,1
麻吉,1
马勒,1
手湿,1
更多金,1
密友,1
章克,1
我敬天,1
不敬命,1
入髓,1
二十大,1
百仇,1
辄,1
叮咬,1
清剿,1
背着手,1
自醉,1
刘亦菲,1
摇色,1
有求,1
一航,1
冰川期,1
中永葆,1
心让,1
或少,1
点过,1
陪书,1
散后,1
南洋,1
利比亚,1
描写出,1
酒不醉,1
深吻,1
查理,1
文嚼,1
斩颜良,1
黑墨汁,1
唱不出,1
信得,1
养出,1
不太让,1
我倦,1
得值,1
小二子,1
先教,1
先备,1
德才兼备,1
如姿,1
仔叫,1
老爱笑,1
澎拜,1
今到,1
斗早,1
斗小啷,1
扯扯,1
飒个,1
败得,1
不多开,1
一搁,1
哥布瑞吉,1
戴细,1
起玉,1
依都,1
阴得些,1
样布瑞吉,1
红想,1
过补,1
过缝,1
醉醉,1
连老子,1
开成,1
无芳草,1
先吹个,1
不圆要,1
不全,1
那群人,1
胡拼乱,1
场新,1
比秀,1
比新,1
水脏,1
一缸,1
刚新,1
扫微,1
信加,1
妈会,1
插柱,1
怂偷,1
日过,1
法往,1
没作,1
出锅,1
尽人事听,1
手走,1
坑坑,1
整洋,1
再安,1
家室,1
护舒宝,1
历,1
正处级,1
金箭,1
抬望,1
伴里,1
难咽,1
伤失,1
播讲,1
赏主,1
天局,1
十九号,1
男哩,1
几要,1
讲下,1
三朝元老,1
转它,1
儿布瑞吉,1
厅头,1
说组,1
地晕,1
八像,1
抓钱,1
问几折,1
蒙力,1
仕,1
血些,1
天聊,1
褒贬不一,1
泡汤,1
播进,1
做道,1
穿针,1
辈出,1
气往,1
有血,1
婆娑起舞,1
真求,1
课会,1
立好,1
我练成,1
黔驴,1
高到,1
配叫,1
大小事,1
有口,1
团麻,1
冲才,1
安适如常,1
哪顶,1
练胆儿,1
审病,1
娇线,1
线儿,1
丧眉,1
搭眼,1
阴柔之美,1
我阳力,1
铁丝网,1
钳子,1
枪去,1
嗟来之食,1
再惯,1
秦朝,1
超贵,1
差别待遇,1
爱理,1
魑魅,1
数九寒冬,1
善自,1
天誓,1
不喊累,1
与国,1
存亡,1
天书,1
蛮脆,1
叱吒风云,1
生意兴隆,1
百听不厌,1
换别,1
舟舟,1
唐子,1
谱写成,1
为空,1
疑点重重,1
不惑之年,1
复去,1
谢万岁,1
糊币,1
不爱过,1
屁孩能,1
糖当,1
倒序,1
再受,1
二十八岁,1
无念本,1
无念,1
应心,1
灵能,1
杨敬林,1
三十五岁,1
九分,1
越爱唱,1
张国荣,1
啃过,1
抱憾终身,1
凛然,1
众人皆醉,1
扶起,1
少儿不宜,1
后哩苦,1
申明,1
有主,1
数小面,1
烦爱,1
难勒,1
闭不闭,1
搞合,1
银铃,1
其修远,1
命要,1
身外物,1
马骁飞,1
头挤,1
九龙坡区,1
坐实,1
直气往,1
头吸,1
上漆,1
急要,1
重拳出击,1
想争,1
恨里,1
赔还,1
天就亮,1
北滨,1
手都举,1
天理循环,1
拉到,1
雾云里,1
衣补,1
香是,1
梦少,1
样没个,1
老货,1
别鬼,1
看倦,1
吴宗宪,1
天怒人怨,1
已阅,1
文韬,1
武略,1
做性,1
关平,1
缺心,1
其形,1
辛普森,1
自王春燕,1
全过程,1
恶神,1
树倒猢狲散,1
骑射,1
当纸,1
配齐,1
名命,1
摩根斯坦利,1
地游,1
乞者,1
洽恰,1
欢帮,1
鸡贼,1
胆大包天,1
有多弱,1
保健所,1
皮御姐,1
网贷果,1
涨要,1
股阵,1
咕到,1
小事一桩,1
而错,1
仔仔细细,1
请进,1
屏息,1
喷受,1
但放回,1
理事会,1
耷总,1
贵哩,1
死当,1
汤米,1
扫货送,1
毛姆,1
超凶,1
学懂,1
探个,1
唱壁,1
亮剑,1
屋旁外,1
宋昭,1
伊斯,1
根白,1
我折,1
棚儿,1
铺床,1
叶影晃,1
封套,1
洣,1
包好,1
梨膏,1
遮月,1
捱到,1
放克,1
莫肿,1
新写,1
善战,1
没取,1
我蔑,1
寡喊,1
打款,1
失意者,1
声敬,1
瑞奇,1
高岗快,1
别带,1
一浪接,1
掰起,1
水都,1
漫到,1
绝处逢生,1
往事如梦,1
换站,1
出导,1
柯平,1
兑为,1
几人凉,1
样调,1
腾腾,1
老树下,1
长几人,1
红有,1
黄几人,1
五栋,1
芯蕊,1
第十二号,1
死局,1
程梓瑜,1
鼓到,1
台哩,1
芮熙,1
结筋惯,1
七种,1
张倩怡,1
屁飞,1
于光,1
残摩,1
舞舞舞,1
骗进,1
特么会,1
斯乐斯,1
波齐,1
哥波,1
真对,1
什有,1
没往,1
缺德,1
血该,1
丧犬,1
纽曼,1
浸润,1
意写,1
唱晚,1
罗贯中,1
留小,1
大律野,1
床路,1
大摞,1
诺诺,1
坎普,1
普希金,1
单田芳,1
方世玉,1
关之琳,1
操着,1
飞流,1
南大街,1
似梦似,1
灰吹落,1
电钢琴,1
天爱,1
降档,1
之袍,1
打皮,1
搞整,1
稳加个,1
油爆,1
工资分,1
花嫁,1
再订,1
台卡,1
颜局,1
头先,1
李孝利,1
签单,1
妹太骚,1
白喝,1
包从,1
希介哇,1
连麻配,1
买狼牙,1
变轻,1
攻子之盾,1
以子之矛,1
执照,1
汽化,1
旅游景点,1
瓜田,1
入定,1
下星期,1
钥匙孔,1
此拿命,1
洞宁,1
管嘛,1
多惨,1
看盘,1
射电,1
漂来,1
儿像,1
竹板,1
暗自神伤,1
箱琴,1
编唱录,1
回春,1
深宅,1
阿圭罗,1
我外,1
内热,1
架生,1
浦琪璋,1
渔舟唱晚,1
定速巡航,1
上静静,1
起大早,1
后驱,1
我拉个,1
全日,1
右舷,1
李贞贤,1
李晓,1
易哲,1
余芊,1
左清,1
易童川,1
大婧,1
深在,1
张在,1
太阳帆,1
盲区,1
美距,1
荻野,1
目洋子,1
鄭秀文,1
煞科,1
总停,1
儿进,1
气孔,1
控制器,1
环形山,1
发我个,1
帖子,1
飞图,1
有长,1
烽火连天,1
高望,1
秦弓,1
首身,1
离心,1
不惩,1
诚既勇,1
武终,1
凌身,1
魄毅,1
长方形,1
拿件,1
避一避,1
几昼,1
令人羡慕,1
恩爱夫妻,1
说行,1
天琴座,1
辛烷,1
一簇簇,1
歌接,1
打颤,1
捂紧,1
全卖,1
上同,1
宋祖英,1
纸壳,1
交响乐队,1
来超,1
十字军,1
高光别,1
没人切,1
人划,1
儿斗,1
点渣,1
忽灭,1
锁云,1
树莓,1
骤停,1
钟痂,1
时漏,1
短讯,1
霎那间,1
ଲ,1
是究极,1
慢歌,1
听慢,1
食人花,1
张识,1
磁器,1
只勒,1
儿日,1
白越,1
没日白,1
包白,1
史努比,1
南滨,1
哈告,1
浪个,1
圣经上,1
烫金,1
耍永力,1
手板,1
越早,1
嘴扫货,1
好生意,1
进杯,1
冰太多妹,1
地滑,1
纸堆,1
冤仇,1
鸠占鹊巢,1
歇业,1
市场规律,1
鼻有,1
心掉,1
进谷里,1
不寐,1
烛泪,1
酥脆,1
总写,1
无数道,1
化妆台,1
唇彩,1
白冰,1
敲进,1
技练,1
打紧,1
再画,1
指配,1
滑出,1
趁爱,1
幽邃,1
滨江区,1
折上,1
疯个,1
一百元,1
关沐泽,1
朗莹,1
归去来兮,1
离歌别,1
灾厄,1
角马,1
斗耍,1
逛哈,1
威斯,1
两组,1
会忆,1
到究,1
希介空接,1
领逼,1
超亮,1
比匪,1
切烦,1
果一,1
管站,1
人闪,1
不板,1
不惨,1
子劲,1
搞票,1
根力,1
太飘,1
趴得,1
触熄,1
满点,1
辛勤耕耘,1
集结成,1
会输少,1
配辆,1
痛和苦,1
乘风扬帆,1
解只,1
壮个,1
蓄起,1
条少,1
刘嘉一,1
点存,1
歌舞团,1
何书桓,1
卡学,1
取一哆现,1
拉一哈,1
顶通,1
翻篇往,1
连神,1
咽炎,1
偷离,1
陪送,1
算差,1
耍火,1
急永力,1
预付款,1
更肥点,1
说少点,1
小碗,1
起永力,1
嫩绿,1
书本上,1
账别,1
雪顶,1
傻缺,1
影视剧,1
早斗,1
抬得,1
看介,1
耍野,1
死无对证,1
很稳,1
输不输,1
一托,1
麻脚,1
打得赢,1
哪一,1
瓶来,1
白子,1
八子,1
证儿,1
古怕,1
夜班车,1
正过,1
杂妹,1
厂货,1
莫宝里,1
邓杆,1
思音喻,1
国事,1
人架,1
大运河,1
三弟,1
顶人,1
聪都,1
说萨谱,1
得变,1
圣何塞,1
没盛宇,1
想敢,1
怎过,1
冒港,1
结精,1
杂路,1
盖码,1
好恶,1
杂猪,1
飞照,1
散板,1
一杂路,1
值杂,1
太飘滴,1
绊绞滴,1
畏畏缩缩,1
缩手缩脚,1
甲鱼,1
一找,1
不港,1
克看,1
妇幼,1
配究,1
广济桥,1
棚屋,1
过妹,1
血灰过,1
克过些,1
国慢,1
九井,1
那杂,1
会港,1
大大小小,1
心界,1
玉皇,1
通不过,1
胸魄,1
老处,1
万事兴,1
轻于鸿毛,1
瓢策,1
邓兜,1
霍到,1
杂港,1
恰糖油,1
李富春,1
看腿曼,1
打工族,1
麻纱,1
会次,1
射过,1
恰杯,1
桥墩,1
短用,1
做杂,1
食杂,1
果品,1
克琴岛,1
盖杂,1
装硕,1
波能,1
体貌,1
异教,1
缺勤,1
肠过,1
写硕,1
似迷踪,1
主题公园,1
事不关,1
看野家,1
暴龙要,1
从言到,1
腰平,1
一字马,1
背後带,1
招练,1
完口,1
比掉,1
文摘,1
坐古,1
婶婶,1
驻地,1
兵来,1
神清,1
气爽,1
光路,1
前生,1
全认,1
纪实,1
个字会,1
电闸,1
玩扮,1
策哈宿,1
唱错,1
爱射,1
面爱,1
绒布,1
吸吐扎,1
剔个,1
野台,1
命格,1
眼底下,1
密告,1
一九八八年,1
总叫,1
莫屎,1
警叫子,1
李清德,1
疯噶哒,1
做宝,1
转范子,1
吊港,1
框摸,1
十瓶酒,1
倒鬼信,1
一毛要,1
一分一毫,1
篡,1
校内,1
剪牌,1
归元先,1
偏练,1
雅灭蝶,1
哥儿们,1
接踵而来,1
发的妹,1
篇篇,1
总伤,1
该定,1
师夷之长,1
长株,1
潭,1
字字句句,1
牌笑,1
难施逸凡,1
版新,1
斯串,1
拿杂,1
贩点,1
水油,1
灶神,1
哈周,1
原味,1
杂味,1
那杂味,1
买四杂币,1
笸箩,1
货莫买,1
莫摸,1
炸臭,1
干子,1
憨子,1
硕得,1
一伴,1
要敬个,1
达奇,1
小力,1
打更,1
城郊,1
皮上,1
义勇军,1
好血洒,1
进错,1
剩太少,1
便成仁,1
糖太娘,1
策谈,1
细姨,1
麻石路,1
呿,1
伢港,1
杂别,1
里外里,1
串哈,1
哈住,1
影单,1
这刚,1
工资卡,1
贵得,1
满水,1
话不投机半句多,1
不爱上,1
脑震荡,1
我火,1
更靓,1
三姑,1
货机,1
冲下去,1
泽别,1
升个级,1
总形,1
逝为,1
记满,1
但咧信,1
喊盛宇,1
霍有,1
他港,1
透鲜,1
鱼会,1
变灵范,1
鱼籽会,1
满页,1
黏常,1
印放鸡,1
消食,1
娘港,1
耶卵,1
穷个,1
要量,1
不归别,1
变莫使,1
不扮,1
三杂桥,1
文和友,1
滴辛,1
老屋,1
租给,1
唱花,1
新民学会,1
晚乐巢,1
吃滴,1
滴坡子,1
莫克,1
别滴,1
溃细,1
侯家塘,1
玩幺伍,1
过里,1
恰滴,1
没白来,1
拼一拼,1
鞋会,1
妹要,1
砌墙,1
老相好,1
宽松,1
半码,1
十本,1
面干,1
鞋市,1
求合,1
超百搭,1
校园生活,1
书堆,1
那道题,1
哈莫拢,1
挑哈土,1
先顶,1
先和盘,1
水怪,1
一个箭步,1
谁动,1
讨回公道,1
满袋,1
刑房,1
藏羚羊,1
士别三日,1
出味,1
一大笔钱,1
良辰吉日,1
破浪乘风,1
从脑,1
相碰,1
过骗,1
尼斯湖,1
会扮,1
理科,1
结精框,1
烟歇,1
铁杆,1
范子,1
姆妈,1
哈听,1
乔多力,1
妹陀,1
校树,1
柠,1
升旗台,1
心理学,1
没跳够,1
回条,1
炸校,1
胖是,1
日渐壮大,1
洼地,1
绿皮书,1
转接头,1
上层社会,1
天闻阁,1
琴谱,1
数尽,1
学府,1
很顶,1
更紧,1
蕴含,1
地运,1
拼贴,1
爬上爬下,1
五声,1
手袋,1
有负,1
正北,1
鸡兔同笼,1
汇总,1
帮张,1
川粤苏,1
变撒,1
艾火,1
问东问西,1
得慢,1
散闭,1
詹天佑,1
贝聿铭,1
文字版,1
富春山,1
居图,1
供货商,1
上读,1
红磨坊,1
洪湖,1
私塾,1
注音,1
注进,1
刺出,1
拍花,1
塞点,1
妈面,1
手力,1
畏高,1
翻倒,1
插起,1
大皮,1
沙律,1
冷装,1
别厚,1
樟脑丸,1
原处,1
씨,1
步网,1
赔笑,1
退朝,1
南水北调,1
蜻,1
骨筋弹,1
向祖,1
盘形,1
攀行,1
当蒸,1
轮滑,1
蜓,1
恕难从命,1
大脚板,1
芭蕉扇,1
川普想,1
任期,1
无战事,1
一官半职,1
雷锋塔,1
请坐下,1
沾染上,1
期后,1
移着,1
得见,1
莱德,1
ā,1
要权,1
没大,1
同辈,1
音乐课,1
太肥,1
地知行,1
用得上,1
第一款,1
这款,1
星狗,1
完富,1
牛吹,1
淡雾,1
换新座,1
屋在,1
弥勒,1
守时,1
竖旧,1
田纳西,1
卡塔,1
纳溪,1
牙龈,1
加狠,1
跪低,1
叠字,1
学不懂,1
服务态度,1
改不改,1
编点,1
路太难,1
又立,1
本场,1
判断能力,1
糊成,1
快道,1
当砖,1
装家,1
多尼尔,1
兹曼,1
得练个,1
水果摊,1
凹凸不平,1
退成,1
废成,1
货硬,1
核得,1
头落,1
路易十六,1
迪斯尼,1
只算个,1
快笑,1
怨声载道,1
骨里,1
信息流,1
砖家,1
火不只,1
谣,1
躲学,1
那人设,1
眼合,1
二爱夫,1
虚用,1
论理,1
写头长,1
看谢,1
专不出,1
变不出,1
咏叹调,1
青菜萝卜,1
录敢,1
萝莉塔,1
广州火车站,1
汉克斯,1
克鲁斯,1
达蒙,1
银联,1
那木,1
印钞,1
超额完成,1
陆放导个,1
屁对,1
刘作峰,1
先比个,1
味撒点,1
标贴,1
枣们,1
阿丽塔,1
肚长,1
施特劳斯,1
瘦身,1
解出,1
爱默生,1
煤粉,1
没粉,1
眉粉,1
高空作业,1
哥德堡,1
单击,1
不学腻,1
No.91,1
但心,1
杳无音信,1
结好,1
理油发,1
摩卡,1
拿词,1
当火,1
斯柯达,1
灵敏,1
店想,1
出想,1
苹果公司,1
日本国,1
时往,1
莱福枪,1
代数,1
报导,1
溶蚀,1
令人发指,1
加时,1
急升,1
壹酷,1
老湿,1
战斗性,1
跳高,1
刀削面,1
刀式,1
公事,1
说累,1
费马思,1
签给,1
残旧,1
通稿,1
详谈,1
格沃兹,1
时见,1
同职,1
冠军队,1
眼不闭,1
能系,1
发怔,1
电超,1
张伯伦,1
全熟,1
油光满面,1
黑帽衫,1
陶街,1
整翻首,1
刮加,1
加支,1
南到,1
一墨,1
执笠,1
女粉系,1
拍大屎,1
忽钱系,1
戚激,1
吉净系,1
贷里,1
帮你顶,1
讨着,1
羊毛衫,1
奶盖,1
编奏,1
摊着,1
背硬,1
炮报,1
行酒令,1
唐老鸭,1
麦当娜,1
每袋,1
几百斤,1
托尼贾,1
女模,1
领事馆,1
每条线,1
麻油,1
葫芦丝,1
当碗,1
三车,1
互害,1
土寨造,1
护爱,1
和谐社会,1
买堆,1
翘到,1
会议桌,1
那高管,1
录多,1
弹跳力,1
晃起,1
臂展,1
会做人,1
塌成,1
建筑风格,1
罗素,1
卢梭,1
牛角,1
可颂,1
换块,1
鸟叔,1
权志龙,1
抛投,1
深洞,1
正名,1
但面,1
陷着,1
RealRapShitPt.2,1
我扣,1
木有,1
拳致,1
卖房子,1
胡歌,1
水表,1
宋仲基,1
选妃,1
鹿说,1
那一休,1
毫不相干,1
白底,1
忍蛮,1
不轻不重,1
劳役,1
瞧戏,1
摇臂,1
烂摊子,1
人浪,1
钟丽缇,1
想聊,1
里任,1
废像,1
学位,1
葉子,1
黄军,1
刘嘉裕,1
蔡奇,1
筝,1
景景,1
这抄,1
配瓶,1
一两步,1
多早晚,1
锦囊,1
睡小爷,1
三路,1
力小爷,1
开杀,1
磨刀擦枪,1
空先,1
邪魔歪道,1
毕恭毕敬,1
像浩克,1
狼入,1
续番,1
立于不败,1
李明泽,1
李毓,1
哲,1
蔡昊驰,1
圣枪,1
打瓦,1
坠里,1
转会,1
辫放,1
恶苦,1
冷过,1
脸软,1
肚脐,1
晚回,1
有糖,1
围圈,1
拍起队,1
伙飘,1
神挡,1
赌咒,1
构勒出,1
刻入,1
用断,1
黄瀚,1
潮汕人,1
那碟,1
农排,1
婉该,1
我差,1
狭义,1
放狗屁,1
不穿,1
丑到,1
攻伐,1
效命,1
会震聋,1
气动,1
堵别,1
这序,1
太多缺,1
独看,1
无伴,1
万多光年,1
裁量,1
气人别,1
这抖,1
一骚,1
白带,1
顾不了,1
一猫,1
舌灿生,1
如日,1
七条,1
酷见,1
王败寇,1
曹韩,1
独叹,1
提伤,1
三昧,1
两不相,1
一敌,1
谦子,1
试飞,1
乱造,1
缺逼,1
找人带,1
回肚,1
中话,1
食分,1
腹人,1
分情,1
坐观成败,1
技术水平,1
拉秧,1
威震八方,1
叫骂声,1
文化背景,1
后油,1
尽灯,1
嘿瓷,1
全别,1
耕地,1
当铁,1
不爱脱,1
最渣,1
阿汤,1
耳边风,1
出师不利,1
那旗,1
蜜意,1
蛊惑人心,1
夺门,1
造钱,1
可及,1
互通,1
太妙了,1
牙全,1
捞些,1
沸热,1
沾边儿,1
穿出,1
哈尼,1
心不由意,1
记功,1
心怡,1
这闹,1
当世要,1
福无双至,1
一命归西,1
多灾多难,1
患别,1
多吃多占,1
但学过,1
李晨,1
喷让,1
亲征,1
听醒,1
哈版,1
肩想,1
代目,1
布鲁尼,1
型方,1
螳臂挡车,1
陈总,1
和好如初,1
砂子,1
马瑙阔,1
流扬,1
迪瓦尔,1
酷冰侠,1
邹惨,1
斯坦威,1
杠起,1
感没得,1
叛军,1
苏富比,1
基金,1
群蛇,1
旅行包,1
走现,1
泼醒,1
镇定自若,1
之猩,1
做弟,1
软咯,1
他练,1
之美,1
雒城,1
帅印,1
酸民,1
第二回,1
瓦尔,1
守格,1
头空,1
谢个,1
蹦极跳,1
唰,1
少糖,1
摆入,1
版权法,1
陶晶莹,1
太委,1
食物残渣,1
微博有,1
超烦,1
骚扰电话,1
饭别,1
流流,1
嘘别,1
有钱有势,1
抓好,1
有金,1
破笼,1
接池,1
阴兵,1
首屈,1
宝石蓝,1
上卡起,1
进包,1
干音,1
张三请,1
制胜,1
跟脑,1
围起,1
我学得,1
洗人设,1
电得,1
小八郎,1
神娃,1
冰咯,1
碧玺,1
五几从,1
速战速决,1
巴勃罗,1
喜悦感,1
假越,1
七五,1
自动门,1
黑狂,1
怀特,1
希能,1
可乘之机,1
生二胎,1
吊歌,1
活好整,1
酷字,1
劳从,1
诈死,1
我贵,1
喷两哈,1
吊惨,1
赵姬,1
碘,1
歌值,1
弟录,1
像解,1
谋士,1
咋行,1
小余,1
冰尖,1
点新点,1
上西天,1
邵,1
鼓手,1
乖想,1
耶耶,1
楼板,1
没充,1
开拢,1
四档,1
多忘事,1
作不出,1
偶而,1
太玄,1
幻够,1
心凉,1
艳越,1
晋阳,1
商厦,1
低于,1
印条,1
完全避免,1
顶货,1
胀满,1
作起,1
太高明,1
楼罗,1
接夺,1
龙纹,1
明来,1
梯级,1
大见,1
鸽开台,1
SummerDayPt.2,1
小鸟球,1
事想,1
讲桌,1
把源,1
天赐良机,1
极热,1
看哈真,1
神经系统,1
走人装,1
粉们,1
撒人,1
土娃,1
支招,1
玉句,1
放束,1
阿依妮,1
格尔,1
戴拉上,1
派点,1
杨浦,1
三屯,1
温开水,1
熔浆,1
承重墙,1
茅盾,1
五号线,1
再少,1
闭麦往,1
乞怜,1
珍丽,1
破纪录,1
绿幕,1
乖脏,1
下划线,1
下架键,1
弯下,1
腰直,1
荆刺,1
盘查,1
表脚,1
日爆,1
第一班,1
几十分钟,1
多脏,1
我藏下,1
肺子,1
闵行区,1
嗑瓜子,1
斯拉夫,1
洪涝,1
洪熙,1
阿西,1
阎芳,1
细作,1
姓瑞琦,1
快亲,1
读读,1
捅穿,1
搅到,1
肺结核,1
洁厕,1
超行,1
那烂,1
那一挂,1
谭雅,1
老沙别,1
双压,1
颗破,1
王微博,1
杠三儿,1
搀和,1
还算蛮,1
洗衣粉,1
乌兹别克,1
那换,1
扁平,1
混酒局,1
醒过,1
秀上,1
技让,1
卢浮,1
潜蓝,1
神是,1
挤扁,1
垂子,1
蠢蠢,1
最潮,1
从现在起,1
昭著,1
弱肉,1
强食,1
别出,1
卑,1
躬,1
法兰西,1
那雷,1
勒大,1
追破,1
无懈,1
怄起,1
胸间,1
翻箱,1
果岭,1
激辩,1
太仓,1
闲钱,1
搜藏,1
泼娘,1
虙,1
魁地奇,1
特骑,1
光轮,1
费得,1
颜狗,1
全用,1
超人气,1
白白浪费,1
赞可,1
得金迷,1
拉上来,1
辣票,1
反斗,1
叫胆,1
叫敢,1
货头,1
蕾莉,1
马杰农,1
法尔,1
哈德,1
有希琳,1
韩振说,1
别装成,1
浓香型,1
酱香型,1
呛得,1
小鞋子,1
歌给,1
直译,1
多面体,1
社会学,1
阴茎,1
甘道夫,1
借刀杀人,1
几捆,1
推墙,1
光话,1
长得长,1
打飞到,1
持久力,1
干坏,1
开抢,1
后处理,1
性取向,1
我票,1
有翼,1
酷呆,1
会当,1
阿迪范儿,1
付亚胜,1
嘿普哈普,1
家族企业,1
曼克顿,1
不能言传,1
只可意会,1
里星,1
推卸责任,1
转太快,1
歪曲事实,1
离人雨,1
践踏着,1
多死,1
水晃,1
إ,1
ذ,1
ة,1
ظ,1
速冻,1
加宽,1
伊姆,1
重想用,1
苦歌,1
凌娜,1
pricetalk2menicex4huh112%,1
两期,1
加土,1
耗时,1
报时,1
不辨是非,1
保守思想,1
里待个,1
追剧别,1
步垢,1
只会伤,1
急切需要,1
缝当,1
译,1
将作,1
福阿客,1
毅,1
艱辛,1
沈浸,1
舒適,1
國度,1
毒下,1
候教,1
大後學會,1
反顧,1
方亮,1
太多話,1
沒法表達,1
而造,1
吃玩,1
哪派,1
大就燥,1
走來,1
要放远,1
累会,1
交叉感染,1
推王,1
二杆子,1
扎起来,1
光打,1
高高兴兴,1
中袭,1
战术性,1
别断,1
提裤,1
配帅,1
帅词,1
残鞭,1
枪用,1
饿死鬼,1
碰到问题,1
起雨雨,1
送出去,1
超人一等,1
卫冕冠军,1
银狐,1
半手,1
学江澈,1
全李,1
雅倩,1
张翼,1
商鞅,1
九连环,1
排对排,1
对串,1
云罗斗遍,1
雷和火,1
博奕,1
老贺,1
一组组,1
乱放,1
乱得,1
怎为,1
萨克,1
爱笑鬼,1
犹炼雯,1
周元,1
两罐,1
毕卡索,1
怎可,1
乱逛,1
已亡,1
可巧,1
雄据,1
群儒,1
灯成,1
五丈,1
加高,1
涂刷,1
能买个,1
控住,1
好料,1
文稿,1
水墨画,1
第三十五条,1
这封,1
挂号信,1
标红,1
几万元,1
肉别,1
快怪,1
铁布,1
袁和平,1
发克,1
只会烂,1
招新,1
佛跳墙,1
归主,1
放火烧,1
瓷大狗,1
份数,1
空谷幽兰,1
表诉,1
谭卫道,1
八线,1
俩次,1
问当,1
当彪子,1
旅涂,1
放辟,1
我中有你,1
抄书,1
饿灵会,1
种个,1
抹合,1
整对,1
完双标,1
颈靓,1
乜输,1
盘数,1
同屎,1
左果,1
一识灯,1
就队,1
過邊,1
点果,1
市道,1
潮玩,1
讲古,1
打牙,1
骹,1
单吊食,1
话生,1
赞好,1
身光,1
二十一座,1
乌哩,1
搬迁,1
深南,1
放热,1
有染,1
印钱,1
开部,1
翻去,1
再系,1
驻米,1
食钓,1
鸡碎,1
交比七姑八姑,1
住系,1
巴搭上,1
孭,1
生旧,1
教老广,1
房建,1
仔会易,1
绞断,1
赔偿金,1
临时工,1
交通拥堵,1
星光照耀,1
劏,1
同系,1
成个场,1
房费,1
悭,1
拿拿临,1
班直,1
好彩充,1
包成,1
围台,1
学徒,1
未醒,1
发青,1
盘尼西林,1
折弯,1
超娘,1
多重人格,1
美剧,1
现役,1
猪能,1
低下头去,1
IPunchlineNo.1,1
最多怪,1
别忙,1
混像,1
等妹,1
这愿景,1
不太佛系,1
七十二家,1
用底,1
输老,1
叉烧饭,1
胃片,1
再灭,1
几星,1
评个,1
乜水,1
成日系,1
咧咧,1
㕧,1
支左,1
左騎,1
騎,1
转入,1
五羊,1
沙岛,1
矿物,1
北回归线,1
借下,1
愚月,1
罗拉,1
那类,1
看全,1
商品化,1
竞技性,1
课室,1
只建,1
线稿,1
营业时间,1
京通,1
快速路,1
辅路,1
烘培,1
苦后,1
专著,1
输看,1
大珠小珠落玉盘,1
顾嘉辉,1
王福龄,1
聂耳,1
磚牆,1
哩個,1
專場,1
朱元璋,1
我系个,1
度拉烟个,1
拉好,1
鉛筆,1
紙留,1
碳粉,1
要企,1
惰,1
氰化物,1
點挨到,1
越光,1
閉塞,1
專拆,1
專長,1
听开,1
周文中,1
甄妮,1
罗文,1
成间,1
人都系,1
细个,1
借借,1
斷糧,1
茄叻啡,1
写名,1
遠洋暖場,1
都夠,1
三腳,1
貓们,1
只系换,1
入袋,1
送鞋,1
挂壁,1
间间,1
减免,1
牵头,1
撒场,1
不太过,1
爱狂,1
长沙县,1
瓜会,1
六十一,1
超像,1
队问,1
改题,1
六周年,1
博宁羊,1
作弊码,1
万难,1
四段,1
送袋,1
汽车品牌,1
附议,1
岔子,1
拾得,1
甜别,1
切要,1
怂喃,1
我想切,1
看哈波,1
玫瑰园,1
早鸟,1
好拉风,1
闪当,1
后尝,1
百元大钞,1
更甜别,1
无前,1
六星,1
时装店,1
冥顽不灵,1
新华书店,1
四川全兴,1
电脑城,1
粘鼠,1
兔儿,1
人南,1
洞底,1
十百,1
西冷,1
箱里,1
底装,1
人会来,1
他理,1
国际贸易,1
争风,1
南站,1
府南河,1
女娃子,1
催命,1
迫在,1
眉睫,1
全皮,1
纳帕,1
转有,1
伙谈,1
刚过来,1
爱彼太,1
摩尼韵,1
刚开,1
小秋娃,1
马屁拍,1
没欢,1
那盆,1
雅典,1
外带,1
取杯,1
付给,1
差穷游,1
经把,1
聊成,1
擦点,1
姜蒜,1
斯密,1
爱斯基摩,1
季默,1
元音,1
联络人,1
比唱,1
如时,1
笔值,1
巴不出,1
球暴,1
声像,1
麦迪耍,1
鼓机,1
嬷嬷,1
意距,1
肯同,1
过厚,1
再握,1
磨刀霍霍,1
佐罗,1
欺人太甚,1
输进,1
白整,1
定时钟,1
兴师动众,1
肩部,1
闲下来,1
劣品,1
留纸,1
起话,1
布达佩斯,1
绵延不断,1
不大爱,1
买匹,1
马多,1
藐视一切,1
漂起,1
熏到,1
来爱喃,1
难待,1
娄乐怡,1
王霖,1
王鹏,1
彭炜涵,1
徐安琪,1
康鹭斌,1
慈父,1
表喊,1
秋娃,1
火刷,1
鼓鼓,1
全塞,1
拔云后,1
连小狗,1
吃儿,1
四翅,1
撤掉,1
邹起,1
吼货,1
摊摊,1
七十多,1
腿酸,1
加滴,1
色弱,1
黄健翔,1
胡桃木,1
冥王,1
冰杯,1
骗演,1
上拉黑,1
活递,1
老佛,1
溜须拍马,1
来保,1
儿呼,1
树别,1
燕京,1
卡布列,1
随天法,1
巴弗灭,1
恶幛,1
难除,1
呆傻,1
嗫,1
雷子,1
比鸡少,1
贴张,1
没鸡,1
邪祟,1
却求,1
乘人之危,1
飘该,1
假剧,1
提让,1
当笼,1
人心不足蛇吞象,1
影壁,1
八枚,1
的的确确,1
游离态,1
受体,1
外漆,1
乏术,1
化简,1
为繁,1
琼楼玉宇,1
光华,1
直入,1
随水,1
月相,1
这烂俗,1
美不像,1
沉挚,1
灵体,1
管就别,1
妈管,1
百苦,1
鼓在,1
大风车,1
八颗,1
想会成,1
门门里,1
风清出,1
产生分歧,1
完得匀,1
连特,1
欺磨,1
之态,1
之皿,1
教化,1
别醒,1
墙红瓦,1
交不完,1
掉价儿,1
练梦,1
可交,1
黜,1
钢管舞,1
涂着,1
上出,1
黄符,1
蹲大牢,1
问醉,1
图彩,1
自产自销,1
车轱辘,1
位穿,1
背铐,1
到断,1
油折,1
俯下,1
打透,1
色胺,1
素金,1
菌包,1
种换个,1
农大,1
伤能,1
怡情,1
带脉,1
金銮宝,1
远想,1
大闹一场,1
以命,1
入伍,1
之阔,1
一力,1
降十会,1
一巧破,1
沙落雁,1
少商,1
撼,1
无极,1
祭出,1
卢马,1
夺尔,1
易主,1
天若拦,1
畅享,1
小富即安,1
黏到,1
冲有,1
顺一,1
松茸,1
制式,1
刮刀,1
浪要,1
备料,1
拿称,1
称称,1
装得勉,1
长卖个,1
扁圆,1
强卖,1
心朝,1
血洒,1
扣过来,1
喷枪,1
裸着,1
大虾,1
花刀,1
真上,1
红名,1
面点师,1
挖走,1
高光白,1
猪皮,1
开席,1
糠,1
明里暗里,1
白盐,1
虾宝,1
羊血饭,1
瞎干,1
鸡肝,1
进臭,1
昊子心,1
刻画出,1
红袍,1
社里,1
堂外,1
纳首遍,1
梯刀,1
香纸,1
蜡头燃,1
咬铧,1
黑血,1
风师雨,1
师恩,1
降甘泽,1
符箓,1
见唤,1
母安位,1
保愚,1
如雷贯耳,1
俗来,1
光天,1
时青,1
乱喊乱叫,1
这烈炎,1
到些,1
真灼,1
小荷,1
露尖,1
尖待,1
星罗棋布,1
井格间,1
细线,1
串连,1
失之,1
数颗,1
捣药,1
成事,1
生旦净,1
神调,1
三灾六难,1
点雄发,1
五衰,1
四灾,1
地当,1
志怪,1
落乡,1
落十,1
夜同,1
社轮,1
于家,1
摆些,1
焚香膜拜,1
贤人,1
神人,1
尸者,1
师法,1
计天,1
意死,1
点斗,1
二净,1
猖残秽,1
消古遗,1
尊哀,1
四杏,1
商周,1
一末,1
缺五弊,1
魁星,1
铜铃,1
压口,1
逐鬼,1
纳吉,1
强梁,1
穷奇,1
灵上,1
如见,1
对过儿,1
数位,1
烟器,1
公明正大,1
串流,1
披坚执锐,1
等闲之辈,1
风云际会,1
懊悔莫及,1
之过,1
万古流芳,1
一百单八将,1
从令如流,1
纪旭,1
迷宫般,1
吉凶,1
万变不离其宗,1
纸磨,1
攻其不备,1
燥者,1
渣瑶海,1
总吃到,1
剩命,1
这盐,1
不盛,1
男女平等,1
误事,1
墓室,1
认死,1
孟森,1
大套,1
通史,1
多烈,1
皮篓,1
靴子,1
桥洞,1
秘闻,1
唇唇,1
动太出,1
不勤,1
雷池,1
雪幕,1
神袛,1
心渊,1
汉三借,1
土桥,1
我想慢,1
无业,1
撩解,1
釆,1
摆荡,1
音炉,1
乐旅,1
抱薪,1
逐火,1
规尺,1
物以,1
不以为耻,1
越回,1
喝海,1
涨肚开,1
盘好,1
儿米花,1
梦得,1
高潮期,1
中出,1
分姓,1
植发者,1
覆上,1
瞳仁,1
别无二,1
十公分,1
分屏,1
摧雾,1
破云,1
既入,1
小仔,1
该演,1
任去,1
苏德牧仁,1
涨些,1
亲过,1
签他,1
粗练,1
扭断,1
拦路虎,1
这铁麦,1
坎接,1
烧肆,1
犹豫不定,1
勾人,1
朵颐,1
胆该,1
保持一致,1
耀耀曲,1
孔令,1
抽会,1
梦萦,1
并会,1
熟妇,1
并作,1
八让,1
走空,1
步为,1
赌下,1
战数别,1
夜船,1
阿尔梅,1
物一见,1
软床,1
搅黄,1
不可动摇,1
花盗,1
而动,1
好山,1
之焰,1
未被发现,1
矿洞,1
金石,1
今刻,1
星络,1
明盘,1
星团,1
内边,1
真信,1
赞点,1
炮点,1
眉峰,1
总瞎想,1
透伤,1
瓷来,1
浮土,1
狂饮,1
物产丰富,1
变一挥,1
比梦要,1
泪犯,1
少主,1
纷绕,1
重见天日,1
总藏于,1
金屑,1
淘金热,1
耳洞,1
撞钟,1
矿脉,1
如光,1
至宝,1
搭者,1
能通,1
因者,1
张嘎,1
没卖,1
奥本山,1
泰来,1
攮,1
坐别,1
BlueDress2.0,1
釜底抽薪,1
拍场,1
软软,1
新帆,1
边沿,1
发嘛,1
全不哈,1
胡汉三,1
误人子弟,1
造白,1
词卡,1
伤要,1
准把,1
悠悠的,1
已化,1
钻火,1
终需,1
螳臂,1
算继,1
菜配,1
青稞,1
大西北,1
做东,1
西宁,1
狼爱上,1
打狗,1
一丘之貉,1
耀耀皮,1
举撒,1
脑切,1
丑脑,1
闹别,1
千百度,1
强拉着,1
云解,1
宫阙,1
盘丝,1
华里,1
重归,1
主谓,1
精金,1
掉转身,1
同过,1
丹顶鹤,1
炫溜骗,1
炫借,1
谢来,1
愁肠,1
跳舞会,1
忘画,1
买哈,1
留哈,1
抽股,1
脖办,1
别买往,1
远里,1
青海省,1
评审,1
黑贵,1
赞太过,1
赞个,1
飞闹,1
阿大,1
大曲,1
废有,1
人望,1
从无变,1
湖赌,1
浮泊,1
歌此,1
靡,1
特想,1
海像,1
挨岔,1
会记,1
一忍再忍,1
苶,1
马应龙,1
送塔儿,1
哪弄,1
铁嘴,1
满洲里,1
母狼,1
没人治,1
羁咏此,1
如离,1
微调,1
若干次,1
去数,1
当酒,1
触碰力,1
剩自掘,1
黑里,1
沤,1
船行婉波,1
热影,1
永驻,1
窘促,1
傍山,1
踯躅,1
夕阳红,1
这涛涛,1
分汇,1
更脏,1
续门,1
精神药物,1
五石散,1
出逃,1
长此以往,1
遮盖着,1
完绿,1
帮宝,1
庭前,1
追根溯源,1
逐末,1
中净,1
置事外,1
急于求成,1
跬步,1
尽狂,1
沙始,1
种其,1
四片,1
均分,1
卡痛,1
疤太深,1
金刚烷,1
白芙蓉,1
裸盖,1
掌上,1
珍物,1
无名英雄,1
垫量,1
你乏,1
不如人意,1
永定河,1
汁水,1
烟弹,1
我麻,1
小非,1
嗁,1
鹃,1
杜禁,1
铃响,1
火过,1
露出破绽,1
呼家楼,1
真站,1
词去,1
龙旺庄,1
梦幻岛,1
再斌,1
四层,1
声真,1
倪码,1
剪发,1
放黑怕,1
黄博起,1
马河,1
登入,1
不亦乐乎,1
卧到,1
失能,1
大头照,1
西南角,1
对价,1
负起责,1
很严,1
灯罩,1
想握,1
蜜演,1
心挠,1
写字台,1
难以名状,1
空泛,1
嘻哈嘻哈,1
烂嘻哈,1
填志愿,1
虫牙,1
游龙,1
金到,1
通燕,1
爱恨交加,1
潮白河,1
烟飘上,1
地刷题,1
悦容湾,1
可聊,1
闲天,1
学霸们,1
会算,1
早熟,1
燕顺,1
空气质量,1
白纱,1
各安自方,1
石中火,1
相护,1
相携,1
给活,1
儿料,1
脸翻,1
挑块,1
厚葬,1
能想,1
未竟之志,1
思想者,1
挺下,1
中心地带,1
谋个,1
精力有限,1
不情,1
失和,1
无心之过,1
孽海,1
阔诉,1
颜生,1
研制,1
刚回到,1
家零到,1
香槟酒,1
半进,1
我后,1
衣换,1
住个,1
可花,1
金发碧眼,1
消费观念,1
买路,1
儿多美,1
印度洋,1
魔鬼般,1
坐山观虎斗,1
还厚,1
很瓜,1
收银机,1
上酒,1
热饮,1
补考费,1
累冲,1
脸吹点,1
算别,1
林乱,1
请够,1
波多黎各,1
妹它,1
雪绒花,1
伊莎贝尔,1
枪里装,1
挣太少弟,1
六份,1
载个,1
九百个,1
混妹,1
脱马,1
安块,1
红爆,1
写得帅,1
名胜古迹,1
少部分,1
感大过,1
情事,1
亲口说,1
每章,1
每幅,1
咒教,1
这错,1
刀七进,1
活管,1
儿送,1
芮雪,1
没贴,1
远水解,1
风可,1
쩔,1
승,1
쫒,1
존,1
쉽,1
박,1
믿,1
덤,1
垂手可得,1
벼,1
폈,1
밖,1
결,1
多慌言,1
放刚,1
穿法,1
扑鼻而来,1
被车,1
怪力,1
混为一谈,1
打照面儿,1
上办,1
踏脚,1
别多言,1
脸收,1
结为,1
这盎藏,1
多建,1
少座,1
尖浴,1
最饿,1
太多脱,1
背沙,1
思维能力,1
我嘻哈侠,1
沙克,1
能装下,1
太易,1
老远,1
黯然伤神,1
言外之意,1
悔之晚矣,1
大事记,1
终了,1
蛛丝马迹,1
续约,1
谋策,1
沉落,1
先领,1
连鬼,1
登陆战,1
儿举,1
想燥,1
6.1987,1
共鸣点,1
憋气,1
沙人蜂,1
台儿,1
明丽,1
水水开,1
排爆,1
下酒菜,1
钻太闪,1
刘玉玲,1
成倍增加,1
乐透后,1
所向,1
服印,1
人脏,1
经销商,1
星战,1
美味可口,1
我淦,1
听清别,1
增长速度,1
数翻,1
专列,1
瘦腿,1
路太脏,1
你疗,1
在你看来,1
壮汉,1
就燥,1
脏圈,1
想挥,1
渴到,1
电子音乐,1
假身,1
深庙,1
变性剂,1
血腥气,1
下足,1
一锅炖,1
T恤衫,1
翻空,1
篝旁,1
用作,1
宽心,1
翻入,1
哪来别,1
先撒点,1
贸易部,1
贺子轩,1
这幕梦前,1
星洒,1
未暗,1
良是,1
审计,1
差值,1
朱拉,1
这一关,1
瑞雪兆丰年,1
空杯,1
带不起,1
两万里,1
无数只,1
折痕,1
改名换姓,1
变性,1
地大物博,1
流于,1
刘凯,1
卖米,1
各执己见,1
红会福,1
前肢,1
单记,1
抽泣声,1
腾挪,1
3.1415926,1
森銘,1
陈稷,1
一壶水,1
该富,1
要富,1
宝借,1
好几十个,1
少理,1
金宝卵,1
荒无人烟,1
数码广场,1
花场,1
假烟,1
赚美刀,1
子蒙,1
黄雨薇,1
余谦,1
鬼屋,1
太装怪,1
对哥,1
大众化,1
温烨,1
黄歆婷,1
不,1
一等一,1
真少,1
下显,1
卢晓伟用,1
颗卫星,1
做后,1
穷追不舍,1
吉他谱,1
几早,1
量身定做,1
解得开,1
メ,1
当够,1
失散,1
活写,1
站范,1
自鸣得意,1
大致相同,1
搜集,1
抱臂,1
怒血,1
他少,1
方寸大乱,1
闲想,1
忐,1
忑,1
赫赫,1
遗臭万年,1
无义,1
变咸,1
帮兄,1
拌蒜,1
划烂,1
外物,1
远端,1
酸爱到,1
赤炎,1
燃光,1
完在,1
宅基地,1
沉思默虑,1
调大点,1
和行,1
光幕,1
食不下咽,1
下渐,1
车说,1
透白,1
妈祖庙,1
子子孙孙,1
自视,1
永宝用,1
劝诫,1
闲言闲语,1
敦促,1
越去,1
柳暗花明又一村,1
没村,1
我治好,1
8.5,1
说笑话,1
从选,1
生活必需品,1
填报,1
特等奖,1
只许成功,1
不许失败,1
这首烂,1
呆气,1
呆头,1
山移,1
四角,1
指梅,1
威瑟,1
我亚维农,1
金榜提名,1
无韵,1
平想,1
嘴遁,1
麦哲伦,1
夺眶,1
讲法,1
思想家,1
口干舌燥,1
软饮,1
维持秩序,1
定案,1
白清槛,1
避而不谈,1
欲言,1
荀有,1
刘备乃,1
贤弟,1
公孙瓒,1
为城,1
梦花开,1
此言,1
差矣,1
人善,1
惝恍迷离,1
病骨支离,1
病障,1
恶揍,1
重装,1
刘有,1
刘对,1
脖擦过,1
第一波,1
尔等们,1
头罩,1
一刀斩,1
一刺,1
瓮金锤,1
助阵,1
群吼,1
膳房,1
备些,1
饮个,1
召见,1
去种,1
相府,1
闲来,1
曹对,1
声噼里,1
杀虐,1
给染,1
落人,1
器物,1
牺牲生命,1
执行命令,1
组长,1
请包,1
奇光异彩,1
纷纷籍籍,1
插好,1
奠基,1
伸手不见五指,1
仙秀出,1
铁器,1
我宗罪,1
捉拿,1
关呐,1
李博士,1
三队,1
物理学家,1
中人,1
这狂,1
看样,1
获铜人,1
摆阵,1
按棍声,1
佛教,1
魔困,1
舰长,1
里度化,1
秃驴,1
妻儿老小,1
佛爷,1
魔主之位,1
率军,1
呔,1
诺剑,1
染满,1
铡,1
森罗殿,1
休唬,1
阴遣,1
辩置,1
莫开,1
秉公,1
翻案,1
开封府,1
衙审,1
断天,1
老均,1
相公,1
当朝,1
展昭刚,1
母已,1
昏庸,1
申冤,1
扩,1
洗屈,1
传至龙,1
图道,1
马汉随,1
铁面,1
判贼,1
欺得,1
五殿,1
阎君,1
吁,1
怪哉,1
影竟,1
带极狱,1
猜莫有,1
呼来,1
相爷,1
明察,1
堂下,1
衙,1
本官,1
马裤,1
往前方,1
拘魂,1
叽渣,1
华雄马,1
弓手,1
随兵,1
出城,1
等候多时,1
放房,1
瓦上,1
房瓦,1
往里望,1
房瓦掉,1
脚一,1
用索,1
栓个,1
腰下,1
还阳,1
好你个,1
杀妻,1
弑母,1
铁证如山,1
黄马褂,1
斩合,1
坚如,1
虎步,1
僧侣,1
来游,1
万古千秋,1
作育人材,1
丹心,1
三拜,1
偿还债务,1
叫冤,1
盘观,1
善行,1
猎捕,1
少杀,1
背里,1
暗里,1
粘性,1
魔化,1
念念有词,1
水晶球,1
晶球,1
路中,1
发信,1
蝴蝶飞飞,1
外孙,1
重孙,1
丫狂,1
何意,1
江澈,1
羊儿,1
身无,1
很次,1
焚尸,1
谈国,1
七擒,1
龙体,1
令牌,1
拉缸,1
干尸,1
如令令,1
比燥,1
练够,1
扫系,1
晃脑手,1
当一,1
会太长,1
阿哲母,1
像杰,1
森斯坦,1
青求,1
正巧在,1
出好,1
马尼,1
门墙,1
摸进,1
铁丝,1
锁口,1
闭住,1
楼梯口,1
龟头,1
龟脚,1
马尼马尼马尼,1
停尸房,1
尸检,1
折叠床,1
反照,1
忐忑不定,1
伸头,1
弟要,1
动通,1
儿垒,1
你勒些,1
苗芽,1
装别,1
出病,1
精瘦,1
玩死,1
级数,1
市井无赖,1
品攀,1
巴巴拉,1
劣质品,1
喊耶耶比,1
整事,1
升汐,1
张驰钧,1
流芳千古,1
别国,1
不堪设想,1
哀哉,1
悲哉,1
国师,1
不美哉,1
左右为难,1
寝食难安,1
养虎为患,1
明理,1
抱何,1
以身殉国,1
取义,1
来尔,1
恭请,1
兵弱,1
百姓遭殃,1
居心不良,1
感染性,1
入狼眼,1
身家性命,1
灵输,1
葫,1
压中,1
魔障,1
赶过来,1
齐王,1
调酒师,1
招展,1
矮小,1
秀起,1
冷光,1
官使,1
山河破碎,1
杀绝,1
严晴芸,1
再此,1
谈点,1
出熙熙,1
致幻,1
历数,1
历书,1
若要,1
率性任意,1
碧血丹心,1
平尽,1
方可,1
疾如雷电,1
直逼,1
顺剑,1
发代首,1
寒于,1
救出,1
温绝,1
拍起,1
降慢,1
恶狠,1
造下,1
杀掠,1
追捉,1
飞针,1
佛怒,1
脸色苍白,1
绝山,1
隔外,1
从树,1
走想,1
刺去,1
胖虎谈,1
活在温,1
渐醒,1
怎会遇,1
成病,1
纯生,1
别总看,1
上待,1
全特,1
城八区,1
加外,1
八县,1
支着,1
金货,1
儿得,1
舍己为人,1
腰板儿,1
全歇,1
要秀,1
人善会,1
直落,1
或成,1
较劲儿,1
特重,1
顺儿,1
神想,1
过稳,1
元周,1
找辙,1
造极登峰,1
便胜,1
有志之士,1
克敌制胜,1
叫响,1
尽藏良,1
没蕊,1
个空,1
本地用户,1
饱尝,1
出对儿,1
公平合理,1
浇树,1
浇根,1
局气,1
潮到,1
丁元英,1
五石,1
散用,1
申时,1
素贞,1
一数,1
提辆,1
两系,1
点太土,1
开开眼,1
装熊,1
厄斯擦,1
过审,1
火命,1
永不相见,1
年龄段,1
摇摇摆摆,1
两子,1
掰面,1
梳小编,1
咱能化,1
咱能,1
下瓷,1
不愤,1
忽大,1
从刚,1
采取措施,1
重重地,1
打八,1
竿子,1
大铁,1
致以,1
水中捞月,1
就心,1
选钱,1
学杂费,1
柄,1
干丸,1
刚散,1
过害,1
同床异梦,1
以先罪,1
公义,1
周而,1
复始,1
价思,1
破框,1
暗夜里,1
悔悟,1
过得去,1
骑虎难下,1
多满,1
特曲,1
烧化,1
丸哥,1
几活轩,1
千岁,1
前刷,1
策,1
有八四,1
有褥,1
一物换,1
有海,1
挖宝路,1
大福,1
条黑,1
电磁炉,1
天疼,1
歌丽,1
食谱,1
越欢,1
沟太多,1
两男一女,1
颤悠,1
眼耳鼻,1
身意,1
无意识,1
苦集灭道,1
无智,1
能除,1
藏文,1
望能,1
三宝,1
加持,1
一切众生,1
内立,1
上顿,1
没下顿,1
真咸,1
无受,1
不垢,1
不生不灭,1
观自,1
认出来,1
曾救过,1
仨月,1
该拉上,1
见死不救,1
那车,1
行深,1
空相,1
多时,1
五蕴皆空,1
色不异空,1
空不异色,1
受想,1
亦复如是,1
权钱,1
亲生,1
裙底,1
钱当,1
刷起,1
我秋点,1
发小些,1
睡要,1
冷死,1
哽死,1
上脚,1
批年,1
成份,1
拨净,1
关火,1
五子棋,1
内钱,1
要报,1
顶爆,1
不软,1
亏惨,1
炼金术师,1
履带,1
还跟着,1
场强,1
短见,1
防护网,1
魔法书,1
麦饶,1
西外大街,1
生于忧患,1
死于安乐,1
跳蚤,1
几架,1
好几十万,1
火墙,1
碧波荡漾,1
奔赴前线,1
索脚,1
雷达探测,1
强似,1
闹戏,1
超说,1
挨饥,1
受饿,1
比个力,1
砍爷,1
金鼎山,1
钻字,1
帮斯尔,1
泥巴路,1
提来,1
郑第楠,1
青龙帮,1
大锭,1
飒血,1
血永力,1
英迪卡,1
提娃,1
叫萨,1
挤上去,1
几哩场,1
光起个,1
膀膀,1
扁桃,1
起小贼,1
天棒些,1
烧得烈,1
进心,1
净放些,1
你币,1
况起,1
只输,1
成烧,1
唱永力,1
大法师,1
第三颗,1
时买,1
行子,1
踢场,1
全旋,1
新结,1
起兴,1
风水宝地,1
买地,1
捣腾,1
低买,1
特鼓,1
来劲儿,1
领儿,1
伙伴儿,1
咬了一口,1
果树,1
再熟,1
西环西外,1
河南梆子,1
第二颗,1
新唇,1
弄不清,1
笔出,1
喉炎,1
白速,1
6.21,1
7.31,1
个人主页,1
本次,1
商业用途,1
麦要,1
很菜,1
玩范儿,1
玩街球,1
十月份,1
人偷,1
知心朋友,1
词挂,1
这该,1
同胞们,1
无微,1
帕萨特,1
拘捕,1
讨人喜欢,1
粉笔画,1
逃着,1
坠崖,1
基本要素,1
倒成,1
走范儿,1
实际意义,1
嫖过,1
混下去,1
你会种,1
想种,1
彩旗,1
一夜情,1
六妾,1
旗下,1
片头曲,1
自编自演,1
嘻哈届,1
政变,1
没头苍蝇,1
停一停,1
呆瓜,1
三妻,1
称臣,1
夜游神,1
震撼力,1
满着,1
倍长,1
聊天室,1
阔幻片,1
积头望,1
丧得,1
难以忍受,1
地誓,1
用酷,1
IluvuIhateumybabyShesaidshelovedmeShesaidshelovedmeShesaidshelovedmeMaybeIguessTHEMESSAGEPT.2,1
拣选,1
配出,1
那落,1
实心,1
痛越,1
封用,1
走造,1
爱共情,1
很救,1
指认,1
装填,1
于造,1
交得费,1
技术实力,1
维和,1
奖才行,1
起哈,1
问罪,1
PlaythegameIneverquitNo.1,1
度势,1
狄奥尼,1
修斯,1
灾害,1
切好,1
牌藏,1
炫个技,1
开爆,1
这胎,1
向右看齐,1
学着习,1
节课,1
钟下,1
墙用,1
毫无例外,1
出人意外,1
欠款,1
比地,1
倍受青睐,1
虚拟化,1
寒青,1
一百步,1
拂动,1
哪开,1
愁眉,1
嘉然,1
投胖,1
修学,1
金偷,1
成罐,1
独取,1
会大到,1
赞才,1
看外,1
傻西,1
驰声走誉,1
珠光宝气,1
路,1
替死鬼,1
劣枣,1
歪瓜,1
晒烂,1
琅,1
渣仲想,1
卤味,1
承托,1
过山屿,1
但种,1
投有玲,1
底薪,1
肥婆,1
被袋,1
被加,1
鸡别,1
事怪,1
膏蟹,1
办掉,1
花腔,1
萨摩,1
装盘,1
吃块,1
钢钢,1
万能胶,1
水琉璃,1
抵下,1
手雨,1
车边,1
忘系,1
麦乐,1
货鸽,1
卡斯特罗,1
手比,1
夏至点,1
也赛,1
张砚拙,1
长安县,1
奥丽,1
辑,1
极乐鸟,1
衔尾,1
不愿活,1
嚎啕,1
冷下,1
骇人,1
江湖骗子,1
仿似,1
改难,1
汽车旅馆,1
哈咯,1
梅雨季节,1
轻窕,1
躯骨,1
懂要,1
性格开朗,1
哈嘛,1
买瓜,1
奖站,1
看瓜字,1
狠灭,1
用假,1
真戏,1
说财,1
来断,1
错血,1
装币,1
伙脸,1
苞开,1
形骸,1
聚声,1
萦怀,1
可当余温,1
这救,1
转卖,1
泪映,1
风任,1
扑绕,1
过温,1
涛涛,1
所罗门,1
却失,1
逢生,1
我和星,1
杨伯丞,1
谷雨典,1
宛若,1
登攀,1
大爱大恨,1
巴斯,1
猎过,1
有坎,1
土曼,1
艾来,1
斗鸡,1
人嘛,1
皇犬,1
姚烨,1
贵假,1
敛金,1
赞赞赞,1
聊瞎侃,1
干站,1
概念性,1
鼓跳个,1
村有,1
绿撒,1
海脑,1
脸额,1
额踏个,1
傍大,1
款额,1
转上,1
干额,1
菜奏,1
阔咧哈好,1
咱滴,1
条命额,1
光掉,1
豁太多,1
水太浅,1
社额,1
苗年,1
黑鳍,1
收口,1
夫子庙,1
雁塔路,1
裣,1
掌着,1
生死关头,1
未能如愿,1
热有,1
辣有,1
几牙儿,1
淡都,1
枝枝蔓蔓,1
次右,1
人烦,1
人传,1
团长,1
水找,1
判都,1
疯成,1
讲透,1
气咽,1
生不完,1
太想活,1
精择,1
肥为,1
折葵,1
合围,1
非金,1
那灿黄,1
前无归处,1
就演,1
骇浪惊涛,1
顺城巷,1
耗时间,1
事业有成,1
纺织城,1
留早,1
耐过,1
渗着,1
碰咧青,1
笔急,1
这高亮,1
我芳芬,1
用轻笔,1
伤会,1
业会,1
对本,1
鼎力支持,1
麦屯帅,1
马布里,1
赢上,1
单韵,1
K歌之王,1
手雪落,1
圆时,1
曦,1
火靠,1
豺猎,1
满荷,1
半对,1
连帽,1
泛读,1
古稀,1
前朝,1
回屯儿,1
二十一天,1
那通,1
趋近,1
歪斜,1
窥进,1
粟米,1
雕文,1
之原,1
粒子,1
懂风,1
竹简,1
夜个,1
瞥见,1
如水学,1
行道树,1
踏破铁鞋,1
排砍,1
馒馒则,1
条管,1
矮个,1
倒也不,1
脑漾,1
菊娥,1
麻个,1
钱额,1
滴娃,1
关中,1
土不种,1
晨雾,1
绷紧神经,1
可人儿,1
成古丘,1
我无眠,1
周公去,1
根枝,1
坟风,1
列国,1
文公,1
魏文侯,1
而泪,1
鄙薄,1
孔丘,1
独为,1
礼乐,1
老朽,1
床塌上,1
赶脚,1
杆太痒,1
黑死病,1
虎背熊腰,1
招像,1
入涛,1
穷寇,1
哀兵,1
灾星,1
要逆天,1
十方,1
玉液琼浆,1
知我者,1
两三位,1
羡都,1
好字旗,1
问价,1
大堂,1
先刚,1
过烧,1
自养,1
卷不起,1
自给,1
淤烂,1
铁上,1
证看,1
斜乱,1
谨字,1
八派,1
招有,1
摘得,1
当福,1
午让,1
薛,1
品人,1
U盘,1
我共进,1
掀过,1
敬来,1
口服,1
痞狗哥,1
流行语,1
般颂章,1
强其身,1
忠贞不渝,1
清辉,1
巡盼,1
侵吾将,1
求索,1
霁月,1
任风盈,1
却陷,1
李孟言,1
乐道川行,1
上常,1
帕尔马,1
木偶片,1
怒狂,1
折去,1
玉兰,1
训莫问,1
领军人,1
最合,1
百零八单,1
主弱,1
草菅人命,1
安良除暴,1
莫望,1
不昧,1
天话,1
关清,1
制片人,1
文峰,1
侵求行,1
求实,1
那滩,1
你良,1
万箭穿心,1
坟软,1
要囊个,1
老该,1
越用,1
静可化躁,1
凶善,1
可治恶,1
慈可求,1
吉勤,1
穷敌,1
可化朋,1
可化龙,1
李玖哲,1
糖果盒,1
李丽芬,1
小虫,1
稳拿,1
同仁,1
忍手,1
寻川,1
浓香,1
但蠢,1
渐退,1
素洁,1
幽郁,1
环佩,1
轻衣,1
唯爱吾白应,1
全种,1
开给,1
仰角,1
平淡无味,1
三位,1
装成玉,1
林泽,1
奢恋诉,1
缘流,1
渺渺茫茫,1
虽断,1
含糊其辞,1
山走,1
精彩纷呈,1
天高路,1
投笔,1
名后,1
饱经沧桑,1
克劳斯,1
过哈嘴,1
小朱,1
暴会点,1
赋义,1
塑尊,1
化服,1
画图,1
戚,1
和亲,1
兄和弟,1
旺旺,1
事多,1
若何,1
换不回,1
郑培新,1
陈兆天,1
刘逸斐,1
张骏宇,1
戏有,1
箫,1
胡宇昂,1
生离,1
死别,1
问烂,1
聚聚,1
堆太多,1
地落,1
重读,1
酸当,1
咸湿片,1
文庙,1
戏剧学院,1
阿拉伯数字,1
拖拽,1
艾志恒聊,1
李鹏,1
地恩,1
惊为天人,1
Í,1
萨尔瓦多,1
瓶般,1
全身心,1
索宁,1
艾抄,1
人太臭,1
修道院,1
摆新,1
入戏些,1
附件,1
旁下,1
克重,1
小饭,1
闫倩莹,1
江里岚,1
顾子昊,1
戴僖,1
提太多,1
下车时,1
把守,1
画得线,1
线成,1
熨烫,1
别扫心,1
吴一饭,1
古巴比伦,1
荆棘丛,1
这不像,1
爬满了,1
上一年,1
娘胎,1
酵,1
帕奎,1
蜜里,1
陪审团,1
众议,1
挥下,1
一语中的,1
会太挤,1
芭蕾舞者,1
稳看,1
八寸,1
阿布洛,1
体育项目,1
呼吸道,1
胡里奥,1
换金,1
爱是个,1
仙道,1
天兆,1
偏道,1
紫龙,1
眼要,1
蜕下,1
乔装改扮,1
配滚,1
李光洙,1
び,1
华尔道,1
夫,1
区当,1
系鞋带,1
陷住,1
只学,1
柳蛋,1
上许,1
进罗森点,1
分解掉,1
腰里别,1
面贴,1
满咒,1
印看,1
旧别,1
区像,1
朴宰,1
范恩,1
裱花,1
一两句话,1
归拢,1
活不信,1
却常,1
本回,1
挪一,1
中华路,1
设来,1
变太烫,1
上剑,1
体从,1
甲等,1
刻印,1
庙街,1
所会,1
成线,1
下不爱,1
没念过,1
放提,1
比多炸,1
桔梗,1
挑中,1
摇中,1
命多得,1
扭蛋,1
回绕,1
变像,1
菲董,1
但点,1
真得,1
打击乐器,1
案发现场,1
先导,1
问车澈,1
那饭,1
盖满,1
吉野家,1
平衡感,1
雷尔法,1
真实感,1
芮欧,1
过中,1
几千人,1
战斧,1
客座率,1
医学类,1
医学会,1
乌贼,1
有永力,1
装配,1
碳基,1
闭路电视,1
70%,1
鹿晨辉,1
十步,1
风替,1
当雨,1
电视塔,1
精留,1
月白风清,1
克偷,1
我拉快,1
摆一哈,1
一怕,1
狂惨,1
遭惨,1
倒三少,1
先缩,1
脚想,1
人神勒,1
狠勒,1
差撞,1
背街,1
猜哈,1
批勒下,1
不爱钱,1
纠察,1
牵条,1
个澡,1
扣点,1
先泡,1
整给,1
上纹,1
辉腾,1
传话,1
前胸,1
男草,1
做新歌,1
工程款,1
渣队,1
张家辉,1
无从下手,1
布雷,1
接走,1
带伤,1
咯太多,1
懂勒,1
异姓,1
我想整,1
看刀,1
面如,1
唱醒,1
藤甲,1
报怨,1
雨去,1
陈怡茹,1
杨阳,1
谢燕辉,1
人记,1
美和泪,1
吉克隽逸词,1
李伦,1
李伦序,1
金渔,1
苦享,1
轻扣,1
明心,1
拿枪,1
拿生,1
脚勒些,1
细杆杆,1
倩哥,1
契弟,1
阿弟,1
胆行,1
杀雪像,1
忙金,1
踏谑,1
夹钳,1
扔个,1
钱安,1
完美主义,1
狼串,1
憨勒,1
家祝,1
这花,1
不拉四,1
哈嘛批,1
社区服务,1
装老冰,1
唯恐天下,1
股老,1
土不土,1
我持,1
欢水洒,1
天尊,1
妹像,1
有勒,1
道白,1
讲勒话,1
耶哈批,1
勒锤点,1
老币,1
审说,1
对菲兹,1
稳有,1
做声,1
起光,1
黑多道,1
割暖子,1
老喊,1
嘟嘛,1
告嘛告,1
脸墩,1
非红,1
影象,1
装该,1
紧哈,1
外联,1
装冰犯,1
稍货,1
二奈,1
雪碧走,1
铜臂,1
提去,1
水布,1
白食,1
先回,1
哈卵,1
白胆,1
幽禁,1
经济基础,1
先松,1
尼不带,1
咋些,1
办钟,1
看吃个,1
俊逸,1
谭脚,1
玩成贵,1
上大,1
混布,1
卡粉,1
求装,1
耿起,1
精神财富,1
玩勒野乱,1
转要,1
饭才,1
铁造,1
戳求,1
粉领,1
货太烫,1
遭多,1
赌得,1
撇布,1
老破凉,1
抽去,1
我享,1
福想,1
脱网,1
野冢正,1
国难,1
同泽,1
处难,1
饮露,1
千秋万代,1
驰骋疆场,1
龙下,1
问明,1
复休,1
叨口,1
没狠过,1
门燃,1
入鞘,1
可路,1
正遥,1
残败,1
踏水,1
沉于,1
岂容,1
要守,1
勾栏,1
听曲,1
无争,1
总见,1
及化,1
考究,1
信笔涂鸦,1
衣要,1
宝剑锋,1
自苦寒,1
车到山前必有路,1
眼浸,1
梁柱,1
跨去,1
一晌,1
老要,1
海阔天高,1
勾销,1
纵快,1
马过,1
长弓,1
金銮,1
顶月映,1
力大,1
命盘,1
戒尺,1
窘困,1
突岩,1
深缝,1
香稠非,1
游来,1
钻比金,1
坚站,1
五经,1
四书,1
独好,1
皂罗袍,1
下力,1
付与,1
断井颓垣,1
天便,1
赏心乐事,1
烟雨遥,1
杜娟,1
勤劳勇敢,1
朱一,1
四平八稳,1
我撒子,1
一人独,1
珍珠项链,1
冯念,1
当立,1
仙灵,1
点卯,1
提高素质,1
桂枝,1
引申,1
桂林一枝,1
留点神,1
爱捞,1
哈搁,1
攀云,1
梗田,1
端展,1
小伙计,1
衣坤,1
惨挡,1
盖浇饭,1
阿木,1
依我看,1
王石明,1
陈冰,1
帛书,1
青莲居士,1
林间小道,1
床天,1
枯日,1
拴上,1
绞索,1
你关,1
勾九灵,1
曾婕,1
一魄,1
丧冥幽,1
梁园,1
洛阳花,1
章台柳,1
李翊君,1
堰塘角,1
好腾,1
起书,1
广没得,1
败军,1
南远,1
马作,1
卢飞,1
纶巾羽扇,1
如梦过,1
跃纸,1
游跨,1
蜀道,1
仍守,1
解困,1
唯我独尊,1
旁门,1
我皆用,1
开堂,1
仓粮,1
披飘到,1
愁来,1
印望,1
兰杨,1
底握,1
歌伴,1
谣任然,1
叹留,1
高朋满座,1
尽身,1
喧嚷,1
前千生,1
千寻,1
绵绵不绝,1
错失良机,1
人肆,1
掠人,1
泡过,1
王府,1
时装展,1
三十里,1
定逆天,1
会定,1
投石,1
勿言,1
可交迎,1
情用,1
吃大亏,1
慢性病,1
天会火,1
不拿麦,1
急停,1
用忙,1
仔够,1
几百件,1
古书,1
风中曲,1
商角徽羽,1
战信,1
敲宫,1
昆山,1
棒极了,1
现代派,1
衣着打扮,1
研制开发,1
按上,1
迎客松,1
十字路头,1
填笑,1
空口说白话,1
可道,1
名道,1
花轿,1
道定,1
新安江,1
死读书,1
马头墙,1
别开,1
不断改进,1
寸草,1
心下,1
春晖,1
清清静静,1
织毛衣,1
否君,1
孩已,1
携家带口,1
一弹指,1
过暮然,1
字首,1
微火,1
大风歌,1
镇魂,1
有声书,1
航上,1
我土,1
花带,1
糖能,1
川渝牛,1
差早,1
百搭破,1
歌塞到,1
治口臭,1
犯冲敢,1
亦非台,1
该花,1
没人会愤,1
怒目而视,1
普天,1
听宫,1
商角,1
停车费,1
上点杯,1
歌飞到,1
文献,1
刘超别,1
叫烂,1
朱孟德,1
空中飞人,1
大花,1
品歌,1
都尬,1
金拿着,1
暗示着,1
丢在脑后,1
刘超,1
刺龙裤,1
一露,1
经做,1
样走,1
鬼信,1
修造,1
从点,1
航别,1
多炫,1
一百八十度,1
白桦树,1
数清,1
可求家,1
欠光,1
拆东墙补西墙,1
请稍等,1
分能,1
挣靠,1
会来别,1
满城风雨,1
必成,1
于世,1
包金,1
山转,1
真要命,1
看行,1
分输,1
学老炮,1
这球,1
送球动,1
学人话,1
有线,1
混屁,1
更炸,1
抗压,1
吸进去,1
独山,1
有风有雨,1
领路人,1
我识,1
自招,1
结业,1
英文歌,1
控老段,1
克莱,1
变方,1
楼影,1
恶搞,1
有练,1
歌听,1
爱成,1
连麦,1
孤单单,1
航哥,1
受惊吓,1
缺不缺,1
横眉冷对千夫指,1
无数场,1
上篮得分,1
成不骄,1
天不怕,1
剧有范,1
千字文,1
停人,1
反正拨乱,1
天大圣,1
诸行,1
登圣,1
横空,1
我永,1
醒世,1
寿终正寝,1
有多烦,1
苦胆,1
万丈光芒,1
后定,1
忍人,1
推砌,1
诗乐,1
如漆似胶,1
险阻艰难,1
登圣革,1
阴谋败露,1
小妖,1
威加,1
海内,1
篆,1
入木三分,1
超凡脱俗,1
木易,1
骗取,1
化于,1
石破,1
那丹炉,1
上玉皇,1
大威,1
空看,1
一杀,1
披挂,1
该散,1
终该,1
尘归尘,1
那山,1
赚别,1
建别,1
换先,1
半点儿,1
无告,1
喷太多,1
太多门,1
唱尬,1
阿嚏,1
儿往,1
抄别,1
超有样,1
张显,1
个妹,1
撩个,1
作上,1
用吾字,1
黑帮片,1
内在美,1
返真,1
归元,1
头笑,1
常梦到,1
肩臂,1
多全,1
切合实际,1
李先生,1
白臂,1
下肢,1
议论纷纷,1
手出,1
口到,1
词配,1
台布,1
垓下,1
酒怕,1
没色,1
挑大,1
市场调研,1
剩饭剩菜,1
落土,1
宇雄,1
锐奇,1
林钺,1
高天硕,1
巨力,1
逝于,1
挣逃,1
取生,1
恻隐之心,1
不恭,1
绯色,1
宏扬,1
铜墙,1
开时,1
控场,1
盈昃,1
辰,1
匹夫之勇,1
恃强凌弱,1
晚学,1
练书,1
功夫片,1
鼓气,1
吃错药,1
错票,1
算买,1
米面,1
人本,1
车开进,1
翻载,1
如间,1
迷障,1
龙息,1
汁液,1
掺水,1
专破,1
见商,1
转王,1
烂王,1
北沙,1
信马,1
金盔,1
塔嘛别,1
不到黄河心不死,1
百世流芳,1
加爵领,1
走平步,1
君来,1
刎,1
三百六十五,1
吃苦耐劳,1
邊度,1
欣,1
吴晨阳,1
执念化,1
多面,1
暗淡无光,1
白夜,1
自顾不暇,1
遮面,1
带玉不带,1
羸弱,1
鸡肠狗肚,1
焰,1
吐萼,1
根蒂,1
别拿样,1
中全,1
闺蜜装,1
白坐,1
围脖,1
打不散,1
丢起,1
神起,1
不赛,1
咯噶别,1
点杯果,1
够学,1
凑得,1
新风,1
浪让,1
播想,1
佣役,1
探测仪,1
山底,1
城哼,1
冷原,1
雲别,1
有义,1
蛮王,1
寒上,1
加寒,1
加燃想,1
难上加难,1
罚抄,1
观世音,1
弗兰德,1
鸡婆,1
罗特像梅,1
汪涵,1
那哈是,1
兵哥哥,1
全是趣,1
血继,1
网罗,1
首屈一指,1
测个,1
甲醛,1
姨往,1
亮哥,1
信活,1
逼到,1
爆花,1
黄埔,1
姚涤,1
这冬是,1
减仓,1
整好,1
亮唇,1
缺有,1
出厂日期,1
出产地,1
店前,1
盘中餐,1
三十好几,1
李平,1
张鸣,1
二亿,1
最下,1
导说,1
上院,1
连上去,1
闲晃,1
别败光,1
下本,1
受难日,1
婴儿用品,1
放点燥,1
工薪,1
统计学,1
怀胎,1
闹着玩,1
有名有姓,1
有仁,1
揉捏,1
手放,1
愚拙,1
淌泪,1
没遇,1
闪跨,1
总一,1
许玉强,1
张靖,1
张瑶,1
徐梦娟,1
刘晓迪,1
艳红,1
张晓楠,1
李梦莹,1
王卓婷,1
老果,1
往梦,1
停雨,1
有信,1
地移,1
隆中,1
重出,1
快回,1
努力争取,1
刘明,1
左数,1
侠为,1
九到,1
坑坑洼洼,1
可五险,1
软白,1
开瓢,1
一千多,1
码数,1
冤枉路,1
杨生,1
身份证件,1
良苦用心,1
考取,1
善解,1
压黑,1
咯别,1
要念,1
柔似,1
总呆,1
为网,1
暴发,1
声写,1
封笔,1
道系,1
欺师,1
灭祖,1
规有矩,1
有诚,1
心情坏,1
要产检,1
可新,1
树屋,1
崩糟,1
急刹车,1
松糕,1
包围起来,1
亚马逊河,1
神殿,1
喜马拉雅山脉,1
退钱,1
找伟别,1
哈用,1
开新,1
特区,1
墙体,1
镀鉻,1
理工科,1
歌浪过,1
丧过,1
核算,1
父子兵,1
饭当,1
掌厨,1
景气,1
天选为,1
圆点,1
别手,1
真不差,1
山大王,1
重申,1
建湘路,1
梆紧,1
窝边,1
云深,1
字别,1
不成体统,1
莫桑比克,1
新番,1
莫桑,1
别炫,1
艳史,1
当出,1
跺跺脚,1
混然,1
分来,1
洞庭,1
别有洞天,1
几钱,1
戏笑,1
锅中,1
吊过,1
回合制,1
周文王,1
比策,1
王靖雯,1
连痛,1
孙盛希,1
仔玩,1
羁,1
瘪瘪的,1
球框,1
变档,1
铺心,1
无边风月,1
填坑,1
成气候,1
增重,1
头劳命,1
里算,1
褐色,1
桌椅板凳,1
不高心,1
大水,1
夺下,1
野牛群,1
横穿过,1
收金,1
游下,1
乐透彩,1
一纸空文,1
关来,1
险山,1
背著,1
产卵,1
右下,1
杂烩,1
懂哥装,1
匹克,1
冲起梅,1
冲顶,1
左上,1
洞庭湖,1
圣贤书,1
没断,1
真太脏,1
钟灵毓秀,1
糊到,1
吴冠仑,1
我咒,1
苟延,1
人无完人,1
土雨,1
打饭,1
社的,1
答到,1
咖陪,1
追完,1
赶上来,1
绵力,1
过牙,1
钢棍,1
钢笔画,1
二里,1
建下,1
青结,1
专在,1
浪过,1
别骑,1
志比天,1
总做,1
丁一潇,1
返校日,1
新学期,1
他气,1
发胀,1
大唱要,1
击肘,1
没人留,1
揭过,1
留碗,1
滴满哥,1
楚辞,1
叶变,1
四号,1
外婆家,1
酥油,1
路北,1
桃花岛,1
文法,1
胡着,1
加豆,1
餐布,1
美酒佳肴,1
外乡,1
戏挺足,1
细品,1
精仿,1
枫树,1
圣恩,1
林童,1
子午,1
捞出,1
汨罗江,1
鹿回头,1
暮然,1
带句,1
从下,1
词组,1
蛋碎,1
严父,1
子楚,1
苦其心志,1
弹片,1
二手烟,1
方太不提,1
它管,1
劝阻,1
蠢得,1
何時,1
大燈,1
飛著,1
雙眼,1
幾乎,1
發昏,1
蘿,1
蔔,1
心聲,1
機放,1
有夠,1
大聲,1
隨天,1
氣加,1
溫笑點,1
那條,1
背著遠,1
大汗,1
视障,1
滿頭,1
治安,1
诱因,1
升迁,1
币值,1
大鸣大放,1
大立,1
大破,1
标个,1
这狗,1
源头活水,1
东光,1
邮递区号,1
看相,1
鐵,1
悶熱到,1
這遊戲,1
經過,1
甩著,1
廣播,1
著節,1
區的,1
慢車,1
內容,1
紐約,1
看剛,1
上車,1
雞,1
濃妝,1
豔,1
這時,1
下車,1
充滿,1
低頭族,1
學著,1
讚,1
點頭,1
給我,1
堅定,1
通報,1
插隊,1
車當,1
抬頭,1
看後來,1
同個,1
現在終,1
都屬,1
喬丹,1
八代,1
拿著,1
酒裝,1
紙袋裡,1
幫派,1
还分,1
讬,1
圖越,1
哥变,1
咸得,1
轻忽,1
经典歌曲,1
孤单时,1
少骗,1
室内外,1
漫廊,1
中放个,1
离境,1
帕金森氏症,1
高叉,1
侍女,1
载著,1
贴著,1
巴哈,1
太新,1
就寝,1
或算,1
我划,1
馀,1
音绕,1
骷颅,1
伞下,1
灵芝,1
大嘻哈,1
携家带眷,1
布兰妮,1
迷因,1
指点迷津,1
政客,1
抵让,1
洗版,1
笔管,1
重新整理,1
酒单,1
猜谜,1
纸包,1
爱狗,1
慰劳,1
背少,1
飞掉,1
用罪,1
某座,1
浓浓,1
一肘,1
大根,1
勃起,1
当龟,1
HotboxDiaryFreestyleDiaryFreestylePt.2,1
蓝绿,1
溺毙,1
绵薄之力,1
哭雨大到,1
飘满香,1
别不信,1
其境,1
忽胖,1
虚拟空间,1
新钞,1
变厚,1
太真太过,1
蜜酿,1
严苛,1
爱之深,1
人舞,1
责之切,1
货卖,1
刚播,1
吐掉,1
图穷匕现,1
退拔,1
記地,1
夜越,1
背换个,1
儿蛇,1
八十多个,1
波特,1
能拉货,1
八核,1
康桑米,1
荷马,1
酒中,1
兑水,1
之人成,1
酒不信,1
鸟雀,1
多跌,1
滑冰鞋,1
解题,1
空陪,1
打转儿,1
画匠,1
合胃口,1
作坊,1
厨余,1
瞇,1
兵符,1
协同,1
柴姣,1
姣,1
吕洋,1
栾慧,1
高来,1
堤雷,1
鸣雨,1
某位,1
袋中,1
读不清,1
艸,1
克达次,1
咻咻咻,1
陪辛德,1
vol.1,1
圆儿,1
焦点人物,1
蚌埠,1
增点,1
耍过,1
出墙,1
红杏,1
十几位,1
十层楼,1
温温,1
丹泽尔,1
液晶屏,1
晚生,1
弗洛,1
奥莱翁,1
看飘来,1
可刀,1
暴了富,1
昧,1
布着,1
特立,1
冀,1
眸底,1
假愫,1
舌根,1
扮好,1
ᴊ,1
较个,1
戏文,1
圈有,1
大洞,1
但治,1
能生,1
薄面,1
房内,1
美麗美,1
一頭,1
發,1
高燒,1
室內,1
越來,1
熱靈魂,1
市儈,1
驚奇,1
驚訝,1
驚喜,1
成驚嚇,1
還沒鍍,1
金依舊,1
金價,1
無可戀,1
棟,1
熱像,1
機掛,1
杯葛,1
隱藏,1
阴尸路,1
哪些地方,1
人闻香,1
它酸到,1
醉翁之意,1
东忘西,1
數位,1
唱盤,1
幾圈,1
就暈,1
腦裡,1
汰換,1
這下子換,1
我暈,1
聲調,1
可見,1
可憐吶,1
200%,1
謊習,1
再好不过,1
笔帐,1
太生,1
一兆,1
几拳,1
犹疑,1
决会,1
呜住,1
只想求,1
滤嘴,1
缩紧,1
掠影,1
全透明,1
Doperap100%,1
保鲜袋,1
墨用,1
发如,1
发如雪,1
幾頂,1
知識,1
聾,1
啞,1
先設,1
感嘆,1
無常,1
標誌,1
美像,1
寧願,1
拒絕當,1
貴賤,1
光腳,1
踩過,1
杨国隽曲,1
猪木,1
听嘻哈,1
迷蒙,1
蔡曜宇,1
甘威鹏,1
林芳平,1
矿都,1
耶一耶,1
面海,1
春暖花香,1
许光汉,1
太声,1
盒装,1
蚌壳,1
推著,1
福州大学,1
升到,1
姐过,1
野把,1
卢思蒨,1
吴斌,1
消暑,1
印锁,1
沙发床,1
木村,1
伊莉莎白,1
戴著,1
末路穷途,1
上苦,1
很天,1
玩著,1
写业,1
配文,1
洗米,1
声息,1
最新版,1
斯禹,1
吊瓶,1
发如雪祝,1
对著,1
十来遍,1
保湿,1
歌到,1
脉不求,1
好几夜,1
比翼双飞,1
吸吐像,1
地轻吐会,1
柴油车,1
不多话,1
参考书,1
黏手,1
五灯,1
红砖墙,1
仅次于,1
走试,1
效带,1
小病,1
流理台,1
空罐,1
化完,1
犯懒,1
易容术,1
美卸,1
多卸,1
干淨,1
贴上去,1
撕下来,1
剩一人,1
省下,1
刚要,1
整颗,1
难登,1
挂勾,1
走该,1
坐著,1
落地灯,1
暗去,1
好想,1
矮约,1
临睡,1
严寒季节,1
拒接,1
陈韦汐,1
诗和音,1
珍,1
重覆,1
母则,1
人堆,1
妳在,1
学叫,1
闽江,1
终归于,1
暗中作怪,1
粽瑞,1
别干,1
三番五次,1
可甜,1
报效,1
多白怕,1
平衡性,1
这求,1
要炸,1
胡对,1
狗腿子,1
反增,1
累当,1
点头之交,1
松寿,1
小队长,1
命命入,1
你情,1
比金真,1
扎下根,1
深念,1
和蔼,1
总莫古灭,1
苦累,1
资格比赛,1
恶灵退,1
单干,1
斯斯文文,1
良家妇女,1
冻龄,1
喝甜,1
痴汉去,1
比数,1
你娘,1
穿太辣,1
从头说起,1
静姐,1
他全,1
哪几个,1
变岛,1
慷慨解囊,1
两箱,1
要头个,1
陈佳韵,1
也关,1
留电话,1
中心思想,1
消夜,1
营养品,1
出强,1
补些,1
白莲,1
缴,1
处心,1
腰痛,1
睡不著,1
自视甚高,1
颜社,1
脸红耳赤,1
還幾個,1
琳瑯,1
滿目,1
著下,1
類似,1
困難,1
視野,1
微米,1
勉勵,1
太沈重,1
藉由,1
军公教,1
乡巴佬,1
痲,1
痹,1
之钥,1
靈感,1
剛走,1
操起,1
張口,1
如仙,1
剪成,1
语带,1
事作,1
已长,1
国蛋曲,1
四层楼,1
点份,1
灰熊队,1
共同奋斗,1
下個,1
輩子,1
當爸,1
幸運茶,1
飯來,1
地露,1
家夥,1
得意门生,1
私藏,1
密合,1
一失,1
一得,1
苍疤,1
你妆花,1
涉世未深,1
没扭,1
用些,1
摆老,1
折返跑,1
还吵,1
留样,1
没有特权,1
汗垢,1
狭持,1
一咳,1
独树一格,1
至理名言,1
占住,1
没测,1
夜热,1
株式会社,1
我攻,1
帐号,1
地盖用,1
争权,1
斜视,1
夺位,1
通灵太过,1
绘声绘影,1
重新排列,1
才学,1
侧目,1
如梦如烟,1
辣能,1
合理化,1
吸吐,1
有多麼,1
宝禄,1
号志,1
之後哼,1
胖胖的,1
巴赛,1
隆纳,1
泰北,1
往後一,1
区隔,1
退色,1
失智,1
小过,1
血海深仇,1
下探,1
做份,1
别碍,1
段距离,1
Ｔ,1
交由,1
麻酥酥,1
嗜睡,1
拖动,1
王别,1
逗人,1
稍候,1
那痛,1
朝著,1
检视,1
翘著,1
光一闪,1
一灭,1
老弱妇孺,1
渐缓,1
燃气,1
合法化,1
覆蓋,1
尼该,1
著急,1
空棒,1
共乘,1
置物柜,1
一杠,1
互传,1
还塞着,1
从台,1
台大,1
贵人多忘,1
挤掉,1
耗电,1
火对,1
没弄脏,1
劳勃道,1
忠孝东路,1
驰乘,1
BlueDreamPt.2,1
眉头一皱,1
烟硝,1
香氛,1
齐力,1
断金,1
浓睡,1
零才,1
油上,1
急转直下,1
一叫,1
移驾,1
快接,1
轮框,1
别多,1
孔明乃,1
你防,1
遮阳板,1
沙龙,1
接进,1
燃到,1
细算,1
杜拜,1
王加谓,1
穿够,1
到够,1
那小厅,1
酸性,1
海替,1
海对,1
稀微,1
偏执狂,1
同歌,1
爱想,1
挑不出,1
冲不散,1
惭,1
莱吉,1
墓牌,1
臭俗,1
密死,1
屁孩别,1
遮盖住,1
巨炮,1
人吵,1
煞碧会,1
表示同意,1
灯会,1
纽奇,1
共处一室,1
高帅富,1
设贴,1
屈背,1
心理疾病,1
王澳楠,1
撒烂野,1
三从四德,1
就拉到,1
回绝,1
插回,1
响声,1
不坠,1
漫无,1
飞要,1
衣给,1
首爆,1
扣能,1
哥下,1
火舞,1
春丽秀子,1
别患,1
命由天,1
来辩,1
喊爷,1
多鸡,1
整么,1
点三押,1
爱丽儿,1
相位,1
上計,1
无定,1
企依家,1
脸比,1
掉次,1
太刺,1
美延爱丽儿,1
圈待,1
这坑位,1
未知领域,1
不信索,1
更壮,1
有命花,1
久压,1
有酸到,1
亚碧们,1
阿鑫,1
大缸,1
坚果壳,1
要赛,1
发爱,1
埋土里,1
主人家,1
有通,1
十几条,1
哪摇下,1
拈花惹草,1
北乱,1
下付,1
竹排,1
不爱宅家,1
收菜,1
龙山,1
连败,1
脖换,1
级秀款,1
边笑边,1
嫌俗,1
爱闻,1
从东,1
ft.8,1
死算,1
猛龙队,1
净换个,1
幽浮,1
有解,1
宝可梦,1
钱长,1
海味,1
创淡像,1
出图,1
学丑,1
闪边些,1
宋丹丹,1
笔笔,1
档口养,1
分销,1
分包,1
销账,1
塞别,1
邢翰維,1
有矿,1
比大尾,1
全系列,1
窗景,1
依云,1
选顶配,1
搬累,1
订制,1
阔像,1
张仲景,1
底克,1
考驾照,1
地喷点,1
有伤,1
带表看,1
我削,1
痘痘,1
有个鹅子,1
忘个,1
愚,1
局一觉,1
莆田人,1
开高,1
皮糙肉厚,1
阿奸,1
面学,1
进献,1
暖风,1
阿衰,1
莉,1
蒂娃,1
奶娃,1
幽魂,1
落尽下,1
石装成,1
冲烟,1
烙个,1
塔拉,1
根猫,1
三百元,1
电尾门,1
迈凯轮,1
叫班,1
开文,1
灌酒,1
头爱,1
九纹龙,1
间变,1
双引,1
这大娃,1
圈和局,1
有整,1
多听少讲,1
我坚,1
早久,1
叫小宇,1
汪家山,1
刀脚用,1
大嫂,1
喊刀哥,1
批尝,1
开迈凯,1
启强,1
百人展,1
挂票,1
先炸,1
岔不岔,1
私儿,1
襄峡来,1
农,1
草本,1
爷大胃,1
生疮,1
家头安地,1
遭切,1
曹万江,1
曹格,1
有喃,1
馒,1
铁律,1
好民,1
当鬓,1
绿喊,1
录请,1
热开,1
会拿起,1
不嫁,1
雕龙,1
刻凤,1
装不装,1
锅汤,1
汪心,1
这小段,1
毕的业,1
阿朱,1
劫掠,1
唯只,1
断人,1
尼加马,1
送尼加,1
刀麻发,1
⑥,1
举上,1
最轻,1
实时,1
秋夜,1
路前,1
号召力,1
假牌,1
妙用,1
花貌,1
面比,1
俏,1
眼间,1
零从,1
发足,1
沙摸,1
持有偏见,1
发只,1
寸步难移,1
金镯,1
龙舌马,1
榜上,1
真诚相待,1
以心妹,1
退下去,1
七倍,1
刘雯,1
范臭,1
马记,1
壮气,1
三斗,1
味不愿,1
樯橹,1
吹弹,1
手狠,1
里酷,1
似星芒,1
歌去,1
厘子,1
刺梨,1
地下商场,1
瓜豆,1
李保华喊,1
李老八,1
穷病,1
读作,1
我太张,1
牛烂马,1
炫迈,1
逛点,1
书记,1
拿握,1
赌嘛,1
百分之二十,1
追出,1
嘻哈场,1
品来,1
谢逊,1
鼓大个,1
把款,1
菜场,1
口杀,1
应激反应,1
婚后,1
它装,1
完喊,1
白谈,1
咯来,1
这歇哈,1
结他,1
煤巴,1
饭太硬,1
干锅端,1
高些,1
手过,1
当买,1
扫货,1
吉士,1
没晚,1
讲祝,1
没卵用,1
滑倒,1
散成,1
狗少,1
良宵,1
肥豚,1
碰枪,1
王把,1
嫉妒者,1
孝悌忠信,1
先扣,1
文韬武略,1
避不掉,1
極限硬,1
椟,1
下片,1
牛饮,1
神意,1
再闻,1
貌若天仙,1
抱爱,1
素觉,1
美术家,1
放好,1
该亮,1
勒马,1
挫挫,1
令要,1
圣坛,1
王看,1
配金鞍,1
起兮云,1
泌尿,1
填别,1
射出来,1
精忠,1
压坏,1
潜逃,1
培养皿,1
人格解体,1
脱机,1
看妙,1
挪向,1
生命线,1
塔西,1
变作,1
后管,1
烟具,1
办公楼,1
真笨,1
抑扬顿挫,1
清补凉,1
舞房,1
小嘴,1
凶兆,1
骗吃骗喝,1
供拜,1
比歌秀,1
人借,1
涨进,1
点击数,1
卫衣要,1
做数,1
欢笑声,1
徐怀钰,1
亲睐,1
一万天,1
水汪,1
达官显贵,1
附赠,1
但够,1
市集,1
城脚,1
转嫁,1
平踏,1
气怪,1
汉骂,1
歌硬要,1
丹枫,1
白露,1
结新仇,1
特塞,1
王起,1
就脏,1
挖机,1
用分,1
酒器,1
分酒,1
冷帽,1
熟能生巧,1
吓住,1
周夏影,1
野望,1
水陆,1
黑汗,1
那点面,1
稳边,1
我闲,1
再就是,1
太阳热,1
家为,1
玩厌,1
难守,1
手想,1
拒收,1
迈想,1
夜影,1
防沉迷,1
猛蛮,1
行使主权,1
洗钱,1
唐得,1
套牌车,1
股压,1
没板够,1
涂改液,1
幽远,1
反得,1
完得,1
掏破,1
愚见,1
骄笑,1
身和体,1
赏心悦目,1
拼齐,1
心傲傲,1
地学,1
芭拉,1
干烂,1
点闭,1
带大,1
雷声大,1
鸟枪,1
头铁得,1
人吾往,1
根蓝楼,1
十滴,1
逼麻,1
莫挡,1
苏州河,1
娄烨,1
四窜,1
花默示,1
拿手菜,1
藏身处,1
还算小多,1
词时,1
梦带,1
峰岭,1
东西方,1
烤物,1
断肠人,1
超香,1
想将来,1
八零,1
种植园,1
像迪丽,1
孟买,1
鸡排,1
更优越,1
来斗阵,1
爷烈,1
富态,1
翻跃,1
光心,1
摆一锅,1
长途飞行,1
岂料,1
激斗,1
费比,1
够烈,1
旁坐,1
地铺,1
侍者,1
热疯,1
指环王,1
摸上去,1
王从,1
美剧用,1
兵别,1
观景,1
烂醉如泥,1
牛年,1
百公里,1
背後視鏡,1
向後退,1
心浪装,1
跳槽,1
人下,1
回微,1
信破,1
山倒,1
甘知影,1
录口,1
爱标,1
五金,1
颈椎病,1
按季,1
李世清,1
费打,1
衣帽间,1
飢渴,1
搬進,1
風景紀錄,1
飞先,1
廈門,1
全靠浪,1
绑手,1
绑脚,1
油耗,1
标像,1
我叨来,1
那裡,1
甘有,1
干别,1
繞車,1
窗摇,1
下吹著,1
風載,1
情史,1
含情脉脉,1
秀费,1
被击,1
争雄,1
百万雄师,1
汝,1
逃酒,1
邀子翼,1
同榻,1
援军,1
德约,1
科维奇,1
屯兵,1
稚弱,1
蒲团,1
何惧哉,1
张奕有,1
倒变,1
有云,1
宫女,1
寡人,1
企图心,1
魔般,1
努力完成,1
一批批,1
振翅高飞,1
天行者,1
快脱,1
巨胡,1
有众,1
净光,1
三窟,1
奉还,1
错时,1
季候,1
晚触,1
前飞,1
化妆舞会,1
多神,1
没人见,1
错算强,1
好几杯,1
别总宅,1
高绝,1
土壕,1
卸下来,1
动梦里,1
但出,1
工作量,1
真忙,1
中少,1
养胖,1
能守,1
胖抱,1
挖过,1
歪歪扭扭,1
肉守,1
完级,1
补课,1
放浪无拘,1
为养,1
大白话,1
地骗,1
毫不迟疑,1
弥留之际,1
不懂道理,1
小贤,1
打油诗,1
三好生,1
产业化,1
漫骂,1
焚书坑儒,1
喷张,1
专讲,1
刷钱,1
港出,1
拓跋,1
我传,1
多米尼克,1
藤茎,1
变卖家产,1
资质,1
夜明珠,1
屡见不鲜,1
人所见,1
凝咽,1
用以,1
黑管,1
彳亍,1
澜,1
留言板,1
线段,1
鲜卑,1
最清,1
浮漂,1
头回,1
金闪,1
谷物,1
土路,1
呆望,1
更怕,1
药嘿,1
兔别,1
疼惜,1
我底,1
风马,1
旗飘扬,1
细水,1
黑杰克,1
四菜,1
病史,1
须弥山,1
水离,1
理得,1
太偏,1
锻成,1
赞称,1
善者,1
胜览正,1
贯成,1
胜冠向,1
塾师,1
起愿,1
镜外,1
矫治,1
险文,1
雕制,1
匾文,1
矫饰,1
复试,1
文段,1
毗罗,1
阿什,1
稻穗,1
强酸,1
沁不烂,1
心初,1
孤勇举,1
马奶酒,1
煤炭,1
锦簇,1
安之若素,1
途经,1
垂叹,1
人想用,1
发法,1
所犯,1
就会分,1
三锭,1
潜望,1
法得儿,1
截阻,1
桓子,1
无梦,1
觉梦,1
偏得,1
几叶,1
肃杀,1
济慈,1
假济,1
校样,1
应允,1
悲恸,1
觉树,1
一文钱,1
形似,1
梦理,1
雪骨,1
时梦,1
后来者,1
同境,1
玻璃幕墙,1
逐赶,1
第二十一次,1
滔浪,1
天如,1
贬责,1
一尺,1
清灵,1
湿巾,1
心雨,1
死而无怨,1
被伐光,1
主客,1
树坑,1
劳请,1
年久失修,1
桉风来,1
折得断,1
播不出,1
草夫,1
清者自清,1
调笑,1
善业,1
报以,1
万谢,1
犒赏,1
掺进,1
水箱,1
愉,1
众桥门,1
飞漱,1
弄潮,1
剑能,1
装裱,1
诗兴大发,1
司命,1
通感,1
桌沿,1
像拉上,1
来去无踪,1
泪风眼,1
欢畅,1
边边角角,1
相失,1
那遥,1
盲道,1
想行,1
演心数,1
孤叶,1
昨让,1
天地万物,1
乘载,1
高置,1
潜文,1
如居高,1
疯想,1
韶山,1
爱绕,1
石望,1
奋发向上,1
手低,1
眼高,1
中南大学,1
春风得意,1
濛濛,1
似无到,1
追梦到,1
算了又算,1
追求真理,1
新闻媒体,1
网络时代,1
他染,1
弓活,1
世如居伏,1
一栏,1
燕姿,1
练习曲,1
看艾,1
掌印,1
玻璃茶几,1
零乱,1
要坏,1
深可,1
没说的,1
观影,1
已封,1
罗旭,1
石下,1
你会开,1
送乐宝,1
文化圈,1
莽汉,1
挥戈,1
有眼不识,1
场当个,1
街牌,1
中转站,1
乐宝,1
上乐宝,1
唱进,1
该试,1
应试,1
刚来查,1
只论,1
信藏,1
课儿,1
传统观念,1
神雕侠侣,1
里标,1
袋旁,1
订满,1
说唱乐,1
废若为,1
竹于,1
嘿梦中,1
风中嘿,1
刘掌柜,1
装醉管,1
皂白,1
停船,1
几平,1
不爱数,1
第四种,1
黄毛丫头,1
佛学,1
全视用,1
管闲事,1
客区,1
湘南,1
钱藏,1
湿人,1
春草,1
远胜,1
人快,1
自欺,1
行间,1
金言,1
明霞,1
没溅,1
一罗预,1
书经,1
淑,1
好产,1
潮缓,1
感出,1
自贱,1
陶俑,1
血热,1
长须,1
痛像,1
日里炼,1
烦文,1
焦炙,1
体验生活,1
削笔,1
笔放好,1
风洞,1
药膳,1
词匠,1
金士顿,1
欠疚,1
自谦,1
缘何,1
木箱,1
落水,1
丐,1
七元,1
多字会,1
小艺,1
尤里卡,1
闭关锁国,1
楼一呆,1
成形,1
雨湿,1
进诗,1
产生误解,1
张爱玲,1
拉拉扯扯,1
孤男寡女,1
白丝,1
一叶知秋,1
沉沉的,1
打捞,1
庞宽,1
张蔷,1
幸福家庭,1
值机,1
无以为报,1
水会溃,1
壅,1
淤,1
请戴,1
锂电池,1
片进,1
窗亮,1
涉过,1
下学期,1
租房子,1
学籍,1
溷音,1
模煳,1
张三弥,1
靠胆,1
路太黑,1
超问,1
训要,1
脚骑,1
美利,1
监放,1
疼连麻去,1
屮,1
谷到,1
没嗦,1
飞吐,1
贝贝刀,1
遵纪守法,1
撒屁,1
个钏钏,1
二娘,1
凶人,1
贝贝想,1
包紧,1
魔来,1
漂得烈,1
拜哈,1
法人,1
遭逼起,1
土肥,1
当井茶,1
说得好,1
燕都,1
谈崩,1
纳雍,1
稍永力,1
翁儿,1
匡觉,1
摆比,1
肯耍,1
超要,1
撒雪,1
绵柔,1
似雨,1
窗檐,1
扁平足,1
偷猎,1
塑料包装,1
过妄,1
节能灯,1
旁当,1
恶丑,1
前起,1
云后,1
灵柩,1
管真,1
灯太闪,1
直截,1
收押,1
衣冠冢,1
白头翁,1
行春到,1
任搅,1
坏成,1
天怕,1
深悉,1
所挥出,1
倚靠着,1
黑迎,1
黑鱼,1
边壤,1
肝胆照人,1
病方来,1
鬓霜,1
这够,1
退现,1
西北方,1
降低标准,1
刘宏宇,1
刀体,1
赶能,1
饱咯,1
整几个,1
歪头,1
财归家,1
欧阳锋,1
蛤蟆功,1
随日,1
度少巴,1
度空间,1
中太,1
葬个,1
迎新晚会,1
孔定,1
几蛋,1
我葬会,1
绷表,1
欠顿,1
一闷,1
麻草,1
他克买,1
皮要,1
再抖,1
听少,1
先内瑟,1
三样,1
败德,1
地缓,1
广就,1
太爱装,1
热过,1
一韵,1
呐呐,1
放卡布,1
伙小润,1
发人,1
脑崩崩,1
琢刀,1
子恶,1
干锅,1
贞子,1
上谈,1
热皮,1
土驴,1
各玩,1
他峦,1
齐想学,1
管事,1
板扎,1
农古喊,1
颗槟郎,1
保剑锋,1
介草,1
抱归家,1
抓味,1
一文,1
补有,1
做喃,1
闷心,1
煸,1
起壳,1
丝儿点,1
加马卡扎,1
小冰果,1
说川普,1
装老,1
遭玩,1
子脚杆,1
缠哈想,1
想哈多,1
憨想,1
吃球,1
赚头,1
夜到,1
真酒,1
第一回,1
木炭,1
冻疮,1
竹笋,1
担着,1
写人,1
进山,1
下风,1
保障卡,1
请愿,1
稽首,1
云多,1
手有余香,1
遗孀,1
子嗣,1
脱巢,1
脸除,1
火笼,1
天冷时,1
引得,1
针织,1
日晷,1
出光,1
抽象派,1
朦胧派,1
鼻中,1
水潭,1
平添,1
曾前,1
门雨,1
黄线,1
地迈,1
一击用,1
花盆里,1
竹条,1
火炭,1
故去,1
愧责,1
望星,1
那洛迦,1
君子固穷,1
残酷无情,1
播撒,1
启智,1
爱向,1
昭告,1
不爱交际,1
抵不上,1
克己,1
金装,1
胎死腹中,1
赶路的人,1
任耳废,1
深底,1
几盆,1
穷而后工,1
病创,1
泾河,1
语意,1
湍,1
这空,1
怯畏,1
之人会,1
木台,1
好的开始,1
炉壁,1
从军,1
奴婢,1
囤积,1
养蜂人,1
画蛇,1
添足,1
拓下,1
摆钟,1
多冷,1
被作,1
咽太多仅,1
从万仞,1
藏得会,1
深找,1
满用,1
成墨,1
租过,1
集散,1
鼻塞,1
尽我所能,1
会换种,1
仿建,1
雪雨中,1
吹倒,1
长明,1
简练,1
所学,1
叛敌,1
探袭,1
密音,1
尽人,1
只领,1
过快,1
加亮,1
谛,1
谛听,1
音密,1
不得好死,1
迄今,1
新址,1
切米,1
沃什,1
大圆满,1
实例,1
太多牙往,1
海太近,1
示人,1
海喝,1
自酌,1
俟,1
随记,1
下些,1
时以,1
湿过,1
根雕,1
妥当,1
怨阳天,1
正恰,1
颗粒感,1
但杯,1
裸照,1
窄小,1
香香的,1
失格受,1
力所,1
貌,1
重而,1
要演,1
我千,1
一百零六,1
食肉,1
朝好,1
累特,1
高歌一曲,1
还俗,1
喝大杯,1
德阳,1
真苦,1
言行不一,1
可诉,1
开解,1
用红,1
毒蘑菇,1
让出,1
那座种,1
避雨,1
别飘着,1
饵,1
竿,1
粼粼,1
荧屏,1
掰学,1
霸们,1
加一,1
物以稀贵,1
哭天抢地,1
水里开,1
再献,1
忽上忽下,1
喝撒酒,1
暴他,1
冲云破雾,1
欲扬先抑,1
撒下片,1
养甜,1
劲道,1
舞林,1
我美到,1
暗生,1
心路历程,1
紧箍受,1
仙边,1
拜读,1
变星,1
腹泻药,1
跳脚,1
好梦前,1
弹珠,1
葱爆,1
蛮酷,1
十箱,1
点不掉,1
多天,1
逛商场,1
撰稿,1
声情并茂,1
不差毫厘,1
哪接,1
用心读,1
最不爱,1
萌混,1
保留节目,1
趣像,1
妙龄少女,1
恶狠狠,1
抛不掉,1
笔剩,1
从长计议,1
音乐演奏,1
沿岸,1
听长,1
雇张,1
耶耶耶耶耶耶耶耶耶,1
前音,1
课程表,1
辈时,1
鞋号,1
幼师,1
妈小翠,1
错综,1
福伯,1
气吹根,1
惹个,1
没藏,1
慢太多,1
面目狰狞,1
嫩草,1
书迷,1
凸露,1
如获至宝,1
夜对,1
粗枝烂,1
叶非,1
五百个,1
加多宝,1
快线,1
广告语,1
敬爱,1
偷亲,1
闹出笑话,1
几扎,1
剩残血,1
变大乔,1
娇娇,1
我妆容,1
划桨,1
已破,1
很足,1
镇上,1
浓酒,1
团扇,1
再收,1
谁的车,1
哪住,1
少闹,1
栽得,1
真命天女,1
心树,1
当一地,1
抢拍,1
计时表,1
驱壳,1
我答,1
想算,1
加涨,1
吐真言,1
通彻,1
不恋于,1
咬个,1
亏不亏,1
变除,1
贤妻良母,1
全手,1
见色忘友,1
全肉,1
只思,1
快系,1
乘上,1
难防心,1
慢尝,1
亲醉,1
软化,1
前别,1
动想,1
偷念个,1
先不聊,1
我爱放,1
爆灯成,1
品盼,1
击准,1
用兵,1
剑用,1
静态,1
越毒,1
下卷,1
夜熬,1
特指,1
一吐为快,1
点进,1
我太蠢,1
网图,1
还线,1
招带,1
哎该,1
萌照,1
送货员,1
暴涨,1
几千条,1
阿莹,1
如飞,1
兔般,1
大群群,1
下扫,1
感刷,1
棒冰,1
好辣,1
相太糟,1
黎家,1
喝凉,1
胖妈,1
小孙,1
火轮,1
他念,1
碰个面,1
供着,1
小拳头,1
川妹,1
美可求,1
嘿是,1
拭去,1
伸过,1
光彩照人,1
一哒,1
美好未来,1
紧依着,1
舞动着,1
浪是,1
那浪,1
炎帝,1
如水般,1
波云,1
诡谲,1
台山,1
艳,1
唐宋元,1
明清,1
堂而皇之,1
古方,1
孙雅哲,1
张宇成,1
啃噬,1
百忍成金,1
逆风而上,1
国难当头,1
抬不起,1
北洋政府,1
王公贵族,1
将门之后,1
蝇营狗苟,1
溯源,1
匀面,1
创会于,1
凤凰山,1
超女,1
太爆,1
自吹自擂,1
深谙,1
撞锦里,1
创举,1
先寻古,1
二桥,1
捏面,1
龙抄手,1
囿于,1
低矮,1
民房,1
气死我,1
每帧,1
气全,1
迎嘴,1
自助餐,1
黄露莹,1
法西斯,1
南宋,1
澎湖列岛,1
海防,1
满清,1
马关条约,1
安倍,1
疾行,1
盐田,1
蛇口,1
来握,1
胶东半岛,1
蒙山,1
大菜,1
加粒,1
拉著,1
鳝鱼,1
蒙眼,1
下发,1
相迎,1
光破,1
窗而入,1
招不出,1
盖世无双,1
树停,1
暮云,1
鹿群,1
会太饿,1
餐大,1
自体,1
麻辣味,1
烤条,1
能办,1
沃野千里,1
mgonnafightforwhatIbelieveinLifeIsAJourneypt.1,1
卫报,1
豪情万丈,1
之秋,1
Thereare1.4,1
疲弱,1
地守护,1
造谣生事,1
起溅,1
祸及,1
敬力,1
示威游行,1
打砸抢,1
随著风,1
追著云,1
鱼戏,1
著水,1
初入,1
求一帆,1
请便,1
腹有,1
邮报,1
日杂,1
公知,1
果粉,1
野军,1
冷宫,1
良谋,1
小隐于,1
雏凤,1
于农,1
岂为,1
财乎,1
深使,1
伺一砚悟,1
遮瓦,1
低簇,1
花枝,1
别晕,1
张曼玉,1
身体素质,1
大让,1
座楼,1
从手,1
躁郁症,1
演快,1
唠唠看,1
侦查,1
叔祖,1
风清扬,1
面别,1
不阔,1
网络蚂蚁,1
稀再,1
誉,1
十五秒,1
音乐节目,1
范儿哥,1
忘传,1
咯敢,1
棍来,1
喽来,1
我接,1
违愿,1
看人要,1
内子,1
国字,1
哭活,1
扫掉,1
米田共,1
补点,1
中盖,1
猪样,1
但此,1
喷非,1
有教无类,1
一般见识,1
名宿,1
捉棋靠,1
进可攻,1
隶属,1
第局,1
食紧,1
会信,1
率直,1
紧过,1
每一字,1
禁止喧哗,1
你禁,1
净止,1
行返,1
你仲讲,1
点名簿,1
寄宿,1
巨蟹座,1
刚冲过,1
有同,1
谣言止于,1
人拉远,1
发源,1
造福,1
祸乱,1
解解闷,1
叶落归根,1
看西,1
看该,1
破着,1
例当,1
协奏曲,1
卸货,1
缩水,1
蒿子,1
装逼路,1
鱼湾市,1
舍命,1
圣者,1
互吹互,1
个人主义,1
集体主义,1
用武之地,1
因地制宜,1
世袭,1
航站,1
能撑,1
娘管,1
舒毛,1
子贡,1
咯喊,1
军尝遍,1
紧像,1
龙根,1
鱼腥草,1
更超,1
当掉,1
蒙闭,1
后援,1
从线,1
燥子,1
共读,1
挑十别,1
退咯,1
多爱唱,1
比懂车,1
比阔,1
郑克,1
学哆来,1
弯出,1
认庆,1
我新歌,1
长青树,1
黄兴路,1
长津湖,1
慢用,1
打靶,1
营回,1
插一嘴,1
大盛爷,1
集中营,1
阿甘像,1
各断,1
花般,1
为傲,1
情有义,1
半梦,1
特大号,1
太多车,1
糊糊,1
重整,1
阳子,1
玩多,1
没阴,1
改咯港,1
金刻,1
哇别,1
虚度年华,1
辣问,1
曲来,1
起盛宇,1
插根,1
先撑,1
论语,1
过君,1
伏地,1
风从,1
肯过,1
观心,1
知人知面,1
玩手段,1
游戏人间,1
成书,1
称述,1
只玩会,1
没人担,1
来担,1
躁要,1
闹要,1
晓看,1
那花,1
半遮半掩,1
好赌,1
鄱阳湖畔,1
郎学,1
边浪,1
缺杀,1
没人怨,1
不足为外人道,1
叫大狗,1
吹毁,1
敢教,1
换新天,1
向洋,1
热风,1
吹雨洒,1
英雄气概,1
昔人,1
千万千万,1
帝国主义,1
心不死,1
天亦老,1
开倒车,1
同室操戈,1
山竹,1
主旋律,1
丁一,1
子孙后代,1
债要,1
诚心诚意,1
黄金世界,1
火瘾,1
乐到,1
笔格,1
咬闻,1
先贤,1
形态各异,1
各领,1
浓爱过,1
才识,1
情重,1
昏君,1
枪不像,1
多王,1
翻篇曲,1
何方神圣,1
问九筒,1
卷袖,1
无喜,1
亲合力,1
燥王,1
荧光笔,1
飘飘欲仙,1
老黄牛,1
不甘寂寞,1
无悲,1
枪来,1
燥性,1
喜用,1
塞好,1
泪端,1
走车,1
正色,1
排除万难,1
比爱,1
营字,1
恩念,1
易术,1
怀疑论,1
错敢,1
旧恨新愁,1
地改,1
收信人,1
人老会,1
卖骚,1
外交,1
拿腔,1
颁奖礼,1
逝水,1
假药,1
一礼,1
改换,1
幽玄,1
物哀,1
宇宙论,1
影成,1
救光,1
买栋楼,1
托着,1
每篇,1
云要,1
轻怕,1
曲折离奇,1
无所不通,1
可医,1
文革时期,1
等量齐观,1
不可同日而语,1
凶吉天,1
盘九星,1
杂花,1
局当,1
凡逆者,1
初见端倪,1
伪装者,1
万卷书,1
父地,1
可欺,1
生一念,1
戒定慧,1
痴慢,1
疑道,1
互成,1
一若能,1
七窍玲珑,1
心可要,1
千尺,1
心无挂碍,1
顺者,1
希许,1
云开,1
平战时,1
假样,1
趋炎,1
附势,1
新改,1
品鉴,1
可歌可泣,1
假模,1
可饮,1
昼日,1
秋色,1
可衣,1
同流,1
合污,1
绿帽子,1
一时之间,1
匹夫有责,1
有书,1
外争,1
对表子,1
齐发,1
念完,1
早育,1
生事,1
记下来,1
再循环,1
糜滥,1
社会蛀虫,1
用工,1
孤枕难眠,1
与世长辞,1
饥附饱飏,1
轻如鸿毛,1
绳条,1
天成,1
之瓜,1
睡大蜜,1
口译,1
麻配,1
冰桶,1
3.2,1
航天,1
休眠,1
美克,1
碾成,1
掐指一算,1
非吵客,1
儿摞,1
走派,1
九寨,1
吃花,1
离舵,1
蛋头,1
待位,1
解解,1
来瓶虎牌,1
出巢手,1
比命,1
中星,1
鱼掌,1
一盘棋,1
心隔,1
远爱,1
肉血,1
我想求,1
真太难,1
一暖,1
生搬硬套,1
自裁,1
爆开,1
不优,1
抱来,1
咖在,1
冰梦,1
气三二一,1
重有,1
裡给,1
进斗场,1
刀手,1
后藏,1
修拍个,1
照不发,1
里眼,1
我漏,1
进有,1
演算,1
图型,1
手机短信,1
伏起,1
有高有低,1
回顾过去,1
点绿,1
潮是,1
笔端,1
先来举,1
懂嘻哈,1
讲脏,1
无停,1
听治,1
病风炎,1
去品,1
家倒,1
短小,1
里温,1
不慌变,1
碎骨粉身,1
插刀,1
明处,1
那多酷,1
刷题,1
影视作品,1
那破灯,1
穿满,1
第三周,1
认识一下,1
远嘛,1
包随,1
难玩,1
飞为,1
耕坏,1
田孟垠,1
妹有,1
杀别,1
炸毛,1
下调,1
聊会,1
歇火,1
第一周,1
第二周,1
堆积如山,1
写光墨,1
狂笑,1
走不过去,1
马云律,1
三里,1
看大屏,1
哈拉,1
双层,1
白杯,1
追星,1
完往,1
用微,1
信刷,1
好几百万,1
赞想加,1
乃兆嫩,1
星标,1
买纪,1
鳄鱼皮,1
比权志龙,1
壮嫩,1
志在必得,1
饱点,1
上盘,1
哥好,1
组冲,1
前桃,1
五佳球,1
重在,1
壮曲,1
脑不脑,1
末代皇帝,1
狐假虎意,1
富贵在天,1
马云马云,1
律野词,1
有万变,1
干流,1
叫出,1
孟德三英战,1
太师,1
迁都,1
王司徒,1
逆党,1
巧使,1
文台,1
跨江击,1
刘表,1
公孙,1
袁绍,1
战于,1
磐,1
司徒,1
傕,1
郭汜兴,1
虎牢关,1
镇应,1
恕不奉陪,1
矫诏,1
信誉,1
全心投入,1
分争,1
并入,1
至光武,1
中兴,1
殆,1
桓灵,1
黄巾起义,1
首功,1
何进,1
无谋,1
中贵乱,1
檄,1
居朝堂,1
孟德,1
兴师,1
勒兵,1
陶谦三,1
直荐,1
阿瞒平,1
新野,1
豫州,1
携民,1
渡江,1
单骑,1
翼德,1
独战,1
决计,1
曹周郎,1
赤壁鏖兵,1
借风凤雏,1
三江口,1
曹军,1
荆襄元,1
玄德,1
战仓亭,1
挂印,1
徐州,1
借兵,1
战子义,1
东游,1
袁术,1
白门楼,1
汉寿,1
乌巢,1
时值,1
建安,1
曹驱兵,1
伯符,1
父兄,1
基业,1
提看,1
真勒是,1
讲穷,1
先常,1
顺著,1
装著,1
目中,1
脸好,1
眼好,1
我己,1
天网恢恢,1
芬帝,1
不安于室,1
试人活,1
天笑,1
丑女,1
哇哇叫,1
罗唆,1
东管,1
一踏,1
暗渡,1
眼正朝,1
煞车,1
神侃,1
复利,1
锋,1
总愿,1
少废话,1
追著,1
低著头,1
红血丝,1
扫得,1
喝著,1
发像,1
著蛇般,1
眼瞪过,1
白冰冰,1
西管,1
阿拉伯人,1
等米下锅,1
小七小,1
昏灯,1
人轻,1
我理,1
悬涯,1
这不关,1
紮,1
没比,1
再战,1
一声不响,1
会练成,1
门旁,1
拋出,1
時空,1
孔军够,1
自刚,1
见秋去,1
愁容,1
飘枫,1
描素,1
王小汉,1
带著,1
真妙,1
嘿高,1
左後方,1
风不急,1
信看,1
言花语,1
打发掉,1
面太饿,1
总机,1
喜雀,1
卿卿我我,1
弄绉,1
先来加,1
可当以,1
内惩,1
刘泠泠,1
圆柱,1
少买,1
龙沁,1
肖俊潮,1
许美琦,1
黄琳雅,1
于此,1
请用,1
重罪,1
浆果,1
无厌,1
杳无人烟,1
机甲,1
天主教,1
可下,1
真叫,1
李瑶,1
侵吞,1
彭诗琪,1
晓风残月,1
有丝分裂,1
破折,1
喷斥,1
肉子,1
逐利,1
我轻闭,1
幸而,1
说乐高,1
拱门,1
道个,1
点出,1
邓馨蕾,1
为国出,1
何家旺,1
谭钧,1
文曲,1
儿滑,1
小波浪,1
开贴,1
袒护着,1
铁钉,1
曾疗,1
伤待,1
后染,1
夜读,1
不扰,1
绮丽,1
孤城间,1
谈天,1
底部,1
大萄本,1
姜云升曲,1
涩谷,1
做脏,1
立秋当,1
每平贵,1
备钟,1
恍若隔世,1
美套,1
穷于,1
枕水,1
青砖,1
瓦里,1
鼓乐,1
这禁界,1
无人岛,1
荡出,1
扭晒,1
黑传,1
鲜嫩,1
这凝波,1
洋洋大观,1
三岔路口,1
讲道,1
丁零零,1
亚和微,1
亿给,1
妹可,1
行道,1
黄牌警告,1
吸豆,1
富像个,1
豁达大度,1
耐着,1
光雾,1
大踏步,1
本年度,1
小裙,1
敲动,1
太多谎,1
天线宝宝,1
仲永,1
曾志伟,1
千秋雪,1
弃笔从戎,1
重笔,1
这裡,1
有著,1
草堂,1
嘎吱,1
习不,1
围著,1
脸看,1
有雪,1
裡的,1
别著,1
讲别,1
藏什,1
窗含,1
次聚,1
剿灭,1
残羹,1
磨练意志,1
廿年,1
意識,1
愛與熱,1
誠,1
數,1
換,1
黑沙,1
路环,1
大三巴,1
家同,1
汶川,1
闻一多,1
七子,1
已不像,1
驻澳,1
故城,1
細說,1
蓮花,1
漁,1
寓教于乐,1
挺下去,1
旧家具,1
容错,1
tintimidatedbyhawks1.4,1
純,1
濠江,1
過屬,1
蹟,1
見證,1
記住,1
燈下,1
處處,1
繁榮場,1
雪替,1
美食街,1
冠带,1
棠棣,1
罗汐,1
黄吏,1
郭潇雨,1
总不回,1
总不接,1
张猪,1
慢刷,1
迎头痛击,1
很不酷,1
眼都,1
喷击,1
喊句,1
骗心,1
刚分,1
后接,1
徐梓淳,1
梦颖,1
临官,1
小希,1
没颜值,1
三角形,1
圆里,1
比家,1
乘务员,1
前钱,1
回唱,1
歌致,1
不太准,1
粉尘,1
推攘着,1
封底,1
天灰,1
风静,1
石沉,1
快大口,1
选一,1
死不悔改,1
总逼,1
没太过,1
别摆个,1
红多帅,1
四五条,1
达到顶点,1
流畅地,1
可胜者,1
已算到,1
傲雪压,1
松枝,1
落寂,1
获益,1
定太高,1
令人厌恶,1
灭顶之灾,1
狗爬,1
柔过,1
林丹烁,1
天猫,1
处尽,1
门禁卡,1
破班,1
建工,1
实业,1
控股,1
小额贷款,1
方瀚,1
关己,1
微信发,1
可过,1
补习学校,1
卑如,1
细如,1
高是,1
偏架,1
起拉,1
穷至,1
凄切,1
这特,1
觉愿,1
非去,1
闺蜜们,1
而片,1
陈桉辰,1
昂斯,1
怀了孕,1
里教,1
低首,1
虚有其表,1
读书声,1
保护法,1
有学,1
养胃,1
芳菲,1
洪,1
装梦替,1
部剧,1
部番,1
座山拔,1
有意无意,1
做遍,1
空无,1
时说,1
阿越,1
长者,1
地直,1
卷次,1
一鱼,1
子群,1
韩影,1
人类学,1
知悉,1
丫倒,1
曉午,1
签完,1
垂暮,1
耗不起,1
砖块,1
烧喉,1
绞动,1
抽正,1
博说,1
坑快,1
浇雪碧说,1
背地手,1
牛羊肉,1
真炸,1
热才,1
所以然,1
能骗,1
明辨,1
早离,1
炸爆,1
风全,1
灰布,1
归咎于,1
我沙,1
一汀,1
叫姐,1
先亮,1
当渣,1
云看,1
眷眷之心,1
怨毒,1
冷冰愿,1
发晕,1
洗心革面,1
黑白棋,1
摇得动,1
普渡,1
喜不自胜,1
龙阳,1
之好,1
综合体,1
喃喃细语,1
奖想,1
男癌,1
多里,1
瓜哥,1
骚柔,1
作弄,1
选题,1
荆棘鸟,1
渊明,1
兄饮,1
获悉,1
需拥,1
每早,1
国法,1
色拉油,1
阿Q,1
早前,1
潘驴,1
邓小闲,1
来虐,1
光棍节,1
谈朋友,1
博拉,1
信拉黑,1
云拉,1
黑拉黑,1
水性杨花,1
最萌,1
十有,1
花榴,1
上观,1
作壁,1
薄念里,1
中笑,1
瓜田李下,1
嚎啕大哭,1
狼族,1
阶级矛盾,1
纲领,1
小蝻,1
幽闭,1
Feat.963,1
水迹,1
时看,1
言传,1
口说,1
百依百从,1
山誓,1
海盟,1
以穷,1
人阔,1
总有富,1
回克带,1
憨态,1
声怕,1
克装,1
以克当,1
条苟想,1
滴笑,1
就餐,1
制斗,1
滴人会,1
情兽,1
本本分分,1
褍,1
滴人成,1
滴勒,1
粉象别,1
狂秀,1
名节,1
看雨早,1
江枫,1
对愁,1
人仗,1
可多想,1
以沫相濡,1
单身情歌,1
爱怪,1
挑头,1
清火,1
用瓜毒,1
黄灿灿,1
换新梦,1
梦清,1
火唱慢,1
轻颂,1
想同,1
加小青,1
千澈,1
白娘子,1
分外妖娆,1
丁香,1
吹出来,1
瑰丽,1
蕙质兰心,1
一眸,1
再荡,1
用要,1
对生,1
如秋,1
深情款款,1
街为,1
沉鱼落雁,1
枫情,1
火想,1
转运,1
负分,1
大话西游,1
停格,1
脚力,1
太宰,1
漱石,1
レ,1
転,1
決,1
々,1
太老烈,1
太嘴,1
福寿,1
交叉点,1
减而,1
有轨电车,1
练歌,1
明眸,1
诗歌集,1
若善,1
莫看,1
数十载,1
连体婴,1
海埂,1
嫁纱,1
鹿鹿,1
早知如此,1
菲薄,1
画中人,1
意合情投,1
网里,1
羡,1
不羡仙定,1
浮屠,1
春宵一刻,1
情字,1
面不改容,1
变早,1
姚中仁,1
映画,1
于通,1
硬来,1
顺受,1
爱逆来,1
战团,1
长风破浪,1
驶出,1
乳液,1
浸地,1
记作,1
乍暖乍寒,1
人海容,1
一口袋,1
大有可为,1
人未,1
玉盘,1
灵泽,1
千娇百媚,1
懂塔兰奇,1
离群索居,1
暮鼓,1
至爱,1
丰功伟业,1
美妾,1
洗尽铅华,1
战五渣,1
惺惺,1
相宜,1
国漫,1
红豆相思,1
费洛蒙,1
异位,1
倚靠在,1
尔林,1
封口费,1
嘿当,1
借火,1
连贯,1
后勤,1
稠密,1
柔意,1
求觅,1
盯防,1
满待,1
皮蹭会,1
体罚,1
手滑,1
咽个,1
地敬,1
哈秀,1
褪稚,1
煽动性,1
发圈,1
课教,1
开课,1
哥快,1
碰肩,1
红方,1
比假,1
吹管,1
发如雪用,1
刻爱,1
凑出,1
奇事,1
盗版碟,1
联翩,1
刚小卫,1
宽待,1
专卖,1
乳母,1
想买条,1
新竹,1
还愿,1
会厌,1
胎盘,1
加特,1
法歪,1
跨得进,1
肏,1
病爷,1
史学,1
涂覆,1
车段,1
小比,1
侯爵,1
尹,1
仙药,1
赵四,1
碰白,1
搐,1
我启,1
咒愿,1
匆促,1
图谋,1
高峡出平湖,1
评比,1
李小雷,1
我叠,1
全听,1
租间,1
淡妆,1
遍是,1
抢火,1
黑特求,1
嵌满,1
装蛋,1
石牌岭,1
需多,1
毒留,1
经查,1
几女,1
范读,1
哇神,1
报官,1
鹰犬,1
腰弯,1
催皇图,1
___,1
妹一晌,1
贪欢,1
秋雁像,1
结庐,1
李后主,1
锦瑟,1
温庭筠,1
位极人臣,1
方觉,1
犹存,1
随旧,1
宝刀未老,1
制暴,1
鸳鸯蝴蝶,1
验槽,1
透漏出,1
但童,1
真理性,1
送落,1
夜早,1
婉约派,1
笔调,1
油表,1
艺当,1
改良,1
官印,1
傻到,1
礼教,1
停转,1
苦口婆心,1
巧想,1
港间,1
成花外,1
流莺,1
百花洲,1
诉衷情,1
鸾凤和鸣,1
剩得,1
残妆,1
黄花瘦,1
無几野,1
百看不厌,1
想品,1
郁郁葱葱,1
秋时,1
鼓唱首,1
没伤,1
金嗓歌,1
何日,1
相知有素,1
君共话,1
弹酒,1
作歌,1
伏于,1
空中楼阁,1
苍颜白发,1
来夜,1
之春里,1
如锦在,1
桃花江,1
花样年华,1
一夕,1
纸鸢,1
伴月,1
犯戒,1
染指,1
通牒,1
温莎公爵,1
罗曼史,1
牧羊犬,1
碧血剑,1
司待,1
忙勒忙,1
笑怡宝,1
阔能,1
前待,1
女同事,1
缓哈子,1
无神望,1
吊顶,1
最聊,1
撇滴,1
谈得成,1
疼人,1
挤上,1
带勒个,1
几忙,1
洗口,1
林徽因,1
秀灵,1
徐悲鸿,1
清远,1
执子之手,1
写眉轩,1
锁语,1
尿性,1
工服,1
百媚,1
错络,1
学不乖,1
改观,1
脆弱不堪,1
错拉黑,1
弊耳,1
孤种,1
壮硕,1
言而无信,1
下堂,1
妾,1
笔墨横姿,1
妇孺皆知,1
然从,1
万般皆下品,1
仍至,1
八艳之首,1
朱程,1
所惑,1
但情,1
三子,1
东林党,1
魁是,1
真爱配,1
秦淮河,1
若言,1
独根,1
顿号,1
水发,1
送出门,1
醉会,1
照出,1
隐密,1
空卧,1
榛子,1
利口酒,1
占个,1
晃进,1
黄油,1
柠汁加,1
伞笑,1
散失,1
联多,1
举案齐眉,1
必当,1
以匹,1
嫡之礼,1
满客,1
长乐未央,1
虞,1
褚之风,1
遗心,1
国富民丰,1
痴望,1
三年化碧,1
拒不做,1
城下之盟,1
屈就,1
安身之地,1
断不愿,1
令人齿冷,1
奴颜婢膝,1
稚羽,1
娼门,1
三入,1
殉,1
巨轮,1
滚滚而来,1
后庭花,1
商女,1
文臣武将,1
江里,1
秦良玉,1
休说,1
夫君,1
贰臣,1
难断,1
北望,1
王师,1
香消玉殒,1
号线,1
屏保,1
张旧,1
来滴,1
国强,1
随么斯,1
撒克,1
打流滴,1
周咧,1
刮个,1
过克,1
龌燥,1
岔到,1
活倒,1
擂倒,1
货卖滴,1
货蛮,1
哀道,1
总付,1
笨猪,1
叹言车,1
奥拿个,1
遢,1
低阶,1
六角亭,1
小田,1
古国,1
诗稿,1
糙汉,1
优缺点,1
茶酒,1
一鹅黑,1
克上,1
害克个,1
壁克头,1
孖,1
滴花,1
邋,1
打流克,1
滴土壳,1
包教包会,1
白教,1
弄滴,1
蛮硬勒,1
杀家,1
烟花爆竹,1
鞭阔,1
彩雷王,1
舅伯,1
出克晃,1
力挺,1
乐于助人,1
有门,1
专职,1
归真返璞,1
敛容屏气,1
犯惰,1
有蛮,1
自大狂,1
穿超,1
头不转,1
莫样,1
老门滴,1
脸卡白,1
我鹅鹅鹅,1
莫莫莫,1
改滴,1
手直,1
年铃变,1
飞克,1
张到,1
种瓜,1
得豆,1
透不透,1
鬼款,1
伊合,1
塔像,1
拎包,1
想炸,1
徐东,1
多湖,1
黑死,1
环境治理,1
我结,1
疼嘘,1
吵小闹,1
解酒,1
露能,1
地味勒,1
蛮会,1
伢妆都化,1
抛闪,1
学不熟,1
滴小蝻,1
中滴,1
看天待,1
滴爱想,1
会批,1
全勤奖,1
料太多,1
梦勒座,1
料太多苦,1
痛勒座,1
小滴,1
说克,1
三层楼,1
拍卡,1
坐坡子,1
滴沟,1
满赞,1
知鸦,1
刚炸,1
带司,1
二十五万,1
武装部,1
刮气,1
男想,1
拉皮条,1
皮客,1
这病,1
奇谋,1
音痴,1
晴川,1
七日,1
杆良,1
檀香,1
递根,1
货源,1
金信,1
走成,1
陆角亭,1
走渣,1
一哈演,1
皮蹦着,1
消毒药,1
年滴,1
爱克,1
勒代人担,1
此勒里,1
一漏,1
连妹,1
新一届,1
燥过,1
单排,1
萌妹,1
瓜目,1
品着,1
霞影,1
虚胖,1
夹出,1
封在,1
廷,1
中醉,1
离好,1
前淋,1
折页,1
急病,1
林子里,1
临城,1
红梨鞋,1
淡闷,1
会困,1
可怜虫,1
我想活,1
十碗,1
不爱雪,1
我衰,1
渐烧,1
风洗,1
鱼钩,1
装静额,1
徒然,1
它关,1
吵破天,1
镇静剂,1
帝海,1
新乐,1
中译英,1
欧颗,1
舍下,1
调暗,1
不闪,1
夜酒,1
金多贵,1
活久点,1
黑色素瘤,1
玩线球,1
旧旧,1
芒,1
梦里会,1
追走,1
烟尾,1
机械故障,1
克隆羊,1
河源,1
周几,1
玩狼人,1
老味,1
超冷,1
落枕,1
劲俩,1
管炮,1
林劲,1
周周龙,1
傲别,1
劲上,1
紧內心,1
遣送,1
韆,1
期人侵,1
柠檬精,1
有血有泪,1
回正到,1
花葬,1
凌月,1
三觉,1
我入,1
鞦,1
寝别,1
张永达,1
奥克兰,1
很明,1
关为,1
填空题,1
海让,1
装冷,1
鼓用,1
裙带关系,1
做案,1
枕巾,1
早赢,1
再赢,1
留首,1
经销,1
宫崎,1
英高,1
多雷词,1
多雷曲,1
作墨,1
绿豆沙,1
女生宿舍,1
忠犬八公,1
长笑,1
马头,1
反刍,1
ど,1
有太长,1
磨白,1
红帽,1
和盘托出,1
放明面,1
隐没,1
粉笔灰,1
篮球赛,1
阿宅,1
张宇恒,1
尹鸿伟,1
握进,1
右腕,1
酒罐,1
流霞,1
如明鉴,1
泡碎,1
山高水长,1
亲故,1
相生相,1
裨益,1
善果,1
日月争辉,1
当头对面,1
铩羽而归,1
高管,1
哪匹,1
既要,1
熬药,1
美国队,1
紫皮,1
做太少,1
错词,1
满电,1
樊音悦动,1
何感,1
汝当以,1
队儿,1
颓丧,1
无处藏身,1
比恨,1
麦卡伦,1
一人住,1
水杯,1
胎噪,1
暖昧,1
屠库,1
用支,1
笔多,1
赔掉,1
值得崇拜,1
紫荆,1
毒师,1
爆戴点,1
劳玩点,1
打信号,1
碰词,1
行勒,1
误沙,1
先火,1
十周年,1
几十里,1
呐出,1
咿子,1
日薪,1
多拜,1
我人要,1
劳白,1
六休,1
有味,1
咬点,1
邵阳,1
行出,1
练声,1
爆像,1
多来米,1
憩息,1
歌言,1
没熬,1
趁天,1
朝露,1
倚剑,1
形单影只,1
酒巷,1
石别,1
懂爷,1
跪咯,1
跟富,1
比钱,1
政克,1
学哆瑞,1
水位,1
多潜,1
暴练,1
欠子式,1
墨越,1
不可触摸,1
完工,1
造价,1
墨要,1
郭欣,1
谢丹,1
押进,1
四部,1
琼,1
这晃,1
加把油,1
使点力,1
劲哥,1
中南,1
管早,1
正酣,1
身之处,1
干八,1
野路,1
韬云来,1
没钱付,1
逞强好胜,1
红阳,1
烧得椒,1
升水,1
演没,1
一肚子火,1
我救,1
众到,1
情理之中,1
爽比,1
爽痛,1
彩蝶,1
几棵,1
邹沅铮,1
間隙,1
啊哈,1
何種,1
燈光,1
製,1
門,1
購買,1
她頭,1
膝蓋,1
煙霧加,1
桃紅色,1
燈牌,1
藍色,1
輝映,1
鑲進,1
閃片,1
頂部,1
最醇,1
夜徒,1
裤袋,1
操该,1
催着,1
当劲,1
走章,1
庵罗果,1
院里,1
喧闹声,1
歇斯且,1
犯罪现场,1
跳下来,1
上少,1
那向,1
葵,1
3.141592654,1
飄散,1
遞過,1
姚珂,1
頭但,1
悲钱,1
灰车,1
烟尾想,1
刨出来,1
树海,1
再怨,1
太贱,1
拨不出,1
更远许,1
更险,1
唯心主义,1
鬼天气,1
音将,1
傅喻,1
裴嘉宜,1
极成,1
我乐,1
先下手为强,1
牽引,1
樓,1
ʃ,1
ƪ,1
檯,1
燈球,1
堅信,1
晶片,1
扎细,1
美言,1
肉饼,1
百分之零点,1
浓满,1
评点,1
袜配,1
半当,1
宫商角,1
仔雷,1
多雷有,1
泛泛,1
刘书含,1
金楼,1
大恩大德,1
宫二和叶,1
杂家,1
堂里,1
议事,1
论迹,1
她续,1
聚气练,1
前告儿,1
八极拳,1
黄立行,1
杨丽萍,1
再酿,1
断臂,1
假义,1
比人设,1
拼咬足,1
伊犁河,1
徐志龙,1
淹埋,1
后起,1
亲眼看见,1
宽门,1
像川,1
高音,1
懒狗代,1
吞吞,1
打平手,1
矿田,1
辩,1
忘言,1
裁完,1
张志磊,1
维尔德,1
暮雨,1
等闲视之,1
智仁,1
缓行,1
需谨慎,1
异军突起,1
秘者,1
中见者,1
继往开来,1
微茫,1
阿多海力,1
胡多雷,1
化形,1
流域,1
中性,1
芽眼,1
灌木,1
这丛,1
良木同,1
壮年,1
一石激起千层浪,1
代币,1
特南,1
克斯,1
时代广场,1
初绽,1
新源,1
血脉相通,1
你会动,1
尼勒克,1
昭苏,1
路险,1
霍城,1
积善,1
卫道士,1
一由终,1
春眠,1
中不愁,1
沙想,1
佳别,1
地押,1
不保论,1
钱钟书,1
静水,1
会流,1
如松似,1
陈寅恪,1
玉笔,1
澜沧江,1
荟萃,1
溃退,1
望其项背,1
卑下,1
拔得,1
还口,1
钟嘲,1
吾校,1
宝海,1
力叶,1
不爱短,1
成变,1
阴生,1
幼稚地,1
哪段,1
广告片,1
题记,1
一石,1
卧看,1
登胡润,1
百富榜,1
快苦,1
博采众长,1
众水,1
循洄才,1
捕头,1
桃李不言,1
面值,1
归入,1
達郎,1
波克,1
比小智小刚,1
董文韬,1
大嘴鸥,1
臆病,1
狩个,1
说件,1
前俯后仰,1
过磅,1
大礼堂,1
社稷,1
杂鱼,1
悼词,1
汉族,1
配上帅,1
代代传,1
下自成蹊,1
炸不透,1
残月,1
涂写,1
孔夫子,1
瓮中之鳖,1
马王会,1
重弄,1
望天,1
将渐,1
马鞭,1
老店,1
条腿,1
梁子,1
疯长,1
汇于,1
瀑溅,1
四缸,1
全段,1
汽缸,1
早晚都是,1
升档,1
太能,1
能冲,1
炫富来,1
赛车场,1
当马王,1
虽败犹荣,1
云味,1
言听计从,1
查明,1
朱鹏辉,1
千岛,1
六缸,1
二重奏,1
逼入,1
定向,1
开乐透,1
伯明翰,1
潘潘,1
缺人来,1
登至,1
由马,1
先通,1
电通,1
碧七,1
抬高身价,1
伴先,1
家乡人,1
身强体壮,1
周子,1
压一压,1
北拾,1
刘洁,1
双阳,1
思静,1
无人居住,1
一日游,1
墨绿,1
佰吾尔江,1
孟加拉虎,1
塞伦盖蒂,1
层叠,1
网织,1
枝桠,1
伸开,1
扶平,1
画绘,1
葬身,1
塞纳河畔,1
吟上,1
特像,1
紫红,1
单行本,1
词王,1
王珺,1
静悄,1
凯美瑞,1
东六区,1
鸣金收兵,1
曲王,1
撒盆墨,1
谝,1
先动个,1
朱轮华毂,1
缓带,1
轻裘,1
包哈,1
传子,1
浇上,1
马叫,1
理塘,1
撼守,1
多雷蕊,1
男渣,1
可望而不可及,1
引古喻今,1
应由,1
药茶,1
我马王,1
花店,1
家眷,1
潮浪,1
生才,1
不晓世务,1
蝉蜕,1
龙变,1
骐骥,1
做海力,1
市井之徒,1
大喜大悲,1
三巷,1
发生冲突,1
高不悲,1
当伤,1
肯化,1
悲为,1
斯大林,1
从南往,1
画纸,1
北新,1
肉不来,1
拘着,1
膻味,1
别太有,1
特此,1
十驾,1
之志,1
东奔西跑,1
泥丸,1
烦言碎辞,1
丧魂落魄,1
鼠窜,1
齐步,1
水烟,1
学声,1
狂吼,1
冷启动,1
新无脚,1
癔病,1
再多肉,1
屈尊,1
多敬,1
哎带,1
爽而,1
狼烟大话,1
强词夺理,1
电影节,1
真太辣,1
只会怕,1
趋吉避凶,1
乐行忧违,1
国士无双,1
灿如,1
挥臂,1
瓶维怡,1
如风过耳,1
说太炸,1
雷总,1
逆天犯顺,1
居中,1
毁天灭,1
满纸空言,1
对触,1
发育期,1
砚,1
那差,1
奴丙爱,1
食油,1
阿奴,1
完看,1
再不然,1
颠来,1
超垮,1
马乐,1
说上几句,1
掉头就走,1
学喊麦,1
红遍,1
当越,1
太大想,1
人约,1
经验不足,1
不太动,1
气别活,1
多斯,1
漆来,1
谋条,1
提前退休,1
油掉,1
仇盖个,1
少走弯路,1
中酸,1
优酸乳,1
会望,1
我托,1
错管,1
黑别,1
一小块,1
具像,1
发尾带,1
办场,1
徐汇,1
A轮,1
闻风,1
龙嫂,1
梁宽,1
慌祸,1
左轮枪,1
中药铺,1
服做,1
抄点,1
黄粱梦,1
掺到,1
决明子,1
涂起,1
牙嚓,1
输吃,1
艾条,1
补破瓦寒,1
真龙天子,1
打不撑,1
火罐,1
李怜,1
丧胆,1
坡风,1
超晚,1
先选顶,1
一付,1
一个半月,1
彩来,1
祛寒拔,1
独生子,1
偷度,1
讲头,1
围拢,1
共筑,1
宝芝林来,1
我赏,1
头时,1
吃史,1
汪荡,1
想琴,1
张乔片,1
乔乔,1
学唱,1
假音,1
维持现状,1
陪都,1
完包,1
深巷,1
百家乐,1
敬过,1
芸映音,1
株,1
董格妮,1
罗一杰,1
盲章,1
古个,1
唯管,1
老底子,1
赔给,1
择偶,1
人得,1
三下五除二,1
花样百出,1
家画,1
早类,1
没噶急,1
毛切,1
再色,1
个人赛,1
毁外,1
没噶鲜,1
没噶千,1
回嘴,1
顾史,1
火蓉,1
魏媛,1
六档,1
过照,1
吐到,1
名跟利,1
几季,1
打算盘,1
用想个,1
他资,1
拿手好戏,1
细帮,1
女主送,1
王海琛,1
爱水,1
聊起来,1
左谅,1
别花,1
亿命,1
我误,1
调遣,1
能共情,1
置疑,1
首诗,1
点半约,1
挂太快,1
延吉,1
琳瑯满目,1
倾刻,1
没在动,1
轻触,1
第二场,1
绝不食言,1
头怕,1
加绒,1
算有,1
屎壳郎,1
装袋,1
蔡秉谚,1
食体,1
接出,1
起范儿,1
只卖琴,1
开喷,1
喘口,1
悬疑片,1
锈掉,1
谢快,1
钱不厚,1
脸要,1
甜味剂,1
残烟,1
磨痕,1
心毒,1
贝司,1
胖墩,1
放完,1
耐听,1
懵坏,1
天人往,1
付起,1
匪盗,1
输为,1
将军令,1
海空,1
随白鸽,1
要试,1
闰年,1
它重,1
猜破,1
宁做,1
呼个,1
机给,1
杨博瑞,1
头谋,1
锈进,1
我麦炸,1
再业,1
魔人,1
大牙,1
太渣,1
刮花,1
麦太多,1
爱端,1
机带,1
服系,1
煞有介事,1
夜至,1
方格子,1
滋补,1
补剂,1
错愕,1
错课,1
货到,1
你惯,1
耐干,1
蓝而个,1
戒严,1
谢贤,1
朝裆里,1
脑蛋子,1
擦粉,1
害不哈,1
撞个,1
好个,1
黑衣服,1
货运单,1
好韵,1
狠到,1
发他,1
制造商,1
耍里,1
琴丝,1
枸一娃,1
妞往,1
太多美,1
最弱,1
伤时,1
身王,1
绳儿,1
哪一部,1
吸同,1
帅斗,1
可离,1
快落,1
干太多,1
闹区,1
歌淡,1
扣帽,1
第三轮,1
徐杰徽合,1
力火,1
动坏,1
该唱,1
一娃二娃,1
汹泣车,1
西倡,1
孟新,1
刚租,1
查假,1
中果,1
宗艺,1
官材,1
小花,1
超哇,1
一贴,1
太险,1
远能,1
来活,1
同胞兄弟,1
加给,1
信裹,1
一刮,1
悠闲地,1
抿着,1
当老,1
学搓,1
边长,1
Callmynumber80%,1
绝尘而去,1
功与名,1
水霧,1
水乳,1
溫度,1
衝破,1
紀錄,1
敲够,1
大灯,1
陡蟹,1
癮,1
驰马,1
左仑,1
吹哨子,1
女声,1
索拉里,1
子丹,1
获猎,1
天嗣尧,1
抢声,1
痴儿,1
人比死,1
人山外,1
趁透,1
嘿多人,1
驱车,1
泛光,1
先醉,1
张得帅,1
印加,1
思来,1
刘梦璐,1
造音,1
倒好,1
孔武有力,1
配教,1
枪伤,1
这琴间,1
准没,1
待嫁,1
归家时,1
iPhone6.7,1
英寸,1
选妈别,1
今年过年,1
先不回,1
谎局,1
香花,1
阉成,1
风住,1
健美操,1
没电快,1
养不出,1
能算种,1
天活,1
冷灯,1
冰痕,1
渐欲,1
绕指柔,1
爱下,1
它勒到,1
总想教,1
进漂,1
棕瓶,1
会摇心,1
救个,1
赖一鸣,1
刘子,1
淳和音,1
八臂,1
牛泼,1
水写,1
词脏,1
飙起,1
塔斯马尼亚,1
圣托,1
凑拢,1
照过,1
梅西哈维,1
伊涅斯塔,1
心灯,1
浪儿,1
儿弹,1
临安,1
矜贵,1
太信,1
人茹人,1
变形金刚,1
暴晃,1
唱带,1
奇麟,1
铸得,1
爆晃,1
引吭高歌,1
生而自由,1
图烧,1
干惯,1
多多关照,1
高抬贵手,1
权衡利弊,1
测速,1
积了,1
婚介,1
补句,1
玫红,1
再来场,1
猪怕,1
推手,1
似刀,1
似剑,1
却划,1
昼短苦,1
行百里,1
路能生,1
这坡,1
陡路,1
留梦是,1
最毒,1
最补,1
末梦是,1
赌能,1
半身不遂,1
飞膝,1
开著,1
冲过来,1
有记,1
进不进,1
说算条,1
浑球,1
拔腿,1
小花猫,1
巷道,1
点唱,1
撞成,1
上校,1
埋起,1
威蹬,1
三百万,1
裸车,1
会套,1
帮多,1
末寒,1
油灭,1
如中宛,1
逼人,1
白找,1
罪受,1
没屁,1
堤防,1
一浪先,1
它会来,1
负心人,1
南朝,1
当马匪,1
首蠢,1
很浓,1
不母,1
按灯,1
洗白当,1
蠢省,1
嫩嫩,1
问多,1
头点餐,1
愿景争,1
雁群,1
刺会,1
带针,1
好神,1
风是,1
说长,1
趁能,1
放夜,1
暮里,1
写书里,1
唯曲,1
忙些,1
别稳,1
师出,1
无派,1
写场,1
幸运色,1
外景,1
完可,1
陪别,1
总比坏,1
不太淡定,1
上烂命,1
懒歌,1
变两人,1
备品,1
心收,1
调色盘,1
单笔,1
蕴染,1
巧舌能,1
左右逢源,1
确性,1
编完,1
大客厅,1
分镜头,1
硬剛,1
經長,1
起傑尼,1
年报,1
不涨,1
群群,1
好房,1
贵到,1
满堂彩,1
过不惯,1
写不动,1
淘气包,1
挂边,1
描出,1
画进,1
放长线钓大鱼,1
承惠,1
钓鱼人,1
第一层,1
抓不牢,1
歌叫,1
演出服,1
秀脸,1
错神,1
数羊,1
冰感,1
酷带,1
张德帅,1
爱途,1
再多要,1
黏腻,1
折兑,1
讲心,1
不约,1
含沙,1
多音字,1
会破,1
必是,1
第五层,1
深潭,1
规行矩止,1
姜汁,1
里应外合,1
内鬼闻,1
记事簿,1
着慌,1
土皆为,1
雇来,1
幼儿班,1
扬威,1
春耀,1
尖货,1
樹敵,1
難怪,1
怪不怪,1
帅会,1
充不起,1
内鬼,1
吊死鬼,1
飞来峰,1
低来,1
闷得慌,1
很多双,1
杆铃前,1
白幼,1
达人,1
竟吹出,1
心紧,1
林志炫,1
醉要,1
做场,1
关了机,1
类加,1
起跌色,1
虎跑,1
风挂,1
早摇出,1
切着,1
扣出,1
倪永孝,1
靠匀,1
懒夜,1
瓦特,1
惨娘,1
付爹,1
隔头,1
十几圈,1
杂技团,1
滑稽戏,1
排手,1
太出,1
籃見,1
吴国,1
顫,1
發脾氣,1
逆風,1
著奇跡,1
眼淚,1
收購,1
愛奇藝,1
節目,1
買棟,1
別墅,1
別約束,1
橫著游,1
湖給,1
抽乾,1
打籃球,1
牆,1
戰鬥,1
姿越,1
拗,1
吞天,1
践口天,1
立额,1
吴想,1
路伐要,1
数想,1
关特,1
伊刀伐,1
娘舅,1
陆逊,1
里额,1
额宁头,1
大撒宁,1
冲头,1
往上窜,1
于根伟,1
营生,1
升官发财,1
停花,1
开树,1
狼虫虎豹,1
过定,1
五大三粗,1
炫饭,1
鲁达,1
花和尚,1
学来学去,1
叫亚,1
叫土,1
一涂,1
该糙,1
兰花指,1
金壁辉煌,1
歪风,1
战个,1
糖醋排骨,1
但勒,1
卢作孚,1
碚,1
街心花园,1
缙云,1
讲品,1
路活,1
慢城,1
西边雨,1
兼善,1
西师出,1
爱考,1
刹国,1
三菜,1
空花乱,1
未生,1
架作,1
飞桥,1
玄霄勒点,1
炫得,1
起水,1
来尝哈,1
油辣,1
下住,1
鸭公,1
又哭又笑,1
黄狗,1
大事不好,1
般圆,1
所虑,1
离得开,1
要朗个,1
边聊些,1
心德,1
腰片,1
烔,1
院后,1
花套,1
血点,1
油坑,1
音勒,1
二王,1
二场,1
甲甲,1
透视镜,1
帽沿,1
身首,1
驾于,1
街尾,1
玛格丽特,1
慢条斯理,1
里闻,1
断指,1
老舍,1
笼笼,1
夜别,1
负雪方,1
空倾,1
加锁,1
货仙外,1
人歌,1
两全,1
剪帕,1
排班,1
真武,1
不老泉,1
百中箭,1
射到,1
该红,1
雪润,1
技在,1
浪上,1
见贞忠,1
身不弓,1
微张,1
凌风且,1
蹊径,1
花自开,1
落缘,1
还品,1
逐过,1
空李,1
锦裁,1
衔泥,1
紫燕,1
罢曲,1
岿不动,1
似雾,1
老松匆,1
葬昼,1
饮雪吞风,1
放长假,1
花假,1
王德春,1
刘老根,1
倾侯,1
狗渣,1
抬满,1
脸班儿,1
儿太多话,1
他烂,1
心迈,1
美勒些,1
苏菲亚,1
没娶,1
不爱海,1
篱笆墙,1
化雪,1
哈美人,1
泛点,1
他坏,1
挤勒,1
却糊,1
摆龙门阵,1
文耍,1
混当,1
百首,1
不慌到,1
小麻烦,1
文艺片,1
粗衣,1
小天,1
寻风,1
逐花,1
芦苇荡,1
路在何方,1
舟山,1
翱飞象,1
她生,1
少放,1
德比,1
金幣,1
为虫,1
为龙,1
放暗箭,1
照出来,1
骗肉,1
要明,1
斩木揭竿,1
对太多,1
印版,1
会备,1
阵备,1
声送,1
菱角,1
酒托换,1
收尸,1
好過,1
捕空,1
惨飞,1
苦功,1
旷假,1
胖管,1
科平,1
粪井,1
假哩,1
映照在,1
成圈,1
人梦里,1
贪恋着,1
恣意,1
小鼓,1
炸舞,1
编诗,1
提它,1
加劲,1
娃书,1
疯婆子,1
想也不想,1
加衣,1
纯会火,1
手痛,1
楼凤,1
没虚,1
艾尔,1
石耍,1
哈货,1
索尔,1
刚皱,1
剩酒,1
半假,1
半真,1
老城区,1
两百天,1
会教,1
才切,1
练得壮,1
凡凡,1
白血病,1
八九点,1
放根烟,1
针尖,1
满意度,1
钟映江,1
于尔晟,1
手给,1
蓝精灵,1
任盈盈,1
瓜哈,1
几都,1
维修工,1
得雪稳,1
屏换,1
宝开个,1
化生,1
酒多,1
雨能,1
时写,1
梦遥,1
追不去,1
练舞,1
去练,1
舞得,1
齐舞,1
肿成个,1
掰子,1
理先,1
走累,1
立功,1
慌到,1
他争,1
莫摆,1
淋醒,1
降次,1
气舒,1
一哈缓,1
吐架麦,1
毒要,1
瓶瓶,1
高底,1
酒渣,1
杯莫空,1
哈话,1
装些,1
大波妹,1
儿达,1
改拿起,1
水莫,1
草草收场,1
扣响,1
儿响,1
一年半载,1
林绿,1
袁大头,1
简说,1
事不随,1
越崩越,1
理骂,1
小欣,1
光棍,1
化腾,1
嘿棒,1
皮龙,1
唯怡,1
敌梦徐,1
拓海转,1
抒得,1
受孕,1
无巧,1
不拙,1
洗勒个,1
升旗仪式,1
鸟叫声,1
歇哈儿,1
豁哈,1
铁直,1
风亲,1
庞香张,1
王叔,1
装莽,1
管哈,1
接日,1
防盗网,1
对直,1
大斗带,1
书香门第,1
个勒种,1
天怪,1
静夜,1
空梦里,1
当唐,1
董霄华,1
枝丫,1
正字,1
指起,1
戎甲,1
应答,1
风带,1
跳脸,1
起重机,1
故乡人,1
牠,1
穿灰衣,1
监房,1
酒深,1
天当个,1
斗赢,1
市闹,1
花僮,1
bobbynopeacetopflow100%,1
古月,1
大寺,1
立派,1
牢牢记,1
余竑龍,1
徐壮,1
刘城函,1
俞建明,1
花圃,1
机会难得,1
苦涩味,1
雅钰,1
云来,1
素未,1
毛衍七词,1
周仁,1
舞弄,1
难以逾越,1
挑担,1
黔驴技穷,1
气带,1
歌触,1
他望,1
能成仙,1
抽车,1
偏来,1
连理,1
衣带,1
慈悲为怀,1
点渡,1
馋言,1
翻篇下,1
妙法,1
怎灭,1
赫赫炎炎,1
钟响,1
嚣叫,1
荧火,1
扰动,1
阿纳金,1
湿地,1
弱化,1
争先,1
百灵,1
一双眼,1
目目,1
卸去,1
再例,1
风跑,1
毛衍七铺,1
满鲜花,1
印入,1
奏进,1
料太高,1
绝子,1
老先,1
艾里克,1
鼓爆,1
差瓷,1
韩振给,1
八十个,1
藏药,1
太老,1
五十九,1
点五,1
沙得,1
还脆,1
比鞭,1
立顶,1
能细品,1
一紧,1
汤臣,1
变魔术,1
找口,1
喊绝,1
从句,1
太累点,1
学权志龙,1
胖看,1
儿快,1
新娘子,1
新锅,1
新脏,1
胡椒粉,1
汤加,1
周周周,1
管导成,1
积目,1
居委会,1
男同事,1
定语,1
失道者,1
寡助,1
老鼠洞,1
歇会,1
硬控,1
照骗,1
焊,1
这远点,1
雨结,1
花豹,1
还纯,1
秀段,1
歌教,1
洗冰,1
调制,1
勾是,1
六金,1
梅塞德斯,1
男童,1
挺凶,1
估翻,1
数木,1
配重,1
带范儿,1
歌时,1
调梦剂,1
法拍,1
口吐珠玑,1
流要,1
会拉低,1
举向,1
混加,1
最雕,1
无限连,1
前八,1
暴虐,1
圈乱,1
心合,1
回笑,1
来些,1
空好,1
吊床,1
胡一,1
毡,1
如梦般,1
花满,1
意浓竹,1
淡绿,1
独练,1
指禅,1
外雾,1
衣布杉溪,1
寻石,1
一酌,1
满看,1
衡亭,1
城看,1
先举个,1
毛衍七和谢,1
或风,1
开售,1
上挥起,1
飞雨,1
斜挎包,1
大鱼吃小鱼,1
冷想,1
捞针,1
风吹不动,1
梦痛,1
妹太辣,1
鴉妄,1
群唐,1
翁翁,1
唐老,1
下份,1
下滴,1
霞衣,1
憩引,1
水醉,1
活在勒个,1
要车,1
魔瓶,1
看云一,1
解难,1
求尽,1
晚秋,1
慕然,1
生非,1
都映,1
眸山,1
伫,1
国宾,1
握到,1
深呐,1
关太多,1
成丹,1
弯要,1
医死马,1
故乡情,1
随渝,1
君问,1
涨秋池,1
何当,1
盆钵,1
来明,1
三灾六病,1
以人为本,1
相符,1
撒成,1
人生七十古来稀,1
少小,1
二十五年,1
秀声,1
战妆,1
老花镜,1
儿笼,1
耳蕴,1
目染,1
称好,1
放放别,1
库克,1
饮不往,1
种梦得,1
冰炭,1
涌着,1
关冰效,1
莲雾,1
魂斗场,1
备降,1
塌房,1
位钟欣,1
十足把握,1
缓落,1
一昧,1
之境,1
冠子,1
曼陀,1
无人不晓,1
万物之灵,1
在天之灵,1
人假,1
之林,1
席位,1
舞龙头,1
齐鸣,1
手速,1
刷波,1
好祝,1
万象更新,1
处成,1
我太渴,1
岩壁,1
张伟丽,1
个学,1
港妹,1
妹说,1
萧亚轩,1
这字,1
那字,1
妹超,1
太木,1
遍治,1
ChinaNo.1,1
冤有头,1
债有主,1
出尔反尔,1
水淹,1
金山寺,1
六本木,1
塔罗,1
丢三落四,1
全装下,1
찮,1
양,1
杜娜,1
泽塔,1
肺里本,1
허,1
贪婪成性,1
十万八千,1
功德圆满,1
一军,1
上盖个,1
慌了手脚,1
旁位,1
先能,1
流个,1
停售,1
从千人,1
豪呆,1
妞想,1
得准,1
想破,1
主城区,1
整来定,1
白总贴,1
批大点,1
少午,1
六百块,1
杨家坪,1
芭提雅租,1
妹穿,1
九区,1
职,1
查岗,1
冰大冰,1
完段,1
不数,1
杰西,1
爱冲,1
我勒起,1
穷哩,1
表边,1
撒子个,1
几毛钱,1
敢切,1
梦玲,1
芭莎,1
乖得,1
刑侦队,1
莫怼,1
机聊匹,1
江北区,1
蓝摇裤,1
雅安,1
雨城,1
分账,1
打腾,1
哈吉,1
剽到,1
瑞麟,1
麻咯,1
骏,1
修佛,1
儿票,1
胀起,1
子豪,1
茶顿,1
补得,1
汗练,1
中束,1
邵都,1
飙太快,1
杯儿,1
马静儿,1
顺口,1
跟子,1
还收,1
起钱,1
数烟,1
点甜,1
事夺,1
大尊佛,1
黑多人,1
刁哩,1
跛儿,1
搏下,1
那包,1
超咯,1
货来,1
子样,1
油才,1
儿嘻哈,1
放太远,1
给勒些,1
动歪脑经,1
做作业,1
勒份,1
藤藤菜,1
耍放,1
人轮,1
考不起,1
考哩,1
过哩,1
广为流传,1
耍嘻哈,1
很宝,1
快算,1
撒子些,1
上囊个,1
劝分,1
换俩,1
潮慌,1
准星,1
钱哩,1
潜进,1
扣卡,1
红摇裤,1
锤儿,1
母数,1
一哈逗,1
导一哈,1
一哈走,1
骚死,1
香哩,1
亲亲热热,1
讲勒些,1
脱层,1
装柜,1
多套,1
练后,1
哈勒,1
还练,1
只会来,1
教到,1
嘿酷,1
根大,1
水头,1
剪进,1
户晓,1
家喻,1
拉距,1
开不上,1
哩范,1
逗站,1
好顶,1
头通,1
成卷,1
逗拿起,1
逗想,1
逗想些,1
儿批,1
手道,1
得票,1
哈大,1
下少,1
搞哈儿,1
下喊,1
哎勒些,1
从渝中,1
批小,1
绝得,1
黑嘻哈蛙,1
皮孩,1
转完,1
逗去,1
逗黑,1
力旭,1
几百人,1
他拉进,1
优质服务,1
行礼,1
恨额,1
子害,1
大批量,1
全咬花,1
骗倒,1
阴险毒辣,1
有诈,1
话别,1
任务艰巨,1
勒得,1
徐凯,1
零肆,1
伍壹,1
泡够,1
一熏,1
穴位,1
亲一亲,1
修整,1
降水,1
彩灯,1
冷当,1
总摆出,1
离线,1
全拉响,1
眼挺潮,1
需借,1
败火,1
考住,1
远大抱负,1
被划,1
假着,1
心会傲,1
蛋哥,1
胃哥,1
大金亚,1
晒哥,1
咧噶酷,1
一技,1
超杀,1
皮条,1
老罗,1
保过,1
威买套,1
丁香花,1
溜滑,1
红肠少,1
连心,1
麦凯乐松,1
雷秋林,1
亚布力,1
活爱上,1
咧噶路,1
透别,1
对嘻哈,1
地费,1
会派,1
扇贝,1
九妹,1
再秀秀,1
位哥,1
胡哥,1
咬白,1
秤里,1
刚定,1
海飞,1
老罗叫,1
咧噶像,1
赵云,1
这嘎达帅,1
冰寒,1
残宫,1
拐拐,1
听哩勒,1
让勒个,1
底嘛勒点,1
炒哩,1
来句,1
你勒批,1
没喊,1
说勒种,1
翘脚,1
靠哩,1
名和利要,1
建坤来,1
野鸡,1
跟永富,1
费神,1
测谎仪,1
上祝,1
麻哈遭,1
乱蹦,1
闪逗,1
弄条,1
块块,1
一哈麻起,1
手掉,1
肚儿些,1
起街,1
灯晃,1
网感,1
拍太快,1
没火到,1
早九晚,1
建面,1
过于自信,1
城厢镇,1
哩身,1
对哩,1
聊哩,1
往好,1
目起,1
取肉,1
免冠,1
苗头,1
顶开,1
爱会输,1
帅小伙,1
发腻,1
绯红色,1
昏黑,1
懂秋,1
浅比,1
抹灭,1
倒推,1
动武,1
爱嘻哈,1
敌去,1
树起,1
离太多,1
花得帅,1
土货,1
响数,1
钱声,1
程先生,1
循序,1
逗花,1
小泰迪,1
疯上,1
经商,1
磨光,1
姐型,1
我哩痛,1
6.68,1
秋捷,1
万把块,1
进口货,1
天穿,1
呛鼻,1
沧茧,1
涎,1
人入,1
圣弗朗,1
斯科,1
蓝宝,1
兰斯,1
流体,1
皙,1
肤,1
地宠,1
新移,1
仍活,1
育权,1
破晓时分,1
北楼,1
力保,1
响如,1
工笔,1
钱和利,1
黏合剂,1
震落,1
音感,1
侵染,1
以笔,1
铅芯,1
弹进,1
墨挥,1
胡阳,1
谢梓豪,1
宏观,1
寒假,1
力看,1
力多,1
因极寒,1
皲裂,1
殷切,1
本曲,1
早湿,1
起止,1
卷配,1
赐牌,1
心性,1
鱼竿,1
滥竽,1
长奏,1
暗井里,1
泪沫,1
虽包,1
韩国城,1
停办,1
没人來,1
等雨落,1
空酒瓶,1
它荡彻,1
撞色,1
太医,1
反呕,1
吊绳,1
树顶,1
翻浪,1
镀膜,1
要治好,1
菜鸡互,1
交通灯,1
点爆,1
文化教育,1
千禧店,1
圣雷米,1
夜当,1
铁骑,1
行云,1
蛙鸣,1
很入,1
朝里,1
方所,1
公务员,1
挺长,1
反戈,1
电解,1
千百年来,1
殷红,1
过切,1
九泉,1
喃靠,1
财奴,1
薪少,1
接见,1
放胃,1
信主,1
朝外,1
篱墙,1
群嘲,1
雪葬筑,1
新剧,1
成犬,1
险关,1
正当中,1
微博防,1
网暴防,1
躺进去,1
网约,1
鼻黏膜,1
线为,1
恶之花,1
狂犬,1
曼德拉,1
治罪,1
繁楼,1
仿凯莉,1
鮟,1
鱇,1
下湿身,1
依从,1
药铺,1
催泪弹,1
感太多,1
棍板,1
深受其害,1
全给关,1
木屑,1
槽牙,1
研碎,1
岩层,1
上染满,1
欧几里得,1
乐祸者,1
牵绕,1
趋同,1
欺蒙,1
自卑心理,1
维克多,1
玻璃瓦,1
或伏,1
給牵着,1
安乐死,1
注射器,1
方形,1
裝扮,1
白宫,1
进黑,1
婊会,1
瞄上,1
高定,1
店后,1
种族问题,1
自来水管,1
甜涩,1
隔离车,1
低底,1
藏民,1
鄧棋文,1
曲写,1
坐定,1
夏橙,1
歌有,1
头把交椅,1
四川火锅,1
柠檬酸,1
胃里流,1
打回,1
会火到,1
Ｋ,1
Ｅ,1
Ｒ,1
南归,1
哈皮们,1
中牧游,1
神清气爽,1
双城,1
出乖弄丑,1
渡人船,1
吓醒,1
努力下去,1
改善生活,1
已碎,1
枯落,1
没不来,1
眼边,1
作瘾,1
但梦得,1
高配,1
开上去,1
血淌,1
༡,1
༣,1
༤,1
༥,1
我肉里,1
空置,1
悲伤地,1
床里,1
算多,1
没下够,1
选材,1
倒也不会,1
纠缠不清,1
紫罗兰,1
无限小,1
无线连接,1
人触,1
窗缝,1
袭来阵,1
徐杰徽,1
峠,1
小悦刻,1
不收进,1
༦,1
༧,1
༨,1
ཧ,1
母乳,1
观光团,1
抽离出,1
跳上来,1
雪灾,1
m100%,1
限制器,1
起飞时,1
斯德哥尔摩,1
来锁,1
闯是,1
造颗,1
失蹄,1
丹佛,1
美本,1
电话卡,1
放新选,1
当午,1
看红,1
香粉,1
包里塞国,1
版冈本,1
金曲榜,1
瞧端,1
碰茎,1
刺和些,1
金融城,1
桥底下,1
挖得,1
看叶,1
纸包不住,1
老病,1
烟渍,1
人脑,1
闹醒,1
冷开水,1
面晕开,1
冻得,1
º,1
门限,1
参入物,1
泄洪,1
时装秀,1
汗液,1
思想包袱,1
借此,1
烟落,1
桠,1
鞋土,1
呼市,1
拍党,1
非醉,1
宫中,1
行趣,1
五百里,1
淡看,1
人杂,1
之事,1
愁名,1
心素,1
已闲,1
人与自然,1
连绵不绝,1
连着,1
无去,1
实象,1
之美似,1
抚脸,1
打马,1
长多大,1
市花,1
花重锦,1
官城,1
落叶乔木,1
牧羊女,1
搏克手,1
肆语,1
言入,1
他太难,1
额吉,1
谢谢您,1
这条线,1
切想,1
胸踏,1
兆麟,1
中央大街,1
华梅,1
火叫,1
奉献者,1
胜券,1
洋枪,1
良方,1
单走,1
搀手,1
血糖,1
开诚布公,1
灰霾,1
偷工减料,1
选票,1
跟玉,1
二道桥,1
米希尔,1
巴勃乐,1
没查,1
警爬,1
富拉,1
事项,1
智谋,1
百依百顺,1
文本,1
狱中,1
所撰,1
以弗所,1
只回,1
伙儿,1
老吹,1
下盖,1
选赢,1
选输,1
脚不沾地,1
富康,1
衍射,1
回有,1
这度,1
迎欢,1
衣裙,1
不缩,1
撇是,1
丑样,1
会切,1
烤焦,1
下烂药,1
光太脏,1
偷千儿,1
挨晃事,1
哪泼,1
瓜久点,1
你帅,1
前为,1
暗到,1
好盛,1
抬球,1
几皮,1
不滑稽,1
为豪,1
娘炮们,1
找主,1
直才,1
爱管闲事,1
测验,1
分球,1
争屁,1
往下个,1
傻学,1
哪波娃,1
发起者,1
伽里略,1
黑说,1
冤得,1
巫在,1
下岗工人,1
刚能,1
棋牌室,1
财日,1
缺笑,1
缺效,1
六约,1
急来,1
要输,1
绕出,1
街楼,1
黑毛,1
接球,1
领赏,1
士嘉堡,1
亮皮,1
整数,1
黑漆,1
缺觉,1
华氏,1
消化不良,1
玻璃碴,1
捐躯,1
估高,1
奇闻,1
离任,1
印痕,1
愧恨,1
罪态,1
失迷,1
局内,1
后聚,1
比前,1
尼龙,1
心傲,1
耳凉,1
新奥尔良,1
君们,1
Ｗ,1
Ｈ,1
Ｏ,1
儿当,1
谈定,1
加迈,1
病故,1
明快,1
哥门,1
生活用品,1
不合算,1
黑猪,1
没盖,1
拐来,1
背不动,1
比来,1
脏北想,1
呛水,1
觉到,1
坚丽,1
大慈大悲,1
捧腹,1
Ｕ,1
已灭度,1
暴敛横征,1
造业,1
争衡,1
横生,1
深涧,1
正邪,1
火焚,1
到来之际,1
以鬼喻,1
聊斋志异,1
刀痕,1
怕鬼,1
烧伸,1
整咯,1
火吊,1
爱真,1
风中全,1
圆床,1
佩恩,1
背块,1
卡去,1
演一哈,1
处得成,1
眼射,1
射得准,1
狠买,1
分人,1
首大笨钟,1
退订,1
儿买个,1
似海,1
过爱真,1
重喝,1
成婆,1
选穿,1
减下,1
肥有,1
九间,1
头昏眼花,1
头大接,1
读出来,1
part.2,1
不爱想,1
风云突变,1
远惨,1
答点,1
办太多,1
黄金眼,1
亲脸,1
差雨,1
当以,1
纯买,1
翻边,1
淮海,1
灵药,1
配佐生,1
名珠城,1
贴到,1
差差,1
返招,1
酒想,1
海雾,1
雅钰像,1
宜解,1
人痛,1
配起来,1
比奥,1
利奥,1
越爱装,1
动魄,1
超现实,1
婆像,1
铜制,1
万江,1
办公椅,1
还帅,1
魔掌,1
勤奋努力,1
tmakeittragickeepitstraighttomytargetMARZCypher1.0,1
咳出,1
梦踏碎,1
吱呀,1
待清,1
其大,1
知其一,1
没顶,1
模特儿,1
选发色,1
触得板,1
烟头烫,1
似得,1
演嘛,1
演假,1
中边,1
清清白白,1
平平白白,1
颠板,1
隐型,1
莫装神,1
肛门,1
烧扯,1
发瓜怪,1
坚,1
写变,1
没质,1
事例,1
解口儿,1
河越,1
尿成,1
一皮,1
多会儿,1
水好,1
春嗦,1
遭虐,1
超声波,1
龊,1
拷昏,1
刀顿,1
劳不,1
条陈,1
多管,1
烧人,1
茂盛,1
课人,1
至理,1
门楣,1
土特产,1
仰仗着,1
大赏,1
股涨,1
跌下去,1
乱认,1
血缘关系,1
连点,1
早撒,1
哗哗,1
泽西,1
宋成誉,1
单程,1
阴转晴,1
三天两头,1
北开,1
脸肿,1
数一数,1
后尘,1
补血,1
赌运,1
梦越,1
婊管,1
那板,1
悬钱,1
为民除害,1
采风,1
没得开,1
推想,1
陈先生,1
李代沫,1
趴尿窝,1
水管,1
堵门,1
裙仲,1
站进来,1
潸然泪下,1
爬犁,1
演不出,1
你会侧,1
重些,1
总决,1
无序,1
才能救,1
冷月,1
爱钱,1
耍痛,1
夹雨,1
蹄子,1
争头,1
执念会,1
乜块,1
您们,1
喷成,1
唱够,1
换妻,1
处不来,1
批点,1
批骚,1
点狠,1
没得趣,1
比烧,1
妈批,1
那回事,1
大敢,1
敢说话,1
我撒怕,1
钱到,1
嗷个,1
烟竿竿,1
裆部,1
待过,1
放太多,1
宇佳,1
阿子,1
网益,1
替罪羊,1
愛过,1
延期,1
前期,1
哲论,1
护棚,1
巧言如簧,1
有眼如盲,1
无轨,1
死而无悔,1
烽火四起,1
弹药筒,1
笔刺,1
刺里,1
追赃,1
外同个,1
拉平,1
生存者,1
知趣,1
超越者,1
泪受,1
心不苦,1
张楠,1
赌品,1
辞别,1
万劫,1
阵线,1
床影,1
妄下,1
抵罪,1
吊民伐罪,1
无卑,1
俱进,1
退绕,1
刀麻,1
大凉山,1
更怯,1
垂思挡,1
断熟,1
劈脸,1
灌喉,1
滚成,1
用收,1
顾回,1
醪糟,1
这太难,1
二十多种,1
过胎,1
我连车,1
打不起,1
分奴,1
去不成,1
钻表金,1
天麻,1
顾灰,1
成卵,1
阴身,1
过弃,1
多惧,1
利可,1
尼亚,1
拉加,1
路数,1
表在,1
雀儿,1
ｉ,1
多芬,1
崩起,1
玛奇玛,1
肉体上,1
没得桥,1
戒色,1
搭桥,1
我傲,1
脸码,1
求到,1
活为,1
第三步,1
耍通,1
骚杯,1
帮比,1
玩双,1
爱奏,1
网盘,1
虐人,1
小商,1
演他,1
微粒,1
音频文件,1
会报,1
去导,1
厚街,1
当破,1
穷和富,1
阴批,1
越冷,1
越沉,1
没文加,1
木木,1
人拿个,1
变瓜,1
探头探脑,1
但画,1
富哥,1
球用,1
歌整,1
剩人,1
没得心,1
重他,1
海量,1
哑谜,1
多利少,1
踞虎盘龙,1
响彻云霄,1
养吾,1
浩然之气,1
纵曲枉直,1
独骑,1
并吞,1
谄谀,1
寸铁,1
惟愿,1
浊浪,1
怒涛,1
时下,1
中直,1
豪气万丈,1
霄汉,1
万里迢迢,1
心往,1
愁闷,1
青霄直上,1
摧坚,1
殪,1
更待干罢,1
君临天下,1
鼎立,1
之极,1
目空,1
弩张剑拔,1
残去,1
倒戈卸甲,1
根孤伎薄,1
卓立,1
鹰击长空,1
残损,1
刚毅,1
试比高,1
切肤之痛,1
周详,1
全数,1
轻步,1
老离叛,1
间或,1
狼嗥狗叫,1
走调,1
口试,1
传道,1
深广,1
君者,1
前哨,1
之七有,1
之五,1
礼卷,1
谎子,1
乡情,1
前顾,1
倾覆,1
许许,1
若会,1
晨辉,1
满腔热忱,1
故知,1
冬景,1
雨下个,1
欺瞒,1
唯诺,1
缕缕,1
围笼,1
惋谈,1
介怀,1
交眸,1
转述,1
共睹,1
空际,1
暮色苍茫,1
天之僇民,1
要伤,1
现价,1
洒酒,1
实效,1
停职,1
深切体会,1
渐染,1
金能,1
开办,1
图品,1
横向,1
仁悌,1
公用,1
变位,1
变怪,1
低风,1
给拉上,1
悍,1
两三遍,1
常留,1
胜果,1
烧鞋,1
转班,1
油大,1
下句话,1
不回话,1
批评家,1
东和西,1
老版,1
换戏,1
全境,1
像作,1
班房,1
老不系,1
独心,1
刚记,1
兴亡祸福,1
装是,1
流水无情,1
肇洪章,1
萧全,1
刘晓洪,1
郭光前,1
星尚,1
文娱,1
贺忠,1
剧组,1
早快,1
手洒,1
拨起,1
群起效尤,1
趋之若鹜,1
磨而不磷,1
落花有意,1
祛除,1
倦色,1
度别,1
另有,1
隐情,1
静守,1
远见,1
私人生活,1
涨点,1
跌价,1
岂怕,1
特酷,1
爱太少,1
小道儿,1
主路,1
唯守,1
补助,1
摔惨,1
饿起,1
避风头,1
少来点,1
要烂,1
会玩得,1
更野,1
谈拢,1
比丸,1
但许,1
柔焦,1
陶白,1
不归交,1
手拂过,1
辉映,1
煮成,1
留落,1
凌乱不堪,1
旧宅,1
掺金,1
妄动,1
喉喝,1
轻放,1
下道,1
赦令,1
嫉世,1
斗完,1
地主婆,1
皮太厚,1
划法,1
太碎,1
怪味,1
双肩包,1
菜园子,1
鸭梨,1
二十四五岁,1
十位,1
要斗要,1
当圆,1
果脯,1
丝绒,1
浅蓝色,1
中问,1
今夕,1
何年,1
半句话,1
哪般,1
考场,1
洪烨欣,1
难会,1
妄为,1
甜腻,1
快泪,1
一睁过,1
童皓,1
天监,1
东木,1
回巢,1
殒落,1
乐宣,1
不少端,1
凄婉,1
橙红色,1
寄不出,1
别关,1
再烦,1
不了了之,1
翩飞,1
陈墨,1
燃扬,1
铅华,1
絮,1
狸姐,1
小阿俊,1
信信,1
核定,1
显问,1
星群,1
强词,1
太多渣,1
盛气临人,1
赢太过,1
累败,1
搜狗,1
谦辞,1
怪夜,1
慢丸固,1
带范,1
轰碎,1
缺人点,1
蚁速,1
连口,1
累透,1
字里,1
但付,1
献个计,1
突起,1
办手续,1
订造,1
问药,1
如灯,1
申诉,1
容身之地,1
拿近,1
答信,1
牙印,1
演上,1
之音般,1
结冻,1
瞄过,1
享够,1
笔为,1
位丧,1
候选,1
拳手,1
框上,1
劲流,1
不耻,1
逼供,1
乐土,1
压爆,1
腹内,1
能攻,1
实弹,1
人使,1
寸步,1
入春,1
衡阳,1
吹进来,1
浮想,1
电脑桌,1
罐冰,1
判刑,1
枪子,1
购入,1
能少点,1
大而,1
没人开,1
曾住,1
品酒,1
手整,1
叮响,1
物对,1
漂水里,1
几棍,1
总迈,1
如鲠在喉,1
鱼鳃,1
泪散,1
超没理,1
星带,1
听惯,1
搜索引擎,1
安崎,1
渲,1
谢可寅,1
涵,1
可妮,1
徐紫茵,1
免伤,1
边带,1
盟誓,1
理不完,1
剪剪,1
朱星杰,1
开卷,1
捻成,1
而作,1
两朵,1
王承,1
孙芮,1
小女子,1
宋昕冉,1
漂洗,1
看装,1
别喊票,1
封口,1
郭挺筠,1
锐声,1
刘彬,1
吕忠训,1
刘雨昕,1
戴萌,1
许佳琪,1
刘令姿,1
陆柯燃,1
喻言,1
戴燕妮,1
冠顶,1
超绝,1
新策略,1
麦闭,1
八秒,1
难以描述,1
描入,1
条目,1
沏壶,1
瓣,1
入木,1
十分必要,1
明细,1
再三再四,1
如法泡制,1
捶床拍枕,1
猜问,1
烦透,1
变缓,1
剪下,1
刚溢,1
西厢记,1
玩梗是,1
组训,1
累去,1
飞空,1
掌法,1
这赖,1
里睽背,1
博多,1
初秋,1
野驴,1
吐丝,1
织布,1
织出,1
施洋,1
笼络,1
油飙,1
弯子,1
吵闹声,1
别买错,1
王冕,1
最经,1
聊说,1
藏污纳垢,1
杂糅,1
白心,1
王晨雨,1
博生,1
辣锅,1
累垮,1
热粥,1
新新人类,1
你映,1
999%,1
施展才华,1
流离,1
碍于,1
打官司,1
哑光,1
弹到,1
数星,1
星总有,1
侧近,1
咫尺,1
无异,1
告五人,1
望而生畏,1
一潭,1
不言而信,1
来谈,1
采自,1
七零八落,1
抽空来,1
偷功,1
俗子,1
睡新加,1
绘声,1
绘色,1
헛,1
된,1
흰,1
漫开,1
易落,1
山光,1
透正,1
定焦,1
烟霭,1
外云,1
李明洋,1
艳俗,1
会轻,1
吸热,1
费尽心血,1
동,1
높,1
뒤,1
隔靴,1
误人误己,1
戏服,1
这破事,1
先声夺人,1
国文,1
被光,1
设成奖,1
낸,1
绿底,1
轻扫,1
会放坏,1
과,1
짜,1
약,1
死气,1
死棋,1
精悍,1
背不背,1
心沉,1
凤蝶,1
真会怕,1
积液,1
我泪点,1
岭,1
融在,1
天崩会,1
拉邦,1
眼会,1
会聋,1
后补,1
徐骁宇,1
用尽方法,1
精心策划,1
万页,1
上首,1
假透,1
不由分说,1
用药,1
越坏,1
高别,1
护卫舰,1
草履虫,1
镂空,1
框里,1
快散,1
假戏真做,1
隔得,1
再通,1
投币口,1
背回,1
偶,1
乐常,1
拳点,1
爆到,1
几公斤,1
命贵,1
共赢,1
光于,1
目地,1
算见,1
太多苦,1
可流,1
眼气,1
难以克服,1
正题,1
里融,1
气缸,1
一整杯,1
就绪,1
哈悲,1
山空,1
真才,1
摆尾,1
多自,1
不揽,1
识日,1
满冠像,1
如佩因,1
必燥,1
回该,1
惯病,1
单个,1
空气囊,1
或配,1
神运,1
次儿,1
硬若,1
粉当,1
独挡,1
菲林,1
真品,1
戏剑,1
戏猪,1
刚变,1
刚学,1
十开,1
带血扎,1
末期,1
谜弟,1
变化无穷,1
熱到,1
蒸發,1
買榜,1
嚇傻,1
燒出,1
濃煙來,1
直達,1
氣層,1
好几套,1
歌里互,1
焦褐,1
绝输,1
现实状况,1
抢食,1
魅带,1
频龙,1
齐名,1
旱死涝,1
涝,1
治霸,1
总先冲,1
怎容下,1
内味要,1
太萌,1
这高,1
借把力,1
埋颗,1
大颗,1
钻链,1
填装,1
禁空,1
屡次三番,1
七夜,1
早知,1
抛向,1
拉成,1
眼像,1
眼可,1
提示音,1
流得,1
比水,1
人造纤维,1
温凉,1
触觉神经,1
巴士拉,1
复活节岛,1
买露,1
虏获,1
伤手,1
窗让,1
省里,1
红发,1
妈变,1
宴是,1
姚语涵,1
常带,1
春暖,1
它种,1
遮着,1
透不过,1
气不过,1
三座,1
弯不太,1
面才,1
技高一筹,1
离负,1
一丈,1
水冷却,1
安全梯,1
专心致志,1
中央空调,1
宠辱皆忘,1
古木,1
押错,1
以武,1
操作失误,1
样睁大,1
攀龙附凤,1
范像,1
金灿灿,1
刀背,1
操碎,1
咬嘴,1
果有,1
烧沸,1
贵翻,1
灯挂,1
歌掉,1
盲肠,1
伦,1
多堆,1
患过,1
封登当,1
旧用,1
千禧代狠货,1
堆成堆,1
尾形,1
排掉,1
谁种,1
麦琪,1
夜羽色,1
申克灯,1
枪库,1
捣毁,1
已离,1
跟位,1
笔中,1
刺拳,1
埋韵,1
移植,1
边吞着,1
金土,1
凶而,1
沉厚,1
净触,1
信当,1
空洞洞,1
送当,1
投契,1
抗敌,1
国际象棋,1
奇巧,1
探明,1
怎会常,1
伤喉,1
走头,1
真难接,1
满院,1
吻遍,1
缺掉,1
偏少,1
荒楼,1
有捕,1
鱼小虾,1
表怪,1
惊到,1
危重,1
惨重,1
铺梦网,1
我放佛,1
光个膀,1
漏个,1
當做,1
狩猎者,1
混著,1
發揮,1
譜,1
街頭氣,1
詩歌,1
熱愛的,1
飛車,1
獨特,1
風格,1
當時,1
想過,1
配飾,1
換成,1
嘻哈聖經,1
卵击石,1
九五之尊,1
茅台酒,1
假洋,1
锋芒不露,1
苦中,1
冶炼,1
狙往,1
寂让,1
命待,1
中无路,1
骨干力量,1
背中,1
光种,1
感从,1
没滴,1
多厚手,1
悲与痛,1
宮殿,1
交換,1
廢話,1
熱愛沈,1
舉過,1
烏雲籠,1
擡,1
虛,1
偽,1
商業,1
標榜,1
還拿樣,1
夾棒,1
詆毀,1
當面,1
愛喊,1
口號,1
雙標,1
內容全,1
狗當,1
破舊,1
還用,1
小爺,1
澆,1
鼓點,1
專,1
註,1
攪拌,1
頑固,1
發行量,1
了頭,1
幾百萬英,1
鎊,1
答應,1
將永,1
熱淚,1
關上門,1
边为,1
事藏,1
手下败将,1
钠,1
木柴,1
噼啪,1
火势,1
慢是,1
铅弹,1
慢游,1
煽火,1
深于,1
潜水镜,1
浮潜着,1
浮藻,1
凭何,1
因本,1
这罪,1
深解,1
笼来,1
漏点,1
荆芥,1
交递,1
涌出,1
看镜,1
幸苦来,1
更圆,1
朝鲜半岛,1
狗身,1
定式,1
制压,1
播完,1
缺泡儿,1
德拉诺,1
横截,1
五十斤,1
黄牛票,1
净学序,1
度量衡,1
趋光性,1
破伤风,1
十二句,1
技战术,1
后换个,1
桑丘,1
生拉硬拽,1
No.6,1
石器时代,1
润滑,1
紧张感,1
碎纸机,1
当画,1
繁密,1
全记,1
两盏,1
这类,1
水配,1
事宜,1
机制,1
谈判者,1
受大任,1
通风管,1
桌下,1
提问者,1
餐巾纸,1
服务业,1
水族馆,1
尾部,1
No.4,1
合起,1
坐能,1
不关痛痒,1
过供,1
留声器,1
传回,1
煎制,1
略辛,1
練習,1
本尊,1
全押,1
胡适之,1
奸佞,1
立地书橱,1
枝叉,1
纸缝,1
中总有,1
莲子心,1
Prod.2,1
红的铁,1
娼妓,1
当脏,1
提线,1
先代,1
入党,1
旗鼓相当,1
后宫,1
鼓着,1
左中右,1
日产,1
没找,1
划到,1
四百美元,1
齐多,1
云豆,1
其凸,1
凹面镜,1
转念之间,1
钓竿,1
变薄,1
人参果,1
受精卵,1
孵育,1
传多远,1
费愿,1
脸新,1
诸子百家,1
活字印刷,1
故梦为,1
孟婆赠,1
信中,1
娇惯,1
骚乱,1
体会出,1
夜站,1
紧贴在,1
前用,1
正弦波,1
宝盒,1
耳罩,1
炉里,1
炼制,1
引动,1
忆清眸,1
树藤,1
碰系声,1
曲径,1
地骂,1
伤深,1
货仿,1
直乐,1
儿缺,1
烟过,1
鸡犬相闻,1
待触,1
为油,1
航海图,1
河何,1
盘桓,1
为览,1
狭处,1
诡楼,1
面云,1
渴着,1
真短,1
淋完,1
小风,1
用握,1
击伤,1
号数,1
字码,1
刻字,1
炸膛,1
楚国,1
零个,1
拨个,1
没在响,1
小朵,1
披上来,1
躲避不了,1
僵住,1
召选,1
尼桑,1
诱致,1
肯争,1
学八,1
泄欲,1
哪好,1
紧缩着,1
调用,1
掐算,1
找取,1
超纲,1
圈死,1
干冰,1
黑傲,1
取酒,1
点装,1
走通,1
被何,1
武帮,1
江岸,1
个人得失,1
之败,1
攀守,1
推陈出新,1
高层次,1
眼耳口,1
紧有,1
病想,1
霍出,1
克用,1
最衫,1
明日之星,1
多伦多,1
或称,1
玩场,1
斗迪乐,1
庸兵,1
徽记,1
定然,1
身帽,1
闪电战,1
器量,1
杯往,1
知名度,1
佩恩道,1
抢七追,1
头怪,1
留些,1
别来触,1
中华人民,1
武汉市,1
早塞,1
回汉,1
算些,1
场大醉,1
加祸,1
铁桌,1
不兴闷,1
抓伤,1
枇杷,1
霜爱,1
红娘,1
囚房,1
厨师长,1
特美,1
嗅别,1
像海,1
妖塞,1
比杯,1
花母,1
人蛮,1
拐得,1
小丫们,1
完身别,1
刚纹,1
别脱,1
賬戶,1
本直,1
别介,1
啤酒沫,1
信任别人,1
难易度,1
像算雨,1
餘額,1
母胎,1
沒資格給,1
喜貼,1
病會,1
滿足,1
凑足,1
百家姓,1
抛怕,1
真蛮,1
吃翔,1
冒学,1
下子,1
咯人,1
十月底,1
位别,1
下傲傲,1
绕远,1
用酒,1
雄才,1
老陈醋,1
我想亮,1
水藻,1
空子,1
刚别,1
树载,1
潮头,1
自杀式,1
不愿变,1
很过,1
小二给,1
莫忘,1
莫玩,1
一披,1
到司,1
来哈子,1
龟孙,1
嘴讲,1
刮透,1
来博君,1
心关,1
十中,1
八九,1
血气,1
很作,1
交個,1
暂缓,1
楼想,1
鞋有,1
游鬼守,1
走里儿,1
獾,1
跨山,1
讲数,1
血荐轩辕,1
郭子,1
翊,1
安室,1
美惠,1
越想心,1
伤弃,1
无山虎,1
五刀,1
连音,1
手欠,1
鼓锤,1
靠生,1
重锤,1
栓死,1
全哭,1
新配,1
后困,1
太阳宫,1
若涵,1
轰开,1
中外,1
吝惜,1
窗门,1
林夕,1
姑息,1
栽管,1
随消,1
响鼓,1
无山,1
途妙,1
似倒,1
无刀,1
行看,1
追才,1
蓄,1
试乘试驾,1
话匣,1
瓶往,1
下醉,1
更糊,1
求胜心切,1
秉烛,1
炒米,1
再备,1
筋儿,1
美高美,1
乱战,1
零为,1
康斯坦丁,1
无一物,1
她行,1
硝酸,1
别似,1
冰做,1
蓝山,1
深本,1
他行,1
它行,1
听从命令,1
陷牢里,1
变老前,1
长见识,1
掭,1
再述,1
竹榻,1
字栓,1
结婚证,1
样板间,1
进古,1
票名,1
言不顺,1
想装必,1
击球,1
纵伙饭,1
路泽尔,1
老章,1
嗅探,1
恩来,1
那战甲,1
稀碎切,1
叫梁,1
硬硬,1
尿下,1
动弹不得,1
宫花,1
注水,1
惜命,1
服众,1
女性朋友,1
握有,1
还久,1
顺应时代,1
重场,1
戏越,1
拼客,1
自我检讨,1
根剪,1
차,1
卷金,1
万乐体,1
鼻脸,1
见高低,1
验钞机,1
南苑,1
路散,1
个步,1
用妲己,1
一房,1
先弄,1
一矿,1
要重,1
防完,1
兽医,1
防蛋,1
防淡笔,1
多收,1
看灯,1
疼欠,1
很灰当,1
担责,1
挺闲,1
特烦,1
说敢,1
能放,1
兑成,1
费过,1
不官,1
全部记,1
欠条,1
别挂,1
哗哗哗,1
人海想,1
傻举,1
加组,1
完手,1
非来,1
起多活,1
亚比先,1
连上,1
翻道,1
成交额,1
说酷,1
何泽镔,1
阿赖耶识,1
十二宫,1
荒直,1
枪直,1
口刚,1
杀狗窗,1
力闻,1
放上来,1
狂脸,1
这秀,1
跨入,1
没调,1
破伞,1
但生,1
储物柜,1
根和树,1
宝轮,1
打电,1
丧家,1
粗鄙,1
背得动,1
没闲,1
随钱,1
多不缺,1
八六在,1
兰博干,1
干废娘,1
最速,1
我飙,1
中里毅,1
雪碧兑,1
兰博撞,1
废撞,1
喷出来,1
地固,1
干看,1
快衮,1
声滴,1
利大于弊,1
投都,1
削成,1
头化,1
汪澍烨,1
壹佰,1
使用者,1
非盈利,1
柳枝,1
丝线,1
谱架,1
没苦,1
人估,1
估测,1
探底,1
佛道,1
百鸟争鸣,1
个泰森,1
复式楼,1
再差,1
特痛,1
漫威里,1
血上,1
芭蕾舞剧,1
三寸不烂,1
野着,1
收刮,1
赔礼,1
人小,1
机动队,1
柒,1
加个速,1
度刹,1
比除,1
锈痕,1
犯得愁,1
输可,1
拼想,1
亏全,1
冰洞,1
出热,1
慢速,1
马达声,1
犯冲,1
制订,1
一个身,1
位像,1
以此为由,1
茧子,1
刘晓芪,1
玩爆,1
别待,1
头路,1
来尝货,1
我辣,1
相多,1
投吧,1
消气,1
二狗,1
跳笑,1
信任感,1
杠用,1
斑点狗,1
想配,1
太肿,1
报团,1
一花现,1
Whoisno.1,1
称做,1
哥尔,1
罗杰,1
万水,1
这映,1
杨浩给,1
带风秀,1
撞个满怀,1
哎出,1
营儿,1
大莲,1
再娶,1
佟小六,1
灰边,1
五更天,1
细情,1
皮鞭子,1
容情,1
莲妹,1
扑通一声,1
我怨,1
王玮,1
晚春,1
他度,1
酸命,1
令新,1
技看,1
玩得帅,1
木闹,1
靠墙,1
五花肉,1
双剑合,1
货从口,1
郝安剑,1
叨光,1
见影,1
面照,1
三藩市,1
巨忙,1
正对,1
面看,1
雷欧,1
董送,1
轴头,1
瓜场,1
出首烂,1
微博找,1
那页,1
顾里,1
浓眉大眼,1
罗威纳,1
包卫龙,1
阴乐,1
乐看,1
垮客,1
释迦牟尼,1
怂币,1
面如土色,1
伦纳德,1
收鞘,1
许宏阳母,1
破坏神,1
华夫饼,1
牌别,1
没设,1
值见底,1
霰弹枪,1
飘带,1
血条,1
聚能,1
炮身,1
昼伏夜出,1
追踪者,1
攻代守,1
如坐针毡,1
临界值,1
围个,1
巴拿马运河,1
面全认,1
范玮琪,1
鞋墙,1
人之师,1
龙潭,1
金苹果,1
克里特,1
休斯,1
事倍,1
功半,1
同犯,1
头盖,1
掳走,1
潘神,1
棄屍,1
河邊,1
園,1
禁藥,1
緬甸人,1
奥菲利,1
阿伦,1
狗币,1
逼鸡姆,1
各怀,1
黑特前,1
洁身自好,1
这四将,1
撞骗,1
多如,1
无济于事,1
锤锤墙,1
群起攻之,1
连正眼,1
始足于,1
铃笛,1
品丝滑,1
伪军,1
昆特,1
活得久,1
惡夢,1
满盘,1
以赛,1
亚书,1
旧约,1
抽屉锁,1
进键,1
阿甘,1
再肉,1
艾四比,1
吻上了,1
赢真,1
玩地,1
越激,1
终见,1
半毛美,1
乖乖仔,1
易装,1
别系,1
对飙,1
费拉杜,1
债花,1
夸当,1
加诸,1
加首,1
穆赫兰道,1
带药,1
坐姿,1
紧急制动,1
五魂,1
生祭,1
蹿红,1
化学武器,1
压路机,1
打用,1
诺斯,1
感到痛心,1
尽新出,1
瘦宅变,1
奥能,1
迸溅,1
艳得,1
废柴们,1
无可否认,1
伽马射线,1
反粒子,1
科洛弗,1
磨到,1
飞烟,1
再试一次,1
百炼钢,1
多维,1
冷葬,1
方唐镜,1
戏能,1
劣根性,1
死斗,1
或否,1
你方,1
抛离,1
万伏,1
超导体,1
肺泡,1
酗着,1
背旧,1
法拉,1
擦除,1
文辛,1
倍镜,1
一五一十,1
胰岛腺,1
走前,1
镜面反射,1
房號,1
兔洞,1
但省,1
放取,1
爆了体,1
飱,1
降临到,1
进食,1
于赫子,1
连爱,1
贱种,1
没字,1
很匪,1
大清国,1
蛾子,1
挫骨扬灰,1
狠起来,1
稀得,1
激,1
减七,1
潘忙,1
主义者,1
此路,1
异能,1
零去,1
日夜兼程,1
玩花样,1
无本万利,1
笔一,1
总该会,1
伯德,1
增殖,1
愤世,1
手头上,1
官当,1
变库,1
赫子,1
剑盾,1
四十米,1
调快,1
真太,1
一平,1
招总招,1
搭拉,1
各大夜,1
店装,1
前田龙,1
心胸狭窄,1
气冲冲,1
进出口,1
歌吃坏,1
开模,1
挂牌,1
皮乱,1
概念车,1
来闻,1
超对,1
小安迪溅,1
착,1
干大村,1
哭怕,1
罗伯特,1
霍里,1
界定,1
想太远,1
戏太辣,1
拖倒,1
十夜,1
四战之地,1
第一夜,1
诫,1
鼠标垫,1
会脏,1
三架,1
梦关,1
小箱子,1
转酸,1
請將,1
多选题,1
钢柱,1
赃物,1
爱靠,1
2.14,1
删档,1
粉状,1
坐北朝南,1
急不可耐,1
墙点,1
装象,1
个八教,1
唱爱,1
恐怖感,1
胖头陀,1
败下,1
布劳恩,1
长埋,1
动物群,1
紧拥,1
墳前,1
並列,1
母體,1
不屬,1
玛门,1
牺牲者,1
位氧,1
不洁,1
畏罪,1
惴惴不安,1
鼠目寸光,1
三百米,1
图笑,1
这纯血,1
放料,1
Prod.5,1
瓜岛,1
西放,1
资本积累,1
阿拉斯加,1
金属色,1
新宠,1
半宅,1
晚醒,1
繁冗,1
晚班,1
有电,1
三对,1
我杯,1
再来首,1
黯灭,1
吞服,1
白玫瑰,1
我无上,1
空掉,1
派本,1
港废青,1
核污染,1
屠掠,1
传道授业,1
政纸,1
片义,1
藏雷,1
洋屁,1
总唱,1
姜尚,1
看新唐,1
布鲁塞尔,1
之狗,1
怂包,1
海勒,1
姬发,1
一晒,1
可站,1
铁笼子,1
坦克团,1
狂巴,1
范拿,1
早死,1
就地取材,1
万艾可,1
拜帖,1
买碟,1
先治,1
全放,1
往酱,1
多试,1
威码,1
洛馍,1
开耍,1
烤炉,1
我洋妈,1
恁家办,1
割痛,1
通网,1
加塞儿,1
上单,1
桌老,1
白顺,1
火烦,1
儿乌,1
镇晚,1
那人肉,1
儿一问,1
那加,1
气烦,1
一地烦,1
不种,1
长传,1
捉钱,1
上削,1
Ǚ,1
辣椒油,1
抨,1
野汉见,1
耍滴,1
社过,1
按用,1
批干奏,1
怂肉开,1
连马,1
下豆,1
达们,1
一溜烟儿,1
全刀,1
越富,1
白觉,1
有多狂,1
怪洋,1
唛,1
排外,1
褶要,1
我野,1
表活,1
急慌个,1
碰拳,1
正太,1
像命,1
内马尔,1
斗不提,1
模儿,1
北街,1
定门,1
内畜,1
破楼,1
咋活,1
支招儿,1
离细,1
歌动,1
中间体,1
通美住,1
办卡套,1
挣木有,1
卜小,1
刘京,1
河南坠子,1
还娘,1
开嫩哥,1
问嫩,1
听乏,1
觉住,1
可牙,1
听白,1
不溜怨,1
嫩三叔,1
二姨,1
材坏,1
乏话,1
年落,1
多牙多炸,1
遭点,1
最慢,1
演狗,1
杂役,1
人都整,1
邹了,1
到货,1
茶鸡蛋,1
光肚儿,1
恁算个,1
硫磺,1
完醋,1
吸十渠,1
毛尖,1
吊杏,1
表舅,1
天凉嫩,1
喽小们,1
袖长,1
精神衰弱,1
薛核,1
醭,1
抱团儿,1
认扇,1
咱亮,1
拍二别,1
打勤,1
粘板,1
李玥,1
颖,1
何柳,1
那梦中,1
起烟纸,1
笔要,1
专给,1
爱带,1
咱约,1
哈能,1
怨嫩娘,1
过人白,1
一凡儿,1
滴哈,1
给爷,1
胡扎势,1
秀不秀,1
脚朝,1
别太张,1
贾焱祺,1
鲫鱼,1
俺伯,1
乖能,1
带手,1
改吃,1
半瓶子晃荡,1
窟窿眼,1
发上,1
咱好,1
猴点,1
达到高潮,1
放电影,1
布莱鸡,1
耕着,1
地新,1
放倒,1
多播,1
示例,1
一路行,1
延,1
纷说,1
这淡定,1
购币,1
咱少,1
小夜曲,1
儿屁,1
维尼,1
白弄,1
洋车,1
蹴鞠,1
两弹,1
响器,1
中不溜,1
灌瓶,1
黑方,1
气水,1
星火计划,1
变牛,1
驾用,1
捂面,1
强欢,1
奇袭,1
容光焕发,1
攀到,1
愿会,1
触目,1
当床,1
不真,1
见光,1
泰迪法,1
斗和京,1
巴安,1
戏精们,1
巨鹿路,1
小九,1
四重奏,1
刺龙兽,1
天日,1
飞土,1
连楼,1
冲入,1
中文网,1
越晚,1
翻番,1
难演,1
踏不出,1
代练,1
超炫,1
燥遍,1
水族箱,1
作走,1
打退,1
开小灶,1
历史课,1
越炸越,1
渣渣辉,1
资不抵债,1
亿齐,1
碰碰运气,1
大迪,1
四桥,1
郸城县,1
声信,1
妻奴,1
三轮儿,1
太臭,1
有表,1
挂批,1
大迪哟,1
甜汤,1
蝈,1
油茶,1
四家,1
学不懂学,1
河南人,1
逍遥镇,1
生陕,1
信阳,1
能充,1
萎了,1
光对,1
白装,1
那练,1
豆好,1
显不着,1
犯膈,1
惯嫩,1
白慌白,1
兔孙,1
对大笛,1
杏,1
高装,1
烧包,1
杂菜,1
不照,1
忿儿,1
邓州,1
求货,1
咯想,1
陕西人,1
点脏,1
恒吉,1
你川,1
纯喊,1
罗当,1
如临,1
郑县,1
闯北当,1
烟烟,1
眼眼眼,1
赖缝,1
顶管,1
孙来,1
来赛,1
我日,1
全换,1
清道夫,1
一顺儿,1
金盒,1
白招,1
没嫩,1
楷猫,1
抗倒伏,1
无货,1
褶,1
喝蜜雪,1
俩对,1
哥光,1
狱警,1
相照,1
可铁,1
剩半旯,1
大肠,1
哪多,1
太多得,1
唱该,1
认假,1
经梁,1
皇忏,1
观音殿,1
善念荣名,1
厚利,1
何能,1
为力,1
为期,1
法如,1
莫强,1
难易,1
惰怠,1
旷废,1
意转,1
心迷,1
药师,1
办道,1
正见,1
净手,1
继一波,1
一浪面,1
入山,1
如不动,1
无补,1
凡圣,1
病者,1
思当思,1
难察伸,1
猿伏,1
神闲行,1
意马,1
收来,1
归须,1
看茗闻,1
一暴十寒,1
名挂,1
能静全,1
其何心,1
披毛,1
带角,1
恶道,1
正法,1
剃发,1
染衣,1
知少,1
来须,1
惶悚,1
抄经,1
仙宫,1
莲海,1
燃灯,1
似是而非,1
仙语,1
成空过,1
省前,1
执担,1
知律,1
八万四千,1
法一,1
二三十年,1
犹未晚,1
慎之又慎,1
易见,1
法难施,1
各舍,1
生大,1
日一晌,1
一厌,1
一恋字,1
各虚,1
其心,1
邪解,1
正知,1
祁涵,1
再聊,1
漫天遍地,1
声哥,1
让我学,1
懂哥学,1
破字,1
威斯汀,1
赔不起,1
琼斯,1
钻得,1
惡口,1
玻璃罩,1
刷白,1
染花,1
异父,1
异母,1
碧奇,1
小卡,1
独清,1
龙画虎,1
给晃断,1
你会划,1
没地,1
活祭,1
劳破,1
那缕,1
摇落,1
藏虎,1
铁匠,1
减倍,1
安德尔,1
咯超,1
路易十三,1
山度,1
士百达,1
前儿,1
一爸,1
瞎替,1
得点,1
庙门,1
针用,1
针無念,1
合气,1
蒙钱,1
百千万亿,1
有声有色,1
癔症,1
中梦秋,1
吹胡子瞪眼,1
睛,1
昏蒙蒙,1
夜梦中,1
皇皇,1
闲闲间,1
游上,1
断魂,1
空空空,1
同六耳,1
张瓷,1
拿本儿,1
地作,1
可换,1
财迷心窍,1
滔滔不竭,1
家刚,1
顽,1
切乱定,1
独卧,1
泰然自若,1
混身,1
找门路,1
一念守,1
虚声,1
识辨,1
任选,1
胎母,1
罗鼠,1
心穿,1
干雨,1
干痞,1
纳菲雅,1
饭分,1
吴泽均,1
灌毒,1
你许,1
聚焦点,1
嘿塔,1
最吵,1
阿狗,1
追女孩,1
棉帽,1
签下来,1
菱别,1
首新,1
开五,1
母夜叉,1
雪铁龙,1
卅,1
好大个,1
赢气,1
采买,1
服装品牌,1
锡安,1
累谢,1
太嘻哈,1
处得,1
恩佐,1
浙沪,1
科迈罗,1
龟儿子,1
土中,1
抄不谢,1
旋旋,1
十几份,1
力压,1
龙隐,1
洞天,1
狂涛,1
寒毛,1
邵钎,1
能止,1
挤挤,1
忌世,1
恶俗,1
各有不同,1
碰到困难,1
混恶,1
脑补戏,1
投球,1
游龙飞,1
招站,1
降妖,1
多弗朗明,1
餐盘,1
考人用,1
钉锤,1
顶太满,1
橡皮擦,1
缝住,1
明戈上,1
魔用,1
波塞冬,1
东方仗助,1
八发,1
猎头,1
越花,1
阔刀伏,1
打儿,1
碾到,1
咋信,1
恩能,1
于物,1
百尺,1
高杆,1
之隐,1
修瞎练,1
省悟,1
烟香起,1
儿迷,1
接来,1
禅语,1
大心,1
尖端科技,1
无不及,1
常沉,1
阴极,1
不物,1
归真,1
居万幻,1
慎独,1
耐住,1
打洞,1
层出不穷,1
肉点,1
已去,1
知行合一,1
一则以喜,1
能伸能屈,1
一则以惧,1
至乐,1
乐至,1
誉无所誉,1
天古,1
最极,1
生阳美,1
生害,1
马云连,1
善为,1
不怠,1
肝经,1
宣化,1
独运心,1
触其,1
交枪天,1
屁快,1
呼着,1
大打,1
哈切,1
梦加,1
特不,1
土黑,1
娃土,1
林换,1
脾经,1
运化,1
先止,1
全疯,1
火就流,1
儿画,1
数数儿,1
兴云吐,1
青雾,1
不藏,1
太特,1
胃经,1
木魚,1
汤活,1
火蛇,1
议,1
有后,1
肾经,1
李绮琪,1
夏奇拉,1
法没人,1
被拉住,1
崔巨帅,1
乐在,1
心发,1
自黑,1
上哈上,1
黏了,1
栩栩如生,1
靛蓝色,1
变软,1
三岛,1
由纪夫,1
夏目漱石,1
互夸,1
螺钉,1
魔性,1
命龙泽宇,1
大批,1
情人眼里出西施,1
刹手,1
泰兰词,1
芭提雅,1
累字,1
都市生活,1
配做,1
罗迪,1
艾斯比,1
微红,1
双颊,1
只想活,1
迅雷,1
却亮,1
牟,1
枸,1
个宁,1
与己,1
得闭,1
气心,1
几具,1
琼浆玉液,1
快让开,1
必倒,1
挑顶,1
功法,1
先神,1
层往,1
烘云托,1
切发,1
有利于,1
棚当,1
纸钞,1
哪分,1
学拿去,1
过轻,1
玩想,1
艾米丽,1
痛哈,1
越硬,1
能及,1
所得税,1
2%,1
YouknowthatSoweare2%,1
弟龙泽宇,1
够样,1
独立团,1
整幅,1
母零,1
在勒片,1
五杆,1
百孔千疮,1
伤坏,1
全文,1
最出色,1
我唱个,1
皮克,1
止疼,1
造出来,1
机朝,1
三枚,1
撒蛋,1
欠到,1
像克,1
苏鲁,1
都构,1
防御工事,1
台秀,1
三先,1
蓝翔学,1
推去,1
五光十色,1
杯沙冰,1
妹果,1
儿童音乐,1
或事,1
焦灰,1
希姆莱,1
燃路,1
夏流,1
争不完,1
被动式,1
脓疮,1
楼生,1
恋要,1
朦军,1
核电站,1
电开,1
移为,1
弹屠,1
光马,1
精炸,1
空气清新,1
弹回,1
小半,1
齐备,1
现写,1
必备品,1
当常伴,1
痛人,1
买遍,1
厚力,1
weare2%,1
我爱个,1
对水,1
幅画,1
命之星,1
用何,1
飘用,1
歪人快,1
打照面,1
印染,1
キ,1
流好,1
脱得光,1
助跑,1
祸事,1
活丝,1
哈维,1
全村,1
老小,1
曹云金,1
文丑,1
先快,1
太可气,1
头来,1
五大,1
歌太,1
滚走,1
晾起,1
湖到,1
继母,1
办白事,1
落降,1
一沉,1
铿锵有力,1
零元,1
钝,1
寸寸寸爷,1
那拳,1
暴火,1
遭忧,1
蒙鼓里,1
再离,1
艘,1
了无生趣,1
吓怕,1
陡坡,1
土沟,1
风先,1
爸接,1
流一滩,1
游凤,1
六小龄童,1
叫准,1
集覃,1
摄影棚,1
门关,1
板下,1
波小,1
观赏性,1
完就萎,1
后扎稳,1
牧歌,1
顺下,1
阿狂,1
歌太顶,1
摔成,1
解释权,1
跃然纸上,1
组吃,1
没练会,1
连想,1
发小升,1
上算,1
学不透,1
残羹剩饭,1
挑根,1
外贸,1
局弟,1
中弟,1
我句,1
秋瑾,1
响响,1
阿尔勒,1
鹅卵石,1
遗传病,1
易燃易爆,1
音源,1
不太顶,1
脸带,1
低人,1
林则,1
无极限,1
丐版,1
歌得,1
浓咖啡,1
多米尼加,1
互融,1
天乔峰,1
梦姑,1
小龙女,1
每加,1
画蛇添足,1
汉的族宗,1
哥出,1
书名,1
욕,1
깨,1
끗,1
님,1
입,1
껏,1
악,1
싫,1
밑,1
본,1
밥,1
커,1
덩,1
싸,1
훨,1
씬,1
쟤,1
범,1
앨,1
闪痛,1
比吹,1
顾左右而言他,1
面数,1
鞋面,1
無视,1
折个,1
苍忙,1
키,1
人心惶惶,1
婊人,1
苦是,1
丙督,1
냈,1
판,1
밝,1
빨,1
救起,1
쳤,1
箭靶,1
去拉满,1
虚发,1
咖叫,1
星莫法,1
敞,1
印嘛,1
当主,1
直在,1
光与影,1
可视,1
留连,1
佛耶戈般,1
百年孤独,1
踏空,1
次学,1
땡,1
뿌,1
닥,1
탈,1
암,1
잊,1
접,1
쥐,1
패,1
파,1
쉬,1
써,1
땅,1
맵,1
표,1
천,1
테,1
虎胆龙威,1
